Brand_ID,Brand_Name,Type,Dosage_Form_ID,Generic_ID,Strength,Manufacturer_ID
1,1stCef,allopathic,2,299,500 mg,136
2,3Bion,allopathic,92,,100 mg+200 mg+200 mcg,114
3,3-C,allopathic,2,304,200 mg,67
4,3-C,allopathic,2,304,400 mg,67
5,3-C,allopathic,75,304,100 mg/5 ml,67
6,3D,allopathic,2,410,20000 IU,114
7,3D,allopathic,2,410,40000 IU,114
8,3-F,allopathic,92,945,500 mg,67
9,3-Geocef,allopathic,2,304,200 mg,98
10,3-Geocef,allopathic,75,304,100 mg/5 ml,98
11,3RD Cef,allopathic,75,304,100 mg/5 ml,136
12,3RD Cef,allopathic,92,304,200 mg,136
13,3RD Cef,allopathic,92,304,400 mg,136
14,5 FU PhaRes,allopathic,39,666,25 mg/ml,176
15,5-Fluril,allopathic,39,666,25 mg/ml,225
16,5X,allopathic,92,1632,30 mg,196
17,AB Kit,allopathic,92,1066,200 mg+200 mcg,196
18,A-B1,allopathic,92,1572,100 mg,4
19,Abac,allopathic,2,321,500 mg,48
20,Abac,allopathic,72,321,125 mg/1.25 ml,48
21,Abac,allopathic,75,321,125 mg/5 ml,48
22,Abaclor,allopathic,2,298,250 mg,2
23,Abaclor,allopathic,2,298,500 mg,2
24,Abaclor,allopathic,72,298,125 mg/1.25 ml,2
25,Abaclor,allopathic,75,298,125 mg/5 ml,2
26,Abacten,allopathic,75,142,200 mg/5 ml,24
27,Abacten,allopathic,92,142,500 mg,24
28,Abasaglar,allopathic,80,837,100 IU/ml,71
29,Abasaglar,allopathic,80,837,100 IU/ml,71
30,Abdolax,allopathic,69,1486,5 mg/5 ml,106
31,Abdolax,allopathic,92,1486,10 mg,106
32,Abdorin,allopathic,91,499,10 mg/5 ml,165
33,Abdorin,allopathic,92,499,10 mg,165
34,AB-DS,allopathic,9,34,400 mg,187
35,Abecab,allopathic,92,85,5 mg+20 mg,2
36,Abecab,allopathic,92,85,5 mg+40 mg,2
37,Abeclib,allopathic,92,3,200 mg,73
38,Aben-DS,allopathic,9,34,400 mg,224
39,Abentel,allopathic,9,34,400 mg,25
40,Abetis,allopathic,92,1193,10 mg,2
41,Abetis,allopathic,92,1193,20 mg,2
42,Abetis,allopathic,92,1193,40 mg,2
43,Abetis Plus,allopathic,92,1194,20 mg+12.5 mg,2
44,Abetis Plus,allopathic,92,1194,40 mg+12.5 mg,2
45,Abex,allopathic,91,1344,(30 mg+100 mg+1.25 mg)/5 ml,105
46,Abicon,allopathic,70,1464,(500 mg+100 mg)/5 ml,101
47,Abiret,allopathic,92,5,250 mg,66
48,Abixa,allopathic,92,1025,10 mg,2
49,ABO Kit,allopathic,92,1066,200 mg+200 mcg,89
50,Abolib,herbal,2,718,60 mg,233
51,ABpres,allopathic,62,219,0.2%+0.5%,150
52,Absol,allopathic,91,1419,2 mg/5 ml,181
53,AC PR,allopathic,92,9,100 mg,173
54,A-Cal,allopathic,92,253,500 mg,4
55,A-Cal D,allopathic,92,257,500 mg+200 IU,4
56,A-Cal DX,allopathic,92,257,500 mg+400 IU,4
57,A-Calm,allopathic,92,1597,50 mg,4
58,A-Card,allopathic,92,869,20 mg,4
59,A-Care,allopathic,92,178,6 mg+200 mg+50 mg,26
60,Acaril,allopathic,92,8,50 mg,226
61,Accolate,allopathic,92,1693,20 mg,28
62,Accuzith,allopathic,75,142,200 mg/5 ml,60
63,Accuzith,allopathic,92,142,500 mg,60
64,Ace,allopathic,70,1238,120 mg/5 ml,217
65,Ace,allopathic,72,1238,80 mg/ml,217
66,Ace,allopathic,89,1238,125 mg,217
67,Ace,allopathic,89,1238,250 mg,217
68,Ace,allopathic,89,1238,500 mg,217
69,Ace,allopathic,91,1238,120 mg/5 ml,217
70,Ace,allopathic,92,1238,500 mg,217
71,Ace Plus,allopathic,92,1240,500 mg+65 mg,217
72,Ace Power,allopathic,92,1238,1000 mg,217
73,Ace XR,allopathic,96,1238,665 mg,217
74,Acebid,allopathic,92,9,100 mg,31
75,Acecard,allopathic,92,1364,1.25 mg,101
76,Acecard,allopathic,92,1364,2.5 mg,101
77,Acecard,allopathic,92,1364,5 mg,101
78,Aceclof,allopathic,92,9,100 mg,186
79,Aceclofen,allopathic,92,9,100 mg,27
80,Aceclora,allopathic,92,9,100 mg,134
81,Acecol,allopathic,92,9,100 mg,240
82,Acedol,allopathic,92,9,100 mg,53
83,Acedol SR,allopathic,100,9,200 mg,53
84,Acedone-Z,allopathic,9,57,250 mg+400 mg,239
85,Acedone-Z Plus,allopathic,9,58,400 mg+400 mg+30 mg,239
86,Acedone-Z Plus,allopathic,70,58,(400 mg+400 mg+30 mg)/5 ml,239
87,Acefenac,allopathic,92,9,100 mg,84
88,Acefra,allopathic,2,321,500 mg,21
89,Acefra,allopathic,75,321,125 mg/5 ml,21
90,Acegic,allopathic,92,9,100 mg,32
91,Acelex,allopathic,2,320,250 mg,4
92,Acelex,allopathic,2,320,500 mg,4
93,Acelex,allopathic,72,320,125 mg/1.25 ml,4
94,Acelex,allopathic,75,320,125 mg/5 ml,4
95,Acelock,allopathic,92,9,100 mg,42
96,Acelon,allopathic,92,9,100 mg,46
97,Acemox,allopathic,92,12,250 mg,4
98,Acenac,allopathic,92,9,100 mg,135
99,Acenopan,allopathic,92,9,100 mg,199
100,Acep,allopathic,70,1238,120 mg/5 ml,239
101,Acep,allopathic,72,1238,80 mg/ml,239
102,Acep,allopathic,92,1238,500 mg,239
103,Acep Plus,allopathic,92,1240,500 mg+65 mg,239
104,Acepril,allopathic,92,968,10 mg,66
105,Acepril,allopathic,92,968,5 mg,66
106,Acepro,allopathic,92,9,100 mg,226
107,Aceptin-R,allopathic,92,1368,150 mg,26
108,Aceril,allopathic,92,1364,2.5 mg,105
109,Aceril,allopathic,92,1364,5 mg,105
110,Acerux,allopathic,11,21,5% w/w,165
111,Acerux,allopathic,37,18,250 mg/vial,165
112,Acerux,allopathic,37,18,500 mg/vial,165
113,Acerux,allopathic,61,19,3%,165
114,Acerux,allopathic,70,20,200 mg/5 ml,165
115,Acerux,allopathic,92,20,200 mg,165
116,Acerux,allopathic,92,20,400 mg,165
117,Acerux,allopathic,92,20,800 mg,165
118,Acerux-H,allopathic,11,22,5%+1%,165
119,Aces Plus,allopathic,92,1524,,16
120,Aceta,allopathic,70,1238,120 mg/5 ml,37
121,Aceta,allopathic,92,1238,500 mg,37
122,Aceta Extend,allopathic,96,1238,665 mg,37
123,Aceta One,allopathic,92,1238,1000 mg,37
124,Aceta-PD,allopathic,72,1238,80 mg/ml,37
125,Aceta-T,allopathic,92,,325 mg+37.5 mg,37
126,Aceta-X,allopathic,92,1240,500 mg+65 mg,37
127,Aceten,allopathic,16,13,100 mg/sachet,73
128,Aceten,allopathic,18,13,600 mg,73
129,Aceto,allopathic,92,1238,500 mg,194
130,Acetor,allopathic,92,280,25 mg,66
131,Acetram,allopathic,92,,325 mg+37.5 mg,217
132,ACF,allopathic,92,9,100 mg,61
133,Acflam,allopathic,92,9,100 mg,21
134,ACI ORS,allopathic,67,1205,10.25 gm,2
135,ACI ORS Fruity,allopathic,67,1204,,2
136,Acicaft,allopathic,62,36,0.25%,2
137,Acical,allopathic,92,253,500 mg,2
138,Acical JR,allopathic,9,253,250 mg,2
139,Acical-C,allopathic,18,264,1000 mg+327 mg+500 mg,2
140,Acical-D,allopathic,92,257,500 mg+200 IU,2
141,Acical-DX,allopathic,18,257,600 mg+400 IU,2
142,Acical-M,allopathic,92,258,,2
143,Acical-MX,allopathic,18,258,,2
144,Aciclon,allopathic,61,19,3%,195
145,Acicot,allopathic,62,471,0.10%,2
146,Acidron,allopathic,37,1705,4 mg/5 ml,2
147,Acidrox M,allopathic,9,996,400 mg,223
148,Acifix,allopathic,4,1358,20 mg,35
149,Acifix,allopathic,95,1358,20 mg,35
150,Aciflox,allopathic,92,1500,200 mg,2
151,Acilog,allopathic,80,1340,100 IU/ml,2
152,Acilog,allopathic,80,1340,100 IU/ml,2
153,Acilog Mix,allopathic,80,203,30%+70%,2
154,Acilog Mix,allopathic,80,203,30%+70%,2
155,Acin,allopathic,91,1368,75 mg/5 ml,37
156,Acin,allopathic,92,1368,150 mg,37
157,Acipam,allopathic,92,583,10 mg,105
158,Acipam,allopathic,92,583,5 mg,105
159,Aciphin,allopathic,24,315,1 gm/vial,2
160,Aciphin,allopathic,24,315,250 mg/vial,2
161,Aciphin,allopathic,24,315,500 mg/vial,2
162,Aciphin,allopathic,38,315,1 gm/vial,2
163,Aciphin,allopathic,38,315,250 mg/vial,2
164,Aciphin,allopathic,38,315,2 gm/vial,2
165,Aciphin,allopathic,38,315,500 mg/vial,2
166,Acitrin,allopathic,72,324,2.5 mg/ml,2
167,Acitrin,allopathic,91,324,5 mg/5 ml,2
168,Acitrin,allopathic,92,324,10 mg,2
169,Acitrin-L,allopathic,69,939,2.5 mg/5 ml,2
170,Acitrin-L,allopathic,92,939,5 mg,2
171,Aclasta,allopathic,37,1706,5 mg/100 ml,206
172,Aclene,allopathic,11,24,0.10%,66
173,Aclene Plus,allopathic,22,25,0.1%+2.5%,66
174,Aclitol,allopathic,28,16,400 mcg+12 mcg,217
175,Acliz,allopathic,9,1015,50 mg,25
176,Acliz Plus,allopathic,92,1014,25 mg+50 mg,25
177,Aclo,allopathic,92,9,100 mg,9
178,Aclobet,allopathic,11,382,0.05%,4
179,Aclobet,allopathic,58,382,0.05%,4
180,Aclobet-N,allopathic,11,383,(0.5 mg+5 mg+1 Lac IU)/gm,4
181,Aclobet-N,allopathic,58,383,(0.5 mg+5 mg+1 Lac IU)/gm,4
182,Aclonac,allopathic,92,9,100 mg,180
183,Aclopain,allopathic,92,9,100 mg,114
184,Aclosol,allopathic,11,382,0.05%,5
185,Aclovix,allopathic,92,9,100 mg,8
186,A-Clox,allopathic,2,401,500 mg,4
187,A-Clox,allopathic,30,401,250 mg/vial,4
188,A-Clox,allopathic,30,401,500 mg/vial,4
189,A-Clox,allopathic,75,401,125 mg/5 ml,4
190,Acmecilin,allopathic,2,93,250 mg,4
191,Acmecilin,allopathic,30,93,250 mg/vial,4
192,Acmecilin,allopathic,30,93,500 mg/vial,4
193,Acmecilin,allopathic,70,93,125 mg/5 ml,4
194,Acmegra,allopathic,92,1455,100 mg,4
195,Acmegra,allopathic,92,1455,25 mg,4
196,Acmegra,allopathic,92,1455,50 mg,4
197,Acme's Basok,herbal,91,767,,4
198,Acme's Chyabanprash,herbal,70,551,,4
199,Acme's Dextrose,allopathic,37,487,5%,4
200,Acme's Dextrose DS,allopathic,37,487,10%,4
201,Acme's DNS,allopathic,37,1471,0.9%+5%,4
202,Acme's Hartmann Solution,allopathic,37,758,,4
203,Acme's Mannitol,allopathic,37,1005,20%,4
204,Acme's Milk of Magnesia,allopathic,70,998,400 mg/5 ml,4
205,Acme's ORS,allopathic,67,1205,13.95 gm,4
206,Acme's Spirulina,herbal,2,1504,450 mg,4
207,Acmina,herbal,91,,,4
208,ACN,allopathic,92,9,100 mg,141
209,Acne-Aid,allopathic,42,1521,2%,88
210,Acne-Aid,allopathic,46,1521,6.30%,88
211,Acnegel,allopathic,22,25,0.1%+2.5%,4
212,Acnesone,allopathic,22,444,7.50%,106
213,A-Cof,allopathic,91,484,(10 mg+30 mg+1.25 mg)/5 ml,4
214,A-Cold,allopathic,91,227,4 mg/5 ml,4
215,Acora,allopathic,92,1578,90 mg,2
216,Acorex,allopathic,91,66,15 mg/5 ml,20
217,Acos,allopathic,75,142,200 mg/5 ml,191
218,Acos,allopathic,92,142,500 mg,191
219,Acryth,allopathic,75,580,125 mg/5 ml,143
220,Act,allopathic,70,1238,120 mg/5 ml,16
221,Act,allopathic,72,1238,80 mg/ml,16
222,Act,allopathic,92,1238,500 mg,16
223,Act Plus,allopathic,92,1240,500 mg+65 mg,16
224,Actemra,allopathic,37,1591,200 mg/10 ml,200
225,Actemra,allopathic,37,1591,400 mg/20 ml,200
226,Actemra,allopathic,37,1591,80 mg/4 ml,200
227,Actemra,allopathic,80,1591,162 mg/0.9 ml,200
228,Acteria,herbal,2,1323,4 billion,190
229,Acteria,herbal,67,1323,4 billion/sachet,190
230,Acticol,allopathic,91,66,15 mg/5 ml,88
231,Actidex,allopathic,92,476,25 mg,106
232,Actifast,allopathic,92,896,10 mg,114
233,Actilac,allopathic,69,911,3.35 gm/5 ml,101
234,Actilyse,allopathic,37,54,1 mg/1 ml,39
235,ActiMom,allopathic,92,1107,,161
236,Actisal,allopathic,91,950,1 mg/5 ml,212
237,Actisal,allopathic,92,950,1 mg,212
238,Activa,allopathic,92,1455,100 mg,173
239,Activa,allopathic,92,1455,50 mg,173
240,Active Plus,allopathic,92,178,6 mg+200 mg+50 mg,226
241,Activit Gold,allopathic,92,1100,,62
242,Activit Silver,allopathic,92,1103,,62
243,Activit Z,allopathic,91,1671,,62
244,Activit ZI,allopathic,91,861,,62
245,Actizen,allopathic,91,324,5 mg/5 ml,16
246,Actizen,allopathic,92,324,10 mg,16
247,Actol,allopathic,70,1238,120 mg/5 ml,215
248,Actolin,allopathic,91,1419,2 mg/5 ml,89
249,Actolin,allopathic,92,1419,4 mg,89
250,Actomeg,allopathic,92,1282,15 mg+500 mg,229
251,Actomeg,allopathic,92,1282,15 mg+850 mg,229
252,Actose,allopathic,92,1280,15 mg,229
253,Actose,allopathic,92,1280,30 mg,229
254,Actrapid,allopathic,80,839,100 IU/ml,73
255,Actrapid,allopathic,80,839,40 IU/ml,73
256,Actrapid FlexPen,allopathic,80,839,100 IU/ml,159
257,Actrapid Penfill,allopathic,80,839,100 IU/ml,159
258,Actrim,allopathic,70,1520,(200 mg+40 mg)/5 ml,89
259,Actrim-DS,allopathic,92,1520,800 mg+160 mg,89
260,Actulose,allopathic,69,911,3.35 gm/5 ml,212
261,Acubis,allopathic,92,208,2.5 mg,53
262,Acubis,allopathic,92,208,5 mg,53
263,Acudipin,allopathic,92,81,5 mg,53
264,Acudipin Plus,allopathic,92,82,5 mg+50 mg,53
265,Acunac,allopathic,62,226,0.09%,84
266,Acupain,allopathic,26,896,30 mg/ml,31
267,Acupain,allopathic,92,896,10 mg,31
268,Acuren,allopathic,92,781,25 mg,106
269,Acuren,allopathic,92,781,50 mg,106
270,Acusan,allopathic,92,982,50 mg,53
271,Acusan Plus,allopathic,92,983,50 mg+12.5 mg,53
272,Acyvir,allopathic,37,18,250 mg/vial,25
273,Acyvir,allopathic,37,18,500 mg/vial,25
274,Acyvir,allopathic,61,19,3%,25
275,Adaben Duo,allopathic,22,25,0.1%+2.5%,106
276,Adafil,allopathic,92,1532,10 mg,35
277,Adafil,allopathic,92,1532,20 mg,35
278,Adagel Plus,allopathic,22,25,0.1%+2.5%,229
279,Adair,allopathic,92,1402,500 mcg,2
280,Adalimab,allopathic,80,23,40 mg/0.8 ml,101
281,Ad-All,allopathic,2,856,,5
282,Adam 33,allopathic,92,1311,20 mg,161
283,Adam 33,allopathic,92,1311,5 mg,161
284,Adapel,allopathic,11,24,0.10%,101
285,Adarbi,allopathic,92,140,40 mg,155
286,Adarbi,allopathic,92,140,80 mg,155
287,Adcal D,allopathic,92,257,500 mg+200 IU,18
288,Adcovit,allopathic,91,1669,,224
289,Adebrox,allopathic,91,66,15 mg/5 ml,221
290,Adecard,allopathic,38,27,6 mg/2 ml,185
291,Adecef,allopathic,2,321,500 mg,221
292,Adecef,allopathic,75,321,125 mg/5 ml,221
293,Adecef DS,allopathic,75,321,250 mg/5 ml,221
294,Adecin,allopathic,92,364,500 mg,221
295,Adegra,allopathic,92,1455,25 mg,2
296,Adegra,allopathic,92,1455,50 mg,2
297,Adegut,allopathic,70,524,5 mg/5 ml,221
298,Adegut,allopathic,92,524,10 mg,221
299,Adelax,allopathic,92,669,0.5 mg+10 mg,2
300,Adempa,allopathic,92,556,10 mg,229
301,Adempa,allopathic,92,556,25 mg,229
302,Adetil,allopathic,92,316,250 mg,221
303,Adetil,allopathic,92,316,500 mg,221
304,Adexim,allopathic,2,304,200 mg,221
305,Adexim,allopathic,75,304,100 mg/5 ml,221
306,Adflox,allopathic,2,651,500 mg,224
307,Adfovir,allopathic,92,26,10 mg,219
308,Adgar,allopathic,22,24,0.10%,2
309,Adgar,allopathic,22,24,0.30%,2
310,Adglim,allopathic,92,722,1 mg,229
311,Adglim,allopathic,92,722,2 mg,229
312,Adifex,allopathic,92,642,120 mg,231
313,Adinir,allopathic,2,301,300 mg,4
314,Adinir,allopathic,75,301,125 mg/5 ml,4
315,Adipal Plus,allopathic,22,25,0.1%+2.5%,96
316,Adiponil,allopathic,2,1207,120 mg,106
317,Adiva,allopathic,92,545,600 mg,217
318,Adiz,allopathic,2,142,250 mg,75
319,Adiz,allopathic,75,142,200 mg/5 ml,75
320,Adiz,allopathic,92,142,500 mg,75
321,Adlina,allopathic,92,962,5 mg,229
322,Adlinameg,allopathic,92,963,2.5 mg+500 mg,229
323,Adlinameg,allopathic,92,963,2.5 mg+850 mg,229
324,Adlock,allopathic,92,1338,10 mg,216
325,Adlock,allopathic,92,1338,40 mg,216
326,Adlorin,allopathic,92,462,5 mg,5
327,Admira,allopathic,92,721,80 mg,229
328,Admira MR,allopathic,98,721,30 mg,229
329,Admox,allopathic,75,91,125 mg/5 ml,224
330,Admox DS,allopathic,2,91,500 mg,224
331,Adnix,allopathic,75,1165,100 mg/5 ml,9
332,Adnix,allopathic,92,1165,500 mg,9
333,Adnor,allopathic,92,529,3 mg,20
334,Adocil,allopathic,2,299,500 mg,119
335,Adocil,allopathic,75,299,125 mg/5 ml,119
336,Adolef,herbal,91,764,,165
337,Adonid,allopathic,92,1165,500 mg,197
338,Adonid DS,allopathic,75,1165,100 mg/5 ml,197
339,Adora,allopathic,2,299,500 mg,106
340,Adora,allopathic,72,299,125 mg/1.25 ml,106
341,Adora,allopathic,75,299,125 mg/5 ml,106
342,Adora,allopathic,92,299,1000 mg,106
343,Adorex,allopathic,70,524,5 mg/5 ml,16
344,Adorex,allopathic,72,524,5 mg/ml,16
345,Adorex,allopathic,92,524,10 mg,16
346,Adovas,herbal,91,764,,217
347,Adrebloc,allopathic,38,585,100 mg/10 ml,238
348,Adrenaline,allopathic,30,29,1 mg/ml,225
349,Adribin,allopathic,37,532,2 mg/ml,101
350,Adrin,allopathic,30,29,1 mg/ml,82
351,Adrinor,allopathic,30,29,1 mg/ml,106
352,Adrox,allopathic,75,316,125 mg/5 ml,5
353,Adryl,allopathic,91,512,10 mg/5 ml,217
354,ADS-10,allopathic,37,1471,0.225%+10%,128
355,Adtrizin,allopathic,92,324,10 mg,224
356,Aduvit,allopathic,2,1669,,173
357,Aduvit,allopathic,91,1669,,173
358,Advast,allopathic,92,83,5 mg+10 mg,9
359,Advel,allopathic,70,811,100 mg/5 ml,165
360,Advel,allopathic,92,811,200 mg,165
361,Advel,allopathic,92,811,400 mg,165
362,Advixa,allopathic,80,23,40 mg/0.8 ml,106
363,Adze,allopathic,9,34,400 mg,119
364,Aerodyl,allopathic,69,152,5 mg/5 ml,212
365,Aerodyl,allopathic,92,152,10 mg,212
366,Aerodyl,allopathic,92,152,20 mg,212
367,Aerofen,allopathic,91,899,1 mg/5 ml,212
368,Aerofen,allopathic,92,899,1 mg,212
369,Aeron,allopathic,92,1086,10 mg,101
370,Aeron FT,allopathic,14,1086,4 mg,101
371,Aeron FT,allopathic,14,1086,5 mg,101
372,Aeronid,allopathic,29,229,200 mcg/puff,35
373,Aeropac,allopathic,72,1459,67 mg/ml,17
374,Aerophin,allopathic,55,1362,11.25 mg/0.5 ml,106
375,Aerovil,allopathic,91,1268,15 mg/5 ml,35
376,Afatin,allopathic,92,31,40 mg,31
377,A-Fenac,allopathic,22,494,1% w/w,4
378,A-Fenac,allopathic,24,494,75 mg/3 ml,4
379,A-Fenac,allopathic,89,494,12.5 mg,4
380,A-Fenac,allopathic,89,494,50 mg,4
381,A-Fenac,allopathic,92,494,25 mg,4
382,A-Fenac,allopathic,92,494,50 mg,4
383,A-Fenac K,allopathic,92,493,50 mg,4
384,A-Fenac Plus,allopathic,24,496,(75 mg+20 mg)/2 ml,4
385,A-Fenac SR,allopathic,100,494,100 mg,4
386,Afexa,allopathic,70,642,30 mg/5 ml,229
387,Afexa,allopathic,92,642,120 mg,229
388,Afexa,allopathic,92,642,180 mg,229
389,Affrox,allopathic,2,,30 mg,191
390,Afinitor,allopathic,92,618,10 mg,156
391,Afinitor,allopathic,92,618,5 mg,156
392,Afix,allopathic,2,304,200 mg,25
393,Afix,allopathic,2,304,400 mg,25
394,Afix,allopathic,75,304,100 mg/5 ml,25
395,Afix,allopathic,92,304,200 mg,25
396,Afix,allopathic,92,304,400 mg,25
397,Afix DS,allopathic,75,304,200 mg/5 ml,25
398,Afixime,allopathic,2,304,200 mg,26
399,Afixime,allopathic,2,304,400 mg,26
400,Afixime,allopathic,72,304,25 mg/ml,26
401,Afixime,allopathic,75,304,100 mg/5 ml,26
402,A-Flox,allopathic,2,651,250 mg,4
403,A-Flox,allopathic,2,651,500 mg,4
404,A-Flox,allopathic,26,651,250 mg/vial,4
405,A-Flox,allopathic,26,651,500 mg/vial,4
406,A-Flox,allopathic,75,651,125 mg/5 ml,4
407,Afluzol,allopathic,2,652,150 mg,16
408,Afluzol,allopathic,2,652,50 mg,16
409,Afluzol,allopathic,75,652,50 mg/5 ml,16
410,AFM,allopathic,63,665,0.10%,25
411,AFM-Plus,allopathic,61,663,0.1%+0.3%,25
412,AFM-Plus,allopathic,63,663,0.1%+0.3%,25
413,AFM-T,allopathic,62,664,0.1%+0.025%,25
414,A-Forte,allopathic,2,1667,50000 IU,89
415,Afrin,allopathic,11,1219,1%,25
416,Afrin,allopathic,52,1220,0.03%,25
417,Afrin,allopathic,52,1220,0.05%,25
418,Afrodic,herbal,91,766,,105
419,Afrodic,herbal,92,63,,105
420,Afun,allopathic,11,396,1%,217
421,Afun VT,allopathic,111,398,200 mg,217
422,Afuvin,allopathic,92,746,500 mg,16
423,Age M,allopathic,92,178,6 mg+200 mg+50 mg,148
424,Age Plus,allopathic,92,1524,,148
425,Agedefy,allopathic,92,178,6 mg+200 mg+50 mg,136
426,Agerd,herbal,2,1529,,99
427,Aggra,allopathic,92,1455,100 mg,73
428,Aggra,allopathic,92,1455,50 mg,73
429,Aggreno,allopathic,5,120,25 mg+200 mg,240
430,Aglip,allopathic,92,50,12.5 mg,73
431,Aglip,allopathic,92,50,25 mg,73
432,Agorest,allopathic,92,33,25 mg,76
433,Agotin,allopathic,92,33,25 mg,31
434,Agoxin,allopathic,92,505,0.25 mg,25
435,Agrippal S1,allopathic,24,820,0.5 ml/prefilled syringe,156
436,AH,allopathic,9,34,400 mg,66
437,AH,allopathic,70,34,200 mg/5 ml,66
438,Aid,allopathic,92,494,50 mg,186
439,Aid SR,allopathic,100,494,100 mg,186
440,Aid TR,allopathic,8,494,100 mg,186
441,Aire,allopathic,92,950,1 mg,62
442,Aire,allopathic,92,950,2 mg,62
443,Airflow,allopathic,92,1086,10 mg,5
444,Airnaaf,allopathic,91,899,1 mg/5 ml,149
445,Airpro,allopathic,91,950,1 mg/5 ml,76
446,Airup,allopathic,9,1086,5 mg,180
447,Airup,allopathic,92,1086,10 mg,180
448,Airway,allopathic,92,1086,10 mg,163
449,Airway,allopathic,92,1086,4 mg,163
450,Airway,allopathic,92,1086,5 mg,163
451,Ajardy,allopathic,92,556,10 mg,240
452,Ajardy,allopathic,92,556,25 mg,240
453,Ajardy M,allopathic,92,558,5 mg+500 mg,240
454,Akarvia,allopathic,92,622,200 mg,106
455,Akicin,allopathic,26,67,100 mg/2 ml,217
456,Akicin,allopathic,26,67,500 mg/2 ml,217
457,A-Kit,allopathic,92,1066,200 mg+200 mcg,4
458,Aknill,allopathic,101,871,0.05%,106
459,Aktivex,allopathic,92,1133,250 mg,164
460,Aktivex,allopathic,92,1133,500 mg,164
461,Alaclov,allopathic,92,1642,500 mg,2
462,Alacot,allopathic,62,1196,0.10%,217
463,Alacot DS,allopathic,62,1196,0.20%,217
464,Alacot Max,allopathic,62,1196,0.70%,217
465,Aladay,allopathic,62,1196,0.10%,73
466,Aladay DS,allopathic,62,1196,0.20%,73
467,Aladay Max,allopathic,62,1196,0.70%,73
468,Alafree,allopathic,70,642,30 mg/5 ml,20
469,Alafree,allopathic,92,642,120 mg,20
470,Alagra,allopathic,70,642,30 mg/5 ml,9
471,Alagra,allopathic,92,642,120 mg,9
472,Alagra,allopathic,92,642,180 mg,9
473,Alagra,allopathic,92,642,30 mg,9
474,Alagra,allopathic,92,642,60 mg,9
475,Alanil,allopathic,70,642,30 mg/5 ml,4
476,Alanil,allopathic,92,642,120 mg,4
477,Alanil,allopathic,92,642,180 mg,4
478,Alargol,allopathic,91,324,5 mg/5 ml,74
479,Alargol,allopathic,92,324,10 mg,74
480,Alarid,allopathic,62,898,0.03%,217
481,Alarid,allopathic,91,899,1 mg/5 ml,217
482,Alarid,allopathic,92,899,1 mg,217
483,Alaron,allopathic,70,975,5 mg/5 ml,2
484,Alaron,allopathic,92,975,10 mg,2
485,Alartn,allopathic,91,324,5 mg/5 ml,11
486,Alarup,allopathic,92,1411,10 mg,185
487,Alat,allopathic,92,324,10 mg,186
488,Alater,allopathic,92,324,10 mg,33
489,Alatin,allopathic,92,324,10 mg,53
490,Alatrol,allopathic,72,324,2.5 mg/ml,217
491,Alatrol,allopathic,91,324,5 mg/5 ml,217
492,Alatrol,allopathic,92,324,10 mg,217
493,Alaxen,allopathic,92,53,0.25 mg,231
494,Alaxen,allopathic,92,53,0.5 mg,231
495,Alba,allopathic,9,34,400 mg,150
496,Albafen,allopathic,92,147,10 mg,13
497,Albamax DS,allopathic,9,34,400 mg,240
498,Albaplex,allopathic,91,1669,,8
499,Albasine,allopathic,92,45,30 mg+10 mg,66
500,Albatab,allopathic,92,1669,,8
501,Albazol DS,allopathic,9,34,400 mg,46
502,Alben,allopathic,70,34,200 mg/5 ml,73
503,Alben DS,allopathic,9,34,400 mg,73
504,Albenda DS,allopathic,9,34,400 mg,8
505,Albendol,allopathic,9,34,400 mg,90
506,Albendol,allopathic,70,34,200 mg/5 ml,90
507,Albendox,allopathic,9,34,400 mg,107
508,Albentas,allopathic,9,34,400 mg,233
509,Albezen,allopathic,9,34,400 mg,239
510,Albezole,allopathic,9,34,400 mg,21
511,Albol-DS,allopathic,9,34,400 mg,74
512,Albrex,allopathic,9,34,400 mg,136
513,Albumin Human,allopathic,37,35,20%,162
514,Albutein,allopathic,37,35,25%,15
515,Albutein,allopathic,37,35,5%,15
516,Albutein,allopathic,37,35,5%,95
517,Alcadin,allopathic,62,36,0.25%,185
518,Alcaft,allopathic,62,36,0.25%,101
519,Alcafta,allopathic,62,36,0.25%,106
520,Alcavir,allopathic,92,563,0.5 mg,108
521,Alcefen,allopathic,92,9,100 mg,13
522,Alcet,allopathic,69,939,2.5 mg/5 ml,101
523,Alcet,allopathic,92,939,5 mg,101
524,Alchek,allopathic,62,1196,0.10%,20
525,Alchek DS,allopathic,62,1196,0.20%,20
526,Alclor,allopathic,2,298,500 mg,4
527,Alclor,allopathic,72,298,125 mg/1.25 ml,4
528,Alclor,allopathic,75,298,125 mg/5 ml,4
529,Alcofen,allopathic,92,494,50 mg,8
530,Alcofen SR,allopathic,7,494,100 mg,8
531,Alconil,allopathic,48,615,,240
532,Alcot,allopathic,70,1520,(200 mg+40 mg)/5 ml,173
533,Alcot,allopathic,92,1520,400 mg+80 mg,173
534,Alcot,allopathic,92,1520,800 mg+160 mg,173
535,Alda,allopathic,70,34,200 mg/5 ml,221
536,Alda DS,allopathic,9,34,400 mg,221
537,Aldaben,allopathic,70,34,200 mg/5 ml,5
538,Aldaben-DS,allopathic,9,34,400 mg,5
539,Aldes,allopathic,70,34,200 mg/5 ml,63
540,Aldes DS,allopathic,9,34,400 mg,63
541,Aldew,allopathic,9,34,400 mg,
542,Aldex,allopathic,70,34,200 mg/5 ml,82
543,Aldex-DS,allopathic,9,34,400 mg,82
544,Aldin DS,allopathic,9,34,400 mg,225
545,Aldocort,allopathic,92,655,0.10 mg,106
546,Aldonist,allopathic,92,569,25 mg,229
547,Aldonist,allopathic,92,569,50 mg,229
548,Aldopa,allopathic,92,942,100 mg+10 mg,108
549,Aldopa,allopathic,92,942,250 mg+25 mg,108
550,Aldorin,allopathic,92,564,50 mg,73
551,AL-DS,allopathic,9,34,400 mg,89
552,Ale DS,allopathic,9,34,400 mg,29
553,Alecensa,allopathic,2,37,150 mg,200
554,Alendon,allopathic,92,38,10 mg,35
555,Alendon,allopathic,92,38,70 mg,35
556,Alenvir,allopathic,92,1553,25 mg,217
557,Alercon,allopathic,54,1195,600 mcg/spray,4
558,Alercon,allopathic,62,1196,0.10%,4
559,Alercon DS,allopathic,62,1196,0.20%,4
560,Alerest,allopathic,92,345,4 mg,233
561,Alerfast,allopathic,70,642,30 mg/5 ml,37
562,Alerfast,allopathic,92,642,120 mg,37
563,Alerfex,allopathic,70,642,30 mg/5 ml,120
564,Alerfex,allopathic,92,642,120 mg,120
565,Alergix MR,allopathic,98,1076,10 mg,106
566,Alerjess,allopathic,91,345,2 mg/5 ml,5
567,Alerjess,allopathic,92,345,4 mg,5
568,Alermet,allopathic,91,324,5 mg/5 ml,166
569,Alermet,allopathic,92,324,10 mg,166
570,Alert,allopathic,92,975,10 mg,21
571,Alertadin,allopathic,92,462,5 mg,31
572,Alervil,allopathic,91,1268,15 mg/5 ml,106
573,Alestin,allopathic,91,541,5 mg/5 ml,157
574,Alestin,allopathic,92,541,10 mg,157
575,Alestor,allopathic,92,44,5 mg,106
576,Aletrin,allopathic,92,324,10 mg,195
577,Alexa,allopathic,80,561,4000 Anti-Xa IU/0.4 ml,101
578,Alexa,allopathic,80,561,6000 Anti-Xa IU/0.6 ml,101
579,Alexa,allopathic,80,561,8000 Anti-Xa IU/0.8 ml,101
580,Alexid,allopathic,92,1288,200 mg,25
581,Aleze,allopathic,70,975,5 mg/5 ml,229
582,Aleze,allopathic,92,975,10 mg,229
583,Alfacort,allopathic,25,1614,40 mg/ml,240
584,Alfa-E,herbal,9,1681,200 mg,25
585,Alfasin XR,allopathic,96,41,10 mg,106
586,Alfavir,allopathic,92,1553,25 mg,106
587,Alfex,allopathic,70,642,30 mg/5 ml,135
588,Alfex,allopathic,92,642,120 mg,135
589,Alfil,allopathic,2,855,,133
590,Alfixim,allopathic,2,304,200 mg,13
591,Alfixim,allopathic,2,304,400 mg,13
592,Alfixim,allopathic,75,304,100 mg/5 ml,13
593,Alfradin,allopathic,2,321,500 mg,13
594,Alfradin DS,allopathic,75,321,250 mg/5 ml,13
595,Alfumax ER,allopathic,96,41,10 mg,229
596,Algaba,allopathic,2,1314,150 mg,14
597,Algaba,allopathic,2,1314,50 mg,14
598,Algaba,allopathic,2,1314,75 mg,14
599,Algecal D,allopathic,92,254,500 mg+200 IU,165
600,Algecal Dx,allopathic,92,254,600 mg+400 IU,165
601,Algerd,allopathic,70,1464,(500 mg+100 mg)/5 ml,143
602,Algeum-D,allopathic,92,255,500 mg+200 IU,190
603,Algeum-DX,allopathic,92,255,600 mg+400 IU,190
604,Algex,allopathic,9,57,250 mg+400 mg,
605,Algex,allopathic,70,57,(175 mg+225 mg)/5 ml,
606,Algicar Plus,allopathic,70,1465,(500 mg+267 mg+160 mg)/10 ml,225
607,Algicid,allopathic,9,1464,500 mg+100 mg,106
608,Algicid,allopathic,70,1464,(500 mg+100 mg)/5 ml,106
609,Algicid DX,allopathic,70,1465,(500 mg+213 mg+325 mg)/10 ml,106
610,Algicid Plus,allopathic,70,1465,(500 mg+267 mg+160 mg)/10 ml,106
611,Algicon,allopathic,9,1464,500 mg+100 mg,127
612,Algicon,allopathic,70,1464,(500 mg+100 mg)/5 ml,127
613,Algin,allopathic,26,1580,5 mg/2 ml,196
614,Algin,allopathic,91,1580,10 mg/5 ml,196
615,Algin,allopathic,92,1580,50 mg,196
616,Algirex,allopathic,92,614,60 mg,105
617,Algirex,allopathic,92,614,90 mg,105
618,Algisum,allopathic,9,1464,500 mg+100 mg,165
619,Algisum,allopathic,70,1464,(500 mg+100 mg)/5 ml,165
620,Algisum Max,allopathic,70,1465,(500 mg+267 mg+160 mg)/10 ml,165
621,Algita D,allopathic,92,254,500 mg+200 IU,122
622,Algita DX,allopathic,92,254,600 mg+400 IU,122
623,Algrofin,allopathic,2,421,250 mg,85
624,Alia,allopathic,92,44,5 mg,4
625,Alice,allopathic,45,880,0.50%,217
626,Alice,allopathic,92,879,12 mg,217
627,Alice,allopathic,92,879,6 mg,217
628,Aliksir,herbal,2,1156,500 mg,196
629,Alimta,allopathic,37,1253,100 mg/vial,71
630,Alimta,allopathic,37,1253,500 mg/vial,71
631,Alin,allopathic,92,1368,150 mg,197
632,Alinix,allopathic,75,1165,100 mg/5 ml,101
633,Alinix,allopathic,92,1165,500 mg,101
634,Alisa,herbal,92,705,,99
635,Alistin DT,allopathic,14,13,600 mg,165
636,Alivio,allopathic,11,1046,15%+10%,14
637,Alivio Extra,allopathic,11,1047,30%+10%+4%,14
638,Alkamax,allopathic,69,1302,(1500 mg+250 mg)/5 ml,66
639,Alkamin,allopathic,91,345,2 mg/5 ml,11
640,Alkanon,allopathic,92,1122,500 mg,196
641,Alkanon,allopathic,92,1122,750 mg,196
642,Alkaparol,allopathic,70,1238,120 mg/5 ml,11
643,Alkatrim,allopathic,70,1520,(200 mg+40 mg)/5 ml,11
644,Alkazol,allopathic,70,1057,200 mg/5 ml,11
645,Alken,allopathic,69,1302,(1500 mg+250 mg)/5 ml,14
646,Alkenib,allopathic,92,920,250 mg,114
647,Alkuli,herbal,91,242,,99
648,Alkurin,allopathic,69,1302,(1500 mg+250 mg)/5 ml,105
649,Allbeevit,allopathic,2,1669,,136
650,Allbeevit,allopathic,26,1669,,136
651,Allbeevit,allopathic,91,1669,,136
652,Allbeevit,allopathic,92,1669,,136
653,Allbeevit,allopathic,92,1669,,136
654,Allbeevit-M,allopathic,92,1098,,136
655,Alleloc,allopathic,62,1196,0.10%,150
656,Alleloc DS,allopathic,62,1196,0.20%,150
657,Allercet,allopathic,91,324,5 mg/5 ml,134
658,Allercet,allopathic,92,324,10 mg,134
659,Allergan,allopathic,69,1331,5 mg/5 ml,51
660,Allerkit,allopathic,91,899,1 mg/5 ml,143
661,Allerkit-E,allopathic,62,898,0.03%,143
662,Allernil,allopathic,91,324,5 mg/5 ml,119
663,Allernil,allopathic,92,324,10 mg,119
664,Allertin,allopathic,69,198,12.5 mg/5 ml,150
665,Allertin,allopathic,92,198,20 mg,150
666,Allet,allopathic,62,1196,0.10%,101
667,Allet DS,allopathic,62,1196,0.20%,101
668,Allion Gold,allopathic,92,1100,,31
669,Allphen,allopathic,69,1331,5 mg/5 ml,136
670,Allygest,allopathic,92,44,5 mg,161
671,Allynol,allopathic,92,44,5 mg,185
672,Almasil MS,allopathic,9,58,400 mg+400 mg+30 mg,231
673,Almasil MS,allopathic,70,58,(400 mg+400 mg+30 mg)/5 ml,231
674,Almex,allopathic,9,34,400 mg,217
675,Almex,allopathic,70,34,200 mg/5 ml,217
676,Almigut,allopathic,92,524,10 mg,14
677,Almin,allopathic,9,34,400 mg,120
678,Almin,allopathic,70,34,200 mg/5 ml,120
679,Almitan,allopathic,92,47,6.25 mg,165
680,Almoxil,allopathic,2,91,250 mg,8
681,Almoxil,allopathic,2,91,500 mg,8
682,Almoxil,allopathic,75,91,125 mg/5 ml,8
683,Alneed,allopathic,2,855,,106
684,Alneed Gold,allopathic,2,859,,106
685,Alneed Plus,allopathic,2,856,,106
686,Alodia,allopathic,92,50,25 mg,4
687,Alodoben DS,allopathic,9,34,400 mg,34
688,Alofen,allopathic,92,9,100 mg,166
689,Aloglip,allopathic,92,50,12.5 mg,150
690,Aloglip,allopathic,92,50,25 mg,150
691,Aloglip,allopathic,92,50,6.25 mg,150
692,Alona,allopathic,92,9,100 mg,119
693,Alopin,allopathic,92,81,5 mg,211
694,Aloran,allopathic,92,462,5 mg,9
695,Aloten,allopathic,92,82,5 mg+25 mg,119
696,Aloten Forte,allopathic,92,82,5 mg+50 mg,119
697,Alovera,herbal,92,49,345 mg,4
698,Alovit BZ,allopathic,92,1671,,14
699,Alovit Gold,allopathic,92,1100,,14
700,Alpam,allopathic,92,53,0.25 mg,26
701,Alpam,allopathic,92,53,0.5 mg,26
702,Alpatin,allopathic,62,567,0.05%,35
703,Alphagan P,allopathic,62,218,0.15%,
704,Alphalok,allopathic,92,1309,1 mg,165
705,Alphalok,allopathic,92,1309,2 mg,165
706,Alphalok XR,allopathic,96,1309,2.5 mg,165
707,Alphalok XR,allopathic,96,1309,5 mg,165
708,Alphanate,allopathic,30,100,250 IU/vial,95
709,Alphanate,allopathic,37,52,250 IU/vial,95
710,Alphapress,allopathic,92,1309,1 mg,196
711,Alphapress,allopathic,92,1309,2 mg,196
712,Alphapress XR,allopathic,96,1309,2.5 mg,196
713,Alphapress XR,allopathic,96,1309,5 mg,196
714,Alphin DS,allopathic,9,34,400 mg,35
715,Alprax,allopathic,92,53,0.25 mg,165
716,Alprax,allopathic,92,53,0.5 mg,165
717,Alprax XR,allopathic,96,53,1 mg,165
718,Alprax XR,allopathic,96,53,2 mg,165
719,Alpro,allopathic,9,34,400 mg,179
720,Alrin,allopathic,92,60,60 mg,196
721,Altadin,allopathic,62,36,0.25%,73
722,Alterin,allopathic,92,494,50 mg,75
723,Alterin TR,allopathic,8,494,100 mg,75
724,Altiver,herbal,2,718,60 mg,119
725,Alton,allopathic,38,586,40 mg/vial,84
726,Alton,allopathic,95,586,20 mg,84
727,Alton,allopathic,95,586,40 mg,84
728,Altorec,allopathic,92,896,10 mg,13
729,Altovas,allopathic,92,128,10 mg,108
730,Altovas,allopathic,92,128,20 mg,108
731,Altrax,allopathic,91,934,40 mg/5 ml,11
732,Altrip,allopathic,92,47,6.25 mg,155
733,Altrum Gold,allopathic,92,1100,,240
734,Altrum Silver,allopathic,92,1103,,240
735,Alucil-S,allopathic,9,58,400 mg+400 mg+30 mg,165
736,Alucil-S,allopathic,70,58,(400 mg+400 mg+30 mg)/5 ml,165
737,Aluctin,allopathic,2,672,30 mg,16
738,Aluric,allopathic,92,43,100 mg,216
739,Alurol,allopathic,92,43,100 mg,106
740,Alvasin,herbal,91,547,,99
741,Alve,allopathic,92,60,60 mg,171
742,Alvenor,allopathic,92,1063,450 mg+50 mg,31
743,Alvenor,allopathic,92,1063,900 mg+100 mg,31
744,Alveofact,allopathic,34,1273,45 mg/ml,
745,Alverate,allopathic,92,60,60 mg,105
746,Alverin,allopathic,92,60,60 mg,192
747,Alvital,allopathic,92,1524,,212
748,Alvolex,allopathic,91,1419,2 mg/5 ml,212
749,Alysa,allopathic,92,44,5 mg,31
750,Alzed,allopathic,9,34,400 mg,84
751,Alzolam,allopathic,92,53,0.25 mg,219
752,Alzolam,allopathic,92,53,0.5 mg,219
753,Alzolux DS,allopathic,9,34,400 mg,181
754,AM,allopathic,75,142,200 mg/5 ml,194
755,AM,allopathic,92,142,500 mg,194
756,Amantril,allopathic,2,62,100 mg,2
757,Amarin,allopathic,26,1268,45.5 mg/2 ml,165
758,Amarin,allopathic,91,1268,15 mg/5 ml,165
759,Amarin,allopathic,92,1268,22.7 mg,165
760,Amaryl,allopathic,92,722,1 mg,222
761,Amaryl,allopathic,92,722,2 mg,222
762,Amaryl,allopathic,92,722,3 mg,222
763,Amaryl,allopathic,92,722,4 mg,222
764,Amaryl M,allopathic,96,723,1 mg+500 mg,222
765,Amaryl M,allopathic,96,723,2 mg+500 mg,222
766,Amason,allopathic,92,470,0.5 mg,16
767,Ambeecal,allopathic,92,253,500 mg,16
768,Ambeecal-D,allopathic,92,257,500 mg+200 IU,16
769,Ambeeclox,allopathic,2,401,500 mg,16
770,Ambeet,allopathic,7,66,75 mg,74
771,Ambeet,allopathic,91,66,15 mg/5 ml,74
772,Ambeexin,allopathic,72,91,125 mg/1.25 ml,16
773,Ambeexin,allopathic,75,91,125 mg/5 ml,16
774,Amber,allopathic,92,1406,10 mg,63
775,Amber,allopathic,92,1406,5 mg,63
776,Ambix,allopathic,91,66,15 mg/5 ml,141
777,Ambokof,allopathic,72,66,6 mg/ml,157
778,Ambokof,allopathic,91,66,15 mg/5 ml,157
779,Ambolin,allopathic,72,66,6 mg/ml,235
780,Ambolin,allopathic,91,66,15 mg/5 ml,235
781,Ambolos,allopathic,91,66,15 mg/5 ml,204
782,Ambolyt,allopathic,72,66,6 mg/ml,106
783,Ambolyt,allopathic,91,66,15 mg/5 ml,106
784,Amboral,allopathic,72,66,6 mg/ml,179
785,Amboral,allopathic,91,66,15 mg/5 ml,179
786,Ambosil,allopathic,72,66,6 mg/ml,212
787,Ambosil,allopathic,91,66,15 mg/5 ml,212
788,Amboten,allopathic,72,66,6 mg/ml,73
789,Amboten,allopathic,91,66,15 mg/5 ml,73
790,Amboxol,allopathic,72,66,6 mg/ml,120
791,Amboxol,allopathic,91,66,15 mg/5 ml,120
792,Ambozin,allopathic,91,66,15 mg/5 ml,197
793,Ambozin SR,allopathic,7,66,75 mg,197
794,Ambrisan,allopathic,92,65,5 mg,217
795,Ambrocod,allopathic,91,66,15 mg/5 ml,18
796,Ambrodex,allopathic,91,66,15 mg/5 ml,61
797,Ambromax,allopathic,91,66,15 mg/5 ml,92
798,Ambronaaf,allopathic,91,66,15 mg/5 ml,149
799,Ambronil,allopathic,72,66,6 mg/ml,171
800,Ambronil,allopathic,91,66,15 mg/5 ml,171
801,Ambrop,allopathic,91,66,15 mg/5 ml,33
802,Ambrosia,allopathic,91,66,15 mg/5 ml,211
803,Ambrosol,allopathic,7,66,75 mg,185
804,Ambrosol,allopathic,91,66,15 mg/5 ml,185
805,Ambrotil,allopathic,91,66,15 mg/5 ml,17
806,Ambroton,allopathic,91,66,15 mg/5 ml,167
807,Ambrotus,allopathic,91,66,15 mg/5 ml,122
808,Ambrox,allopathic,72,66,6 mg/ml,217
809,Ambrox,allopathic,91,66,15 mg/5 ml,217
810,Ambrox SR,allopathic,7,66,75 mg,217
811,Ambroxol,allopathic,91,66,15 mg/5 ml,37
812,Ambroxol SR,allopathic,7,66,75 mg,37
813,Ambryl,allopathic,72,66,6 mg/ml,114
814,Ambryl,allopathic,91,66,15 mg/5 ml,114
815,Ambuterol,allopathic,69,152,5 mg/5 ml,19
816,AmCivit,herbal,91,554,(3.03 ml+0.12 gm)/5 ml,217
817,Amdin,allopathic,92,81,10 mg,9
818,Amdin,allopathic,92,81,5 mg,9
819,Amdin Plus,allopathic,92,82,5 mg+50 mg,9
820,Amdocal,allopathic,92,81,10 mg,35
821,Amdocal,allopathic,92,81,5 mg,35
822,Amdocal Plus,allopathic,92,82,5 mg+25 mg,35
823,Amdocal Plus,allopathic,92,82,5 mg+50 mg,35
824,Amdocal Pro,allopathic,92,206,2.5 mg+5 mg,35
825,Amdoper,allopathic,92,81,5 mg,98
826,Amdopril,allopathic,2,84,10 mg+20 mg,35
827,Amdopril,allopathic,2,84,2.5 mg+10 mg,35
828,Amdopril,allopathic,2,84,5 mg+10 mg,35
829,Amdopril,allopathic,2,84,5 mg+20 mg,35
830,Amdova,allopathic,92,83,5 mg+10 mg,35
831,A-Meb,allopathic,92,1012,135 mg,4
832,A-Mectin,allopathic,92,879,12 mg,4
833,A-Mectin,allopathic,92,879,6 mg,4
834,Amela,allopathic,11,659,0.01%+4%+0.05%,105
835,Amelex,allopathic,92,669,0.5 mg+10 mg,21
836,Ameloss,allopathic,92,525,5 mg,106
837,Ametil,allopathic,92,1326,5 mg,25
838,Ametrol-VT,allopathic,111,1058,100 mg+100 mg,16
839,Amezol,allopathic,70,1057,200 mg/5 ml,54
840,Amezol,allopathic,92,1057,400 mg,54
841,Amfrad,allopathic,2,321,250 mg,18
842,Amfrad,allopathic,2,321,500 mg,18
843,Amfrad,allopathic,75,321,125 mg/5 ml,18
844,Amibac,allopathic,26,67,100 mg/2 ml,185
845,Amibac,allopathic,26,67,500 mg/2 ml,185
846,Amicard Plus,allopathic,92,82,5 mg+50 mg,8
847,AmiClean,allopathic,92,1491,15 mg,17
848,AmiClean,allopathic,92,1491,7.5 mg,17
849,Amiclo,allopathic,92,79,12.5 mg+5 mg,185
850,AmiCoxib,allopathic,92,614,120 mg,17
851,AmiCoxib,allopathic,92,614,90 mg,17
852,Amidol,allopathic,30,848,300 mg/ml,106
853,Amidol,allopathic,30,848,370 mg/ml,106
854,Amidol,allopathic,30,848,370 mg/ml,106
855,Amifen,allopathic,70,1019,50 mg/5 ml,165
856,Amifen,allopathic,92,1019,500 mg,165
857,Amifex,allopathic,92,642,120 mg,17
858,Amifex,allopathic,92,642,60 mg,17
859,Amiflox,allopathic,92,364,250 mg,17
860,Amiflox,allopathic,92,364,500 mg,17
861,Amiflox,allopathic,92,364,750 mg,17
862,Amiflox DS,allopathic,75,364,250 mg/5 ml,17
863,A-Migel,allopathic,65,1060,2% w/w,4
864,Amikast,allopathic,92,1086,10 mg,17
865,Amikast,allopathic,92,1086,5 mg,17
866,Amikin,allopathic,26,67,100 mg/2 ml,106
867,Amilac,allopathic,37,71,5%,37
868,Amilax,allopathic,92,669,0.5 mg+10 mg,17
869,Amilin,allopathic,92,78,10 mg,165
870,Amilin,allopathic,92,78,25 mg,165
871,Amilin Plus,allopathic,92,79,12.5 mg+5 mg,165
872,Amimax,allopathic,26,67,100 mg/2 ml,37
873,Amimax,allopathic,26,67,500 mg/2 ml,37
874,Aminomax,allopathic,37,71,5%,89
875,Aminomax Gold,allopathic,37,72,7%+10%,89
876,Aminomix,allopathic,37,71,10%,4
877,Aminomix,allopathic,37,71,5%,4
878,Aminophylline,allopathic,38,75,125 mg/5 ml,16
879,Aminophylline,allopathic,92,75,100 mg,16
880,Aminophylline,allopathic,92,75,100 mg,42
881,Aminosin,allopathic,37,71,5%,105
882,Aminosin Plus,allopathic,37,72,7%+10%,105
883,Aminosol Gold,allopathic,37,72,7%+10%,164
884,Aminosol Vit,allopathic,37,71,5%,164
885,Aminosteril N-Hepa,allopathic,37,68,8%,81
886,Aminosyn,allopathic,37,71,10%,229
887,Amiodarone Hameln,allopathic,38,76,150 mg/3 ml,
888,Amiphin,allopathic,38,315,2 gm/vial,14
889,Amipride,allopathic,92,77,100 mg,31
890,Amipride,allopathic,92,77,200 mg,31
891,Amipride,allopathic,92,77,50 mg,31
892,Amiquin,allopathic,92,707,400 mg,17
893,Amirid,allopathic,92,1057,400 mg,233
894,Amiron,allopathic,92,1073,15 mg,171
895,Amiron,allopathic,92,1073,7.5 mg,171
896,Amisol,allopathic,37,71,5%,185
897,Amisol Gold,allopathic,37,72,7%+10%,185
898,Amisure,allopathic,37,77,5 mg/2 ml,4
899,Amit,allopathic,92,78,10 mg,84
900,Amit,allopathic,92,78,25 mg,84
901,Amitip,allopathic,92,78,10 mg,173
902,Amitip,allopathic,92,78,25 mg,173
903,Amival,allopathic,92,670,0.5 mg+10 mg,17
904,Amla (Hair oil),herbal,83,553,(1.66 ml+3.3 ml)/5 ml,99
905,Amlabery,herbal,91,1453,,66
906,Amlacid,herbal,91,61,,4
907,Amlevo,allopathic,92,1431,2.5 mg,73
908,Amlevo,allopathic,92,1431,5 mg,73
909,Amlex,allopathic,66,80,5%,2
910,Amlip,allopathic,92,83,5 mg+10 mg,73
911,Amlo,allopathic,92,81,5 mg,179
912,Amlobet,allopathic,92,82,5 mg+50 mg,219
913,Amlocard,allopathic,92,81,10 mg,66
914,Amlocard,allopathic,92,81,5 mg,66
915,Amlocard Plus,allopathic,92,82,5 mg+25 mg,66
916,Amlocard Plus,allopathic,92,82,5 mg+50 mg,66
917,Amlohil,allopathic,92,81,10 mg,92
918,Amlohil,allopathic,92,81,5 mg,92
919,Amlopin,allopathic,92,81,10 mg,4
920,Amlopin,allopathic,92,81,5 mg,4
921,Amlosartan,allopathic,92,87,10 mg+160 mg,106
922,Amlosartan,allopathic,92,87,5 mg+160 mg,106
923,Amlosartan,allopathic,92,87,5 mg+80 mg,106
924,Amlosin,allopathic,92,81,5 mg,
925,Amlosin Plus,allopathic,92,82,5 mg+25 mg,
926,Amlosun,allopathic,92,81,5 mg,219
927,Amlotab,allopathic,92,81,10 mg,106
928,Amlotab,allopathic,92,81,5 mg,106
929,Amloten,allopathic,92,82,5 mg+25 mg,4
930,Amloten,allopathic,92,82,5 mg+50 mg,4
931,Amlovas,allopathic,92,81,10 mg,185
932,Amlovas,allopathic,92,81,5 mg,185
933,Amlovas AT,allopathic,92,82,5 mg+50 mg,185
934,Amlovas VS,allopathic,92,87,10 mg+160 mg,185
935,Amlovas VS,allopathic,92,87,5 mg+160 mg,185
936,Amlovas VS,allopathic,92,87,5 mg+80 mg,185
937,Amlozep,allopathic,2,84,5 mg+10 mg,31
938,Amobet,allopathic,11,386,0.05%,5
939,Amobin,allopathic,70,1057,200 mg/5 ml,
940,Amobin,allopathic,92,1057,200 mg,
941,Amobin,allopathic,92,1057,400 mg,
942,Amocal,allopathic,92,81,10 mg,165
943,Amocal,allopathic,92,81,5 mg,165
944,Amocal-AT,allopathic,92,82,5 mg+50 mg,165
945,Amocal-BZ,allopathic,2,84,5 mg+10 mg,165
946,Amocap,allopathic,2,91,250 mg,216
947,Amocap,allopathic,2,91,500 mg,216
948,Amocil,allopathic,2,91,250 mg,145
949,Amocil,allopathic,2,91,500 mg,145
950,Amocil,allopathic,75,91,125 mg/5 ml,145
951,Amocin,allopathic,2,91,250 mg,173
952,Amocin,allopathic,2,91,500 mg,173
953,Amocin,allopathic,75,91,125 mg/5 ml,173
954,Amoclav,allopathic,38,90,(1 gm+200 mg)/20 ml,225
955,Amoclav,allopathic,75,90,(125 mg+31.25 mg)/5 ml,225
956,Amoclav,allopathic,92,90,500 mg+125 mg,225
957,Amoclav,allopathic,92,90,875 mg+125 mg,225
958,Amoclav Forte,allopathic,75,90,(400 mg+57.50 mg)/5 ml,225
959,Amodis,allopathic,37,1057,500 mg/100 ml,217
960,Amodis,allopathic,70,1057,200 mg/5 ml,217
961,Amodis,allopathic,92,1057,400 mg,217
962,Amogit,allopathic,92,1057,400 mg,134
963,Amorox,allopathic,91,66,15 mg/5 ml,231
964,Amotid,allopathic,2,91,250 mg,37
965,Amotid,allopathic,2,91,500 mg,37
966,Amotid,allopathic,72,91,125 mg/1.25 ml,37
967,Amotid,allopathic,75,91,125 mg/5 ml,37
968,Amotid CL,allopathic,75,90,(125 mg+31.25 mg)/5 ml,37
969,Amotid CL,allopathic,92,90,500 mg+125 mg,37
970,Amotid F,allopathic,75,91,250 mg/5 ml,37
971,Amotrex,allopathic,37,1057,500 mg/100 ml,2
972,Amotrex,allopathic,70,1057,200 mg/5 ml,2
973,Amotrex,allopathic,92,1057,200 mg,2
974,Amotrex,allopathic,92,1057,400 mg,2
975,Amotrex DS,allopathic,92,1057,800 mg,2
976,Amovast,allopathic,92,83,5 mg+10 mg,31
977,Amox,allopathic,2,91,250 mg,
978,Amox,allopathic,2,91,500 mg,
979,Amox,allopathic,72,91,125 mg/1.25 ml,
980,Amox,allopathic,75,91,125 mg/5 ml,
981,Amoxic,allopathic,2,91,250 mg,55
982,Amoxic,allopathic,2,91,500 mg,55
983,Amoxic,allopathic,75,91,125 mg/5 ml,55
984,Amoxicon,allopathic,2,91,250 mg,135
985,Amoxicon,allopathic,2,91,500 mg,135
986,Amoxicon,allopathic,75,91,125 mg/5 ml,135
987,Amoxikil,allopathic,2,91,500 mg,233
988,Amoxima,allopathic,2,91,500 mg,141
989,Amoxima,allopathic,75,91,125 mg/5 ml,141
990,Amoxizen,allopathic,2,91,250 mg,239
991,Amoxizen,allopathic,75,91,125 mg/5 ml,239
992,Amoxizen DS,allopathic,2,91,500 mg,239
993,Amoxon,allopathic,2,91,250 mg,113
994,Amoxon,allopathic,2,91,500 mg,113
995,Amoxon,allopathic,26,91,500 mg/vial,113
996,Amoxon,allopathic,75,91,125 mg/5 ml,113
997,Ampexin,allopathic,30,93,250 mg/vial,165
998,Ampexin,allopathic,30,93,500 mg/vial,165
999,Ampil,allopathic,92,81,5 mg,226
1000,Ampil Plus,allopathic,92,82,5 mg+50 mg,226
1001,Ampimet,allopathic,2,93,250 mg,136
1002,Ampimet,allopathic,2,93,500 mg,136
1003,Ampimet DS,allopathic,70,93,125 mg/5 ml,136
1004,Ampirex,allopathic,26,93,500 mg/vial,113
1005,Ampol Plus,allopathic,92,1240,500 mg+65 mg,14
1006,Ampol XR,allopathic,96,1238,665 mg,14
1007,Ampre,allopathic,92,81,5 mg,120
1008,Ampre Plus,allopathic,92,82,5 mg+25 mg,120
1009,Ampress,allopathic,92,81,5 mg,34
1010,Ampress Plus,allopathic,92,82,5 mg+50 mg,34
1011,Amsiv,allopathic,91,66,15 mg/5 ml,62
1012,Amtinol,allopathic,92,81,5 mg,75
1013,Amtinol Plus,allopathic,92,82,5 mg+50 mg,75
1014,Amtylin,allopathic,92,78,10 mg,67
1015,Amtylin,allopathic,92,78,25 mg,67
1016,Amucef,allopathic,2,304,200 mg,18
1017,Amucef,allopathic,75,304,100 mg/5 ml,18
1018,Amupime,allopathic,26,303,500 mg/vial,18
1019,Amuran,allopathic,92,1368,150 mg,18
1020,AMX,allopathic,2,91,250 mg,155
1021,AMX,allopathic,2,91,500 mg,155
1022,AMX,allopathic,75,91,125 mg/5 ml,155
1023,AMX DS,allopathic,75,91,250 mg/5 ml,155
1024,A-Mycin,allopathic,45,579,3%,25
1025,A-Mycin,allopathic,72,580,200 mg/5 ml,25
1026,A-Mycin,allopathic,75,580,125 mg/5 ml,25
1027,A-Mycin,allopathic,75,580,250 mg/5 ml,25
1028,A-Mycin,allopathic,92,580,250 mg,25
1029,A-Mycin,allopathic,92,580,500 mg,25
1030,Amynil,allopathic,92,722,1 mg,90
1031,Amynil,allopathic,92,722,2 mg,90
1032,Amzith,allopathic,2,142,250 mg,18
1033,Amzith,allopathic,75,142,200 mg/5 ml,18
1034,Amzith,allopathic,92,142,500 mg,18
1035,Anabolin,allopathic,24,1130,25 mg/ml,225
1036,Anacaine HC,allopathic,11,784,(5 mg+30 mg)/gm,106
1037,Anacare,allopathic,92,94,1 mg,66
1038,Anacort,allopathic,26,783,100 mg/2 ml,225
1039,Anadol,allopathic,2,1604,50 mg,217
1040,Anadol,allopathic,26,1604,100 mg/2 ml,217
1041,Anadol,allopathic,89,1604,100 mg,217
1042,Anadol SR,allopathic,7,1604,100 mg,217
1043,Anaflex,allopathic,22,1133,10% w/w,2
1044,Anaflex,allopathic,92,1133,250 mg,2
1045,Anaflex,allopathic,92,1133,500 mg,2
1046,Anaflex Max,allopathic,94,1134,375 mg+20 mg,2
1047,Anaflex Max,allopathic,94,1134,500 mg+20 mg,2
1048,Anaflex SR,allopathic,100,1133,500 mg,2
1049,Anafranil,allopathic,92,388,25 mg,206
1050,Analac,allopathic,26,896,30 mg/ml,240
1051,Analac,allopathic,26,896,60 mg/2 ml,240
1052,Analac,allopathic,92,896,10 mg,240
1053,Analgen,allopathic,92,9,100 mg,55
1054,Analor,allopathic,92,975,10 mg,225
1055,Analpain,allopathic,70,1238,120 mg/5 ml,179
1056,Analpain,allopathic,72,1238,80 mg/ml,179
1057,Analpain,allopathic,92,1238,500 mg,179
1058,Anamet,allopathic,70,1057,200 mg/5 ml,150
1059,Anamet,allopathic,92,1057,400 mg,150
1060,Anapol,allopathic,70,1238,120 mg/5 ml,181
1061,Anapol Plus,allopathic,92,1240,500 mg+65 mg,181
1062,Anapril,allopathic,92,559,10 mg,73
1063,Anapril,allopathic,92,559,5 mg,73
1064,Anaprox,allopathic,94,1134,500 mg+20 mg,14
1065,Anaroxyl,allopathic,30,1084,5 mg/ml,161
1066,Anaroxyl,allopathic,92,1084,2.5 mg,161
1067,Anasec,allopathic,4,1199,20 mg,158
1068,Anasec,allopathic,38,1199,40 mg/vial,158
1069,Anastrol,allopathic,92,94,1 mg,31
1070,Anaxyl,allopathic,26,1605,500 mg/5 ml,2
1071,Anaxyl,allopathic,92,1605,500 mg,2
1072,Ancef,allopathic,2,321,250 mg,229
1073,Ancef,allopathic,2,321,500 mg,229
1074,Ancef,allopathic,72,321,125 mg/1.25 ml,229
1075,Ancef,allopathic,75,321,125 mg/5 ml,229
1076,Ancef Forte,allopathic,75,321,250 mg/5 ml,229
1077,Ancipro,allopathic,92,364,250 mg,229
1078,Ancipro,allopathic,92,364,500 mg,229
1079,Ancipro,allopathic,92,364,750 mg,229
1080,Ancliz,allopathic,92,1014,25 mg+50 mg,143
1081,Anclog,allopathic,92,392,75 mg,217
1082,Anclog Plus,allopathic,92,391,75 mg+75 mg,217
1083,Ancoc,allopathic,2,651,250 mg,133
1084,Ancoc,allopathic,2,651,500 mg,133
1085,Ancoc,allopathic,75,651,125 mg/5 ml,133
1086,Ancopan,allopathic,92,802,10 mg,42
1087,Ancopan,allopathic,92,802,20 mg,42
1088,Ancor,allopathic,92,208,10 mg,25
1089,Ancor,allopathic,92,208,2.5 mg,25
1090,Ancor,allopathic,92,208,5 mg,25
1091,Ancor A,allopathic,92,206,2.5 mg+5 mg,25
1092,Ancor Plus,allopathic,92,207,2.5 mg+6.25 mg,25
1093,Ancor Plus,allopathic,92,207,5 mg+6.25 mg,25
1094,Ancotil,allopathic,92,224,3 mg,192
1095,Andep,allopathic,92,1448,100 mg,101
1096,Andep,allopathic,92,1448,25 mg,101
1097,Andep,allopathic,92,1448,50 mg,101
1098,Andepram,allopathic,92,583,10 mg,191
1099,Andepram,allopathic,92,583,5 mg,191
1100,Andriol TestoCaps,allopathic,2,1564,40 mg,168
1101,Androcap,allopathic,2,1564,40 mg,196
1102,Anefer,allopathic,39,862,100 mg/5 ml,165
1103,Anefer,allopathic,39,862,200 mg/10 ml,165
1104,Anema,allopathic,77,489,(7 gm+19 gm)/118 ml,217
1105,Anespine,allopathic,33,236,0.5%+8%,217
1106,Anestho,allopathic,38,1573,1 gm/vial,106
1107,Anestho,allopathic,38,1573,500 mg/vial,106
1108,Anet,allopathic,70,524,5 mg/5 ml,119
1109,Anet,allopathic,92,524,10 mg,119
1110,Anetol,allopathic,92,123,50 mg,16
1111,Anfasil,allopathic,75,652,50 mg/5 ml,212
1112,Anfasil,allopathic,92,652,150 mg,212
1113,Anfasil,allopathic,92,652,50 mg,212
1114,Anfenac,allopathic,62,495,0.10%,153
1115,Anfree,allopathic,92,669,0.5 mg+10 mg,25
1116,Angela,allopathic,92,603,1 mg+0.5 mg,196
1117,Angenta,allopathic,92,669,0.5 mg+10 mg,101
1118,Angesic,allopathic,92,896,10 mg,226
1119,Angical,allopathic,92,82,5 mg+50 mg,20
1120,Angicard,allopathic,88,1174,0.5 mg,66
1121,Angifix,allopathic,92,869,20 mg,106
1122,Angilock,allopathic,92,982,100 mg,217
1123,Angilock,allopathic,92,982,25 mg,217
1124,Angilock,allopathic,92,982,50 mg,217
1125,Angilock Plus,allopathic,92,983,100 mg+12.5 mg,217
1126,Angilock Plus,allopathic,92,983,100 mg+25 mg,217
1127,Angilock Plus,allopathic,92,983,50 mg+12.5 mg,217
1128,Angimet,allopathic,92,1622,20 mg,171
1129,Angimet MR,allopathic,98,1622,35 mg,171
1130,Angimil,allopathic,92,1655,40 mg,136
1131,Angimil,allopathic,92,1655,80 mg,136
1132,Angimil SR,allopathic,92,1655,240 mg,136
1133,Angin,allopathic,95,119,75 mg,179
1134,Anginox MR,allopathic,98,1622,35 mg,84
1135,Angipro,allopathic,92,1056,50 mg,226
1136,Angirid MR,allopathic,98,1622,35 mg,4
1137,Angist SR,allopathic,100,1172,2.6 mg,4
1138,Angitan,allopathic,92,982,50 mg,48
1139,Angitan Plus,allopathic,92,983,50 mg+12.5 mg,48
1140,Angiten,allopathic,92,280,25 mg,105
1141,Angitrim MR,allopathic,98,1622,35 mg,89
1142,Angivas MR,allopathic,98,1622,35 mg,185
1143,Angivent MR,allopathic,98,1622,35 mg,217
1144,Anib,allopathic,92,31,40 mg,66
1145,Anilic,allopathic,92,1594,200 mg,66
1146,Animet,allopathic,8,286,50 mg+0.50 mg+61.80 mg,26
1147,Anin,allopathic,92,982,50 mg,62
1148,Anin Plus,allopathic,92,983,50 mg+12.5 mg,62
1149,Anitid,allopathic,91,1368,75 mg/5 ml,224
1150,Anitid,allopathic,92,1368,150 mg,224
1151,Anjort,herbal,2,,300 mg,105
1152,Anleptic,allopathic,70,281,100 mg/5 ml,217
1153,Anleptic CR,allopathic,93,281,200 mg,217
1154,Anlet,allopathic,92,392,75 mg,89
1155,Anlet Plus,allopathic,92,391,75 mg+75 mg,89
1156,Anobac,allopathic,2,374,300 mg,89
1157,Anodyne,allopathic,22,494,1% w/w,105
1158,Anodyne,allopathic,62,495,0.10%,105
1159,Anodyne,allopathic,92,494,50 mg,105
1160,Anodyne Plus,allopathic,24,496,(75 mg+20 mg)/2 ml,105
1161,Anodyne SR,allopathic,7,494,100 mg,105
1162,Anofer,allopathic,39,862,100 mg/5 ml,143
1163,Anol,allopathic,92,123,50 mg,135
1164,Anol,allopathic,92,123,50 mg,141
1165,Anolol,allopathic,92,123,100 mg,75
1166,Anolol,allopathic,92,123,50 mg,75
1167,Anorel,allopathic,58,359,,185
1168,Anosea Plus,allopathic,92,1014,25 mg+50 mg,105
1169,Anosil,allopathic,58,787,,240
1170,Anotic,allopathic,92,669,0.5 mg+10 mg,
1171,Anoxa,allopathic,92,1214,10 mg,217
1172,Anoxiv,allopathic,92,178,6 mg+200 mg+50 mg,229
1173,Anpar,allopathic,11,1557,1%,
1174,Anplat,allopathic,92,392,75 mg,114
1175,Anquil,allopathic,26,1064,15 mg/3 ml,84
1176,Anquil,allopathic,92,1064,15 mg,84
1177,Anquil,allopathic,92,1064,7.5 mg,84
1178,Anreb,allopathic,92,982,25 mg,84
1179,Anreb,allopathic,92,982,50 mg,84
1180,Anreb Plus,allopathic,92,983,100 mg+12.5 mg,84
1181,Anreb Plus,allopathic,92,983,50 mg+12.5 mg,84
1182,Anril,allopathic,37,1170,50 mg/10 ml,217
1183,Anril,allopathic,104,1173,400 mcg/spray,217
1184,Anril SR,allopathic,100,1172,2.6 mg,217
1185,Anseng,herbal,2,1234,500 mg,25
1186,Anset,allopathic,26,1201,8 mg/4 ml,165
1187,Anset,allopathic,69,1201,4 mg/5 ml,165
1188,Anset,allopathic,89,1201,16 mg,165
1189,Anset,allopathic,92,1201,4 mg,165
1190,Anset,allopathic,92,1201,8 mg,165
1191,Ansulin,allopathic,80,841,30%+70% in 100 IU/ml,217
1192,Ansulin,allopathic,80,841,30%+70% in 100 IU/ml,217
1193,Ansulin,allopathic,80,841,30%+70% in 40 IU/ml,217
1194,Ansulin,allopathic,80,841,50%+50% in 100 IU/ml,217
1195,Ansulin,allopathic,80,841,50%+50% in 100 IU/ml,217
1196,Ansulin N,allopathic,80,840,100 IU/ml,217
1197,Ansulin R,allopathic,80,839,100 IU/ml,217
1198,Ansulin R,allopathic,80,839,100 IU/ml,217
1199,Ansulin R,allopathic,80,839,40 IU/ml,217
1200,Antac,allopathic,26,1368,50 mg/2 ml,16
1201,Antac,allopathic,91,1368,75 mg/5 ml,16
1202,Antac,allopathic,92,1368,150 mg,16
1203,Antacid,allopathic,9,57,250 mg+400 mg,27
1204,Antacid Max,allopathic,9,58,400 mg+400 mg+30 mg,35
1205,Antage,allopathic,92,1678,200 mg+200 mg,75
1206,Antaluk,allopathic,92,1086,10 mg,231
1207,Antanil,allopathic,9,57,250 mg+400 mg,105
1208,Antanil,allopathic,70,57,(200 mg+400 mg)/5 ml,105
1209,Antanil Plus,allopathic,9,58,400 mg+400 mg+30 mg,105
1210,Antanil Plus,allopathic,70,58,(200 mg+400 mg+30 mg)/5 ml,105
1211,Antazol,allopathic,52,1690,0.05%,217
1212,Antazol,allopathic,52,1690,0.10%,217
1213,Antazol Plus,allopathic,54,1475,(2.6 mg+0.0325 mg)/spray,217
1214,Antepsin,allopathic,92,1511,1000 mg,119
1215,Anthel DS,allopathic,9,34,400 mg,207
1216,Anthisan,allopathic,11,1034,2%,222
1217,Antif,allopathic,2,91,250 mg,192
1218,Antif,allopathic,2,91,500 mg,192
1219,Antif,allopathic,72,91,125 mg/1.25 ml,192
1220,Antif,allopathic,75,91,125 mg/5 ml,192
1221,Antif DS,allopathic,75,91,250 mg/5 ml,192
1222,Antigall,allopathic,92,1641,150 mg,106
1223,Antigall,allopathic,92,1641,300 mg,106
1224,Antigrain,allopathic,92,1289,0.5 mg,105
1225,Antiligo,herbal,2,156,,99
1226,Antima,allopathic,2,304,200 mg,113
1227,Antima,allopathic,2,304,400 mg,113
1228,Antima,allopathic,75,304,100 mg/5 ml,113
1229,Antiplet,allopathic,92,392,75 mg,192
1230,Antipro,allopathic,70,1057,200 mg/5 ml,192
1231,Antipro,allopathic,92,1057,400 mg,192
1232,Anti-R,allopathic,92,1368,150 mg,231
1233,Antiscar,allopathic,101,42,100 mg+50 IU+10 mg,217
1234,Antismin,allopathic,91,345,2 mg/5 ml,211
1235,Antison,allopathic,92,669,0.5 mg+10 mg,26
1236,Antista,allopathic,91,345,2 mg/5 ml,217
1237,Antiva,allopathic,92,26,10 mg,217
1238,Antivenom,allopathic,30,1463,,106
1239,Antixa,allopathic,92,104,2.5 mg,84
1240,Antixa,allopathic,92,104,5 mg,84
1241,Antogin ER,allopathic,96,1369,500 mg,196
1242,Antoris MR,allopathic,98,1622,35 mg,165
1243,Antox,allopathic,92,178,6 mg+200 mg+50 mg,4
1244,Antrenex,allopathic,92,1223,5 mg,165
1245,Antrenyl,allopathic,92,1223,5 mg,206
1246,Antrin,allopathic,92,324,10 mg,46
1247,Antuss Plus,allopathic,91,748,(100 mg+1.1 mg+14 mg)/5 ml,82
1248,Anustat,allopathic,58,359,,35
1249,Anuva,allopathic,92,493,50 mg,156
1250,Anvert,allopathic,92,1014,25 mg+50 mg,171
1251,Anxicon,allopathic,92,669,0.5 mg+10 mg,233
1252,Anxino,allopathic,92,669,0.5 mg+10 mg,76
1253,Anxio,allopathic,92,224,3 mg,229
1254,Anxionil,allopathic,92,224,3 mg,155
1255,Anxirel,allopathic,92,224,3 mg,158
1256,Anxitol,allopathic,92,669,0.5 mg+10 mg,54
1257,Anzet,allopathic,92,669,0.5 mg+10 mg,185
1258,Anzitor,allopathic,92,128,10 mg,217
1259,Anzitor,allopathic,92,128,20 mg,217
1260,Anzitor,allopathic,92,128,40 mg,217
1261,Anzole,allopathic,70,1057,200 mg/5 ml,143
1262,Anzole,allopathic,92,1057,400 mg,143
1263,A-One,allopathic,70,1238,120 mg/5 ml,20
1264,A-One Plus,allopathic,92,1240,500 mg+65 mg,20
1265,A-One XR,allopathic,96,1238,665 mg,20
1266,Apagrel,allopathic,92,1308,10 mg,101
1267,Apagrel,allopathic,92,1308,5 mg,101
1268,Apain Plus,allopathic,24,496,(75 mg+20 mg)/2 ml,119
1269,Apain-MS,allopathic,92,498,75 mg+200 mcg,119
1270,Apain-TR,allopathic,8,494,100 mg,119
1271,A-Pak,allopathic,92,9,100 mg,34
1272,Apalene,allopathic,11,24,0.10%,106
1273,Aparkin,allopathic,2,940,100 mg+25 mg,240
1274,Aparkin,allopathic,2,940,200 mg+50 mg,240
1275,Aparkin,allopathic,2,940,50 mg+12.5 mg,240
1276,Apcard,allopathic,92,123,50 mg,19
1277,Apcetrim,allopathic,70,1520,(200 mg+40 mg)/5 ml,19
1278,Apcetrim,allopathic,92,1520,400 mg+80 mg,19
1279,Apcocid,allopathic,9,57,250 mg+400 mg,221
1280,Apdox,allopathic,2,533,100 mg,20
1281,Apeclo,allopathic,92,9,100 mg,20
1282,Apeclo SR,allopathic,100,9,200 mg,20
1283,Apedom,allopathic,70,524,5 mg/5 ml,21
1284,Apedom,allopathic,92,524,10 mg,21
1285,Apefol TR,allopathic,8,641,150 mg+0.5 mg+61.8 mg,19
1286,Apegestrol,allopathic,92,1021,160 mg,225
1287,Apelin,herbal,91,1004,,99
1288,Apemilast,allopathic,92,105,10 mg,101
1289,Apemilast,allopathic,92,105,30 mg,101
1290,Apetiz,allopathic,70,1021,200 mg/5 ml,25
1291,Apetiz,allopathic,92,1021,160 mg,25
1292,Apetryl,allopathic,70,1057,200 mg/5 ml,19
1293,Apetryl,allopathic,92,1057,400 mg,19
1294,Apevit-B,allopathic,91,1669,,19
1295,Apevit-B,allopathic,92,1669,,19
1296,Apevit-M,allopathic,72,1112,,19
1297,Apevit-Z,allopathic,91,1671,,19
1298,A-Phenicol,allopathic,62,331,0.50%,4
1299,A-Phenicol D,allopathic,62,472,0.1%+0.5%,4
1300,Aphrin,allopathic,2,321,500 mg,20
1301,Aphrin,allopathic,75,321,125 mg/5 ml,20
1302,Apiban,allopathic,92,104,5 mg,155
1303,Apidone,allopathic,70,524,5 mg/5 ml,224
1304,Apidone,allopathic,92,524,10 mg,224
1305,Apidra,allopathic,80,838,100 unit/ml,222
1306,Apidra SoloStar,allopathic,80,838,100 unit/ml,222
1307,Apilac,allopathic,92,896,10 mg,19
1308,Apilast,allopathic,92,105,10 mg,122
1309,Apimox,allopathic,2,91,250 mg,21
1310,Apimox,allopathic,2,91,500 mg,21
1311,Apimox,allopathic,72,91,125 mg/1.25 ml,21
1312,Apimox,allopathic,75,91,125 mg/5 ml,21
1313,Apirent,allopathic,103,56,20%,165
1314,Apit,allopathic,92,1021,160 mg,66
1315,Apit,allopathic,92,1021,40 mg,66
1316,Apitac,allopathic,92,9,100 mg,4
1317,Apitone,allopathic,91,639,200 mg/5 ml,21
1318,Apixa,allopathic,92,104,2.5 mg,35
1319,Apixa,allopathic,92,104,5 mg,35
1320,Apixan,allopathic,92,104,2.5 mg,229
1321,Apixan,allopathic,92,104,5 mg,229
1322,Aplex,allopathic,91,1669,,21
1323,APN,allopathic,37,1471,0.225%+10%,164
1324,Apnac,allopathic,92,494,50 mg,221
1325,Apnac,allopathic,92,494,50 mg,221
1326,Apnac SR,allopathic,7,494,100 mg,221
1327,Apocal-D,allopathic,92,257,500 mg+200 IU,20
1328,Apocal-DM,allopathic,92,258,,20
1329,Apodin,allopathic,58,1303,5% w/w,89
1330,Apodin,allopathic,85,1303,10% w/v,89
1331,Apoket,allopathic,92,896,10 mg,21
1332,Apoxy,allopathic,2,91,500 mg,20
1333,Apoxy,allopathic,75,91,125 mg/5 ml,20
1334,Apoxyclav,allopathic,75,90,(125 mg+31.25 mg)/5 ml,20
1335,Apoxyclav,allopathic,92,90,500 mg+125 mg,20
1336,Apozyth,allopathic,75,142,200 mg/5 ml,21
1337,Apozyth,allopathic,92,142,500 mg,21
1338,Appras,allopathic,92,1308,10 mg,229
1339,Appras,allopathic,92,1308,5 mg,229
1340,Apresin,allopathic,92,670,0.5 mg+10 mg,35
1341,Apridex,allopathic,2,106,40 mg,66
1342,Aprila,allopathic,92,105,10 mg,66
1343,Aprila,allopathic,92,105,30 mg,66
1344,Aprima,allopathic,92,105,10 mg,106
1345,Aprima,allopathic,92,105,30 mg,106
1346,Aprocin,allopathic,61,365,0.30%,25
1347,Aprocin,allopathic,62,365,0.30%,25
1348,Aprocin,allopathic,75,364,250 mg/5 ml,25
1349,Aprocin,allopathic,92,364,500 mg,25
1350,Aprodex,allopathic,62,366,0.3%+0.1%,25
1351,Apsol,allopathic,66,80,5%,217
1352,APT,allopathic,92,392,75 mg,210
1353,Aptin,allopathic,92,1661,50 mg,2
1354,Aptin M,allopathic,92,1662,50 mg+500 mg,2
1355,Aptin M,allopathic,92,1662,50 mg+850 mg,2
1356,Aptofen,allopathic,91,899,1 mg/5 ml,21
1357,Aptrim,allopathic,70,1520,(200 mg+40 mg)/5 ml,21
1358,Aptrim,allopathic,92,1520,800 mg+160 mg,21
1359,Apuldon,allopathic,70,524,5 mg/5 ml,25
1360,Apuldon,allopathic,72,524,5 mg/ml,25
1361,Apuldon,allopathic,92,524,10 mg,25
1362,Apulset,allopathic,26,1201,8 mg/4 ml,25
1363,Apulset,allopathic,69,1201,4 mg/5 ml,25
1364,Apulset,allopathic,92,1201,8 mg,25
1365,Aqua,allopathic,60,292,0.25%+0.3%,164
1366,Aqua Care,allopathic,11,1638,10% w/w,66
1367,Aquafresh,allopathic,62,290,1%,185
1368,Aqualax,allopathic,74,1291,85 gm,106
1369,Aquaphen,allopathic,91,1344,(30 mg+100 mg+1.25 mg)/5 ml,106
1370,Aquatear,allopathic,62,1303,5% v/v,37
1371,Aquavit,allopathic,91,1097,,215
1372,Aquisol,allopathic,23,339,0.5%+70%,24
1373,Arafa,allopathic,92,811,400 mg,104
1374,Arain,allopathic,92,1594,200 mg,165
1375,Araten,allopathic,92,982,50 mg,229
1376,Araten Plus,allopathic,92,983,50 mg+12.5 mg,229
1377,ARB,allopathic,92,275,16 mg,217
1378,Arbecin,allopathic,38,282,100 mcg/ml,196
1379,Arbitan,allopathic,92,851,150 mg,165
1380,Arbitan,allopathic,92,851,75 mg,165
1381,Arbitan Plus,allopathic,92,852,150 mg+12.5 mg,165
1382,Arbitan Plus,allopathic,92,852,75 mg+12.5 mg,165
1383,Arbitel,allopathic,92,1548,20 mg,2
1384,Arbitel,allopathic,92,1548,40 mg,2
1385,Arbitel,allopathic,92,1548,80 mg,2
1386,Arbitel AM,allopathic,92,86,5 mg+40 mg,2
1387,Arbitel AM,allopathic,92,86,5 mg+80 mg,2
1388,Arbitel Plus,allopathic,92,1549,40 mg+12.5 mg,2
1389,Arbitel Plus,allopathic,92,1549,80 mg+12.5 mg,2
1390,Arbium,allopathic,92,982,100 mg,26
1391,Arbium,allopathic,92,982,50 mg,26
1392,Arbium Plus,allopathic,92,983,100 mg+12.5 mg,26
1393,Arbium Plus,allopathic,92,983,100 mg+25 mg,26
1394,Arbium Plus,allopathic,92,983,50 mg+12.5 mg,26
1395,Arcet,allopathic,91,324,5 mg/5 ml,155
1396,Arcet,allopathic,92,324,10 mg,155
1397,Archi Extra,allopathic,92,1240,500 mg+65 mg,8
1398,Ardium,allopathic,92,1063,450 mg+50 mg,66
1399,Arduan,allopathic,38,1283,4 mg/2 ml,
1400,Arexel,allopathic,92,114,20 mg+120 mg,113
1401,Argolin,allopathic,92,244,0.5 mg,165
1402,Arigram,allopathic,75,580,125 mg/5 ml,46
1403,Arilol,allopathic,92,296,12.5 mg,173
1404,Arilol,allopathic,92,296,25 mg,173
1405,Arilol,allopathic,92,296,6.25 mg,173
1406,Arimidex,allopathic,92,94,1 mg,2
1407,Arinet,allopathic,92,115,50 mg,9
1408,Aripen,allopathic,92,110,10 mg,165
1409,Aripen,allopathic,92,110,15 mg,165
1410,Aripra,allopathic,92,110,10 mg,106
1411,Aripra,allopathic,92,110,15 mg,106
1412,Ariprazole,allopathic,92,110,10 mg,84
1413,Ariprazole,allopathic,92,110,5 mg,84
1414,Ariprex,allopathic,69,110,5 mg/5 ml,217
1415,Ariprex,allopathic,92,110,10 mg,217
1416,Ariprex,allopathic,92,110,15 mg,217
1417,Ariprex,allopathic,92,110,2 mg,217
1418,Ariproct,allopathic,58,359,,25
1419,Ariproct,allopathic,89,359,,25
1420,Ariscon,allopathic,70,1465,(500 mg+267 mg+160 mg)/10 ml,25
1421,Aristen,allopathic,11,396,1%,25
1422,Aristo D3,allopathic,2,410,20000 IU,25
1423,Aristo D3,allopathic,2,410,40000 IU,25
1424,Aristo D3,allopathic,24,410,200000 IU/ml,25
1425,Aristo D3,allopathic,92,410,2000 IU,25
1426,Aristo Gold,allopathic,92,1100,,25
1427,Aristo Kid,allopathic,91,1102,,25
1428,Aristo Mom,allopathic,92,1107,,25
1429,Aristo Silver,allopathic,92,1103,,25
1430,Aristobet,allopathic,11,192,0.10%,25
1431,Aristobet,allopathic,58,192,0.10%,25
1432,Aristobet N,allopathic,61,186,0.1%+0.5%,25
1433,Aristobet N,allopathic,62,186,0.1%+0.5%,25
1434,Aristobet-CL,allopathic,58,183,0.1%+1%,25
1435,Aristocal,allopathic,92,253,500 mg,35
1436,Aristocal D,allopathic,92,257,500 mg+200 IU,35
1437,Aristocal M,allopathic,92,258,,35
1438,Aristocort,allopathic,11,1616,0.10%,25
1439,Aristocort,allopathic,58,1616,0.10%,25
1440,Aristocort Plus,allopathic,11,544,1%+0.1%,25
1441,Aristocrom,allopathic,62,1473,2%,25
1442,Aristoderm,allopathic,11,184,0.05%+1%+0.1%,25
1443,Aristodox,allopathic,2,533,100 mg,25
1444,Aristoferon,allopathic,91,639,200 mg/5 ml,35
1445,Aristofol Fe,allopathic,92,637,308 mg+350 mcg,35
1446,Aristomox,allopathic,2,91,250 mg,25
1447,Aristomox,allopathic,2,91,500 mg,25
1448,Aristomox,allopathic,72,91,125 mg/1.25 ml,25
1449,Aristomox,allopathic,75,91,125 mg/5 ml,25
1450,Aristophen,allopathic,61,331,1%,25
1451,Aristoplex,allopathic,91,1669,,35
1452,Aristovit B,allopathic,92,1669,,35
1453,Aristovit M,allopathic,92,1098,,35
1454,Aristovit X,allopathic,92,1524,,35
1455,Aritone,allopathic,37,1111,,106
1456,Aritone Z,allopathic,91,1671,,106
1457,Aritone Z,allopathic,92,1671,,106
1458,Aritone ZI,allopathic,91,861,,106
1459,Arixon,allopathic,24,315,1 gm/vial,35
1460,Arixon,allopathic,24,315,250 mg/vial,35
1461,Arixon,allopathic,24,315,500 mg/vial,35
1462,Arixon,allopathic,38,315,1 gm/vial,35
1463,Arixon,allopathic,38,315,250 mg/vial,35
1464,Arixon,allopathic,38,315,2 gm/vial,35
1465,Arixon,allopathic,38,315,500 mg/vial,35
1466,Arizith,allopathic,92,142,500 mg,45
1467,Arjunacard,herbal,91,111,,4
1468,Arkid,herbal,91,108,,4
1469,Arlin,allopathic,37,964,2 mg/ml,35
1470,Arlin,allopathic,75,964,100 mg/5 ml,35
1471,Arlin,allopathic,92,964,400 mg,35
1472,Arlin,allopathic,92,964,600 mg,35
1473,Armoda,allopathic,92,112,150 mg,2
1474,Armoda,allopathic,92,112,250 mg,2
1475,Arnac,allopathic,92,9,100 mg,24
1476,Arnigen,allopathic,92,1415,24 mg+26 mg,84
1477,Arnigen,allopathic,92,1415,49 mg+51 mg,84
1478,Arnigen,allopathic,92,1415,97 mg+103 mg,84
1479,Arocaine-A DC,allopathic,30,116,4%+0.001%,113
1480,Arocef,allopathic,2,299,500 mg,73
1481,Arocef,allopathic,75,299,125 mg/5 ml,73
1482,Arodex,allopathic,92,94,1 mg,225
1483,Arodin,allopathic,45,1303,5% w/v,25
1484,Arodin,allopathic,48,1303,1% w/v,25
1485,Arodin,allopathic,58,1303,5% w/w,25
1486,Arodin,allopathic,85,1303,10% w/v,25
1487,Arofil SR,allopathic,100,1571,200 mg,106
1488,Arofil SR,allopathic,100,1571,300 mg,106
1489,Arofil SR,allopathic,100,1571,400 mg,106
1490,Aroflo,allopathic,28,1426,50 mcg+100 mcg,25
1491,Aroflo,allopathic,28,1426,50 mcg+500 mcg,25
1492,Aroflo,allopathic,29,1426,(25 mcg+125 mcg)/puff,25
1493,Aroflo,allopathic,29,1426,(25 mcg+250 mcg)/puff,25
1494,Arofrez,allopathic,92,932,2.5 mg,101
1495,Arokast,allopathic,9,1086,4 mg,150
1496,Arokast,allopathic,9,1086,5 mg,150
1497,Arokast,allopathic,92,1086,10 mg,150
1498,Arokast FT,allopathic,21,1086,4 mg,150
1499,Arokast FT,allopathic,21,1086,5 mg,150
1500,Arolak,allopathic,26,896,10 mg/ml,16
1501,Arolak,allopathic,26,896,30 mg/ml,16
1502,Arolak,allopathic,92,896,10 mg,16
1503,Arolax,allopathic,91,950,1 mg/5 ml,150
1504,Arolax,allopathic,92,950,1 mg,150
1505,Arolax,allopathic,92,950,2 mg,150
1506,Aromatin,allopathic,92,94,1 mg,25
1507,Aroneb,allopathic,55,109,15 mcg/2 ml,106
1508,Aronem,allopathic,39,1036,1 gm/vial,2
1509,Aronem,allopathic,39,1036,500 mg/vial,2
1510,Aropen,allopathic,39,1036,500 mg/vial,25
1511,Aros,allopathic,92,9,100 mg,89
1512,Arotide,allopathic,28,1426,50 mcg+100 mcg,73
1513,Arotide,allopathic,28,1426,50 mcg+250 mcg,73
1514,Arotide,allopathic,28,1426,50 mcg+500 mcg,73
1515,Arotide,allopathic,29,1426,(25 mcg+125 mcg)/puff,73
1516,Arotide,allopathic,29,1426,(25 mcg+250 mcg)/puff,73
1517,Arotril,allopathic,92,389,0.5 mg,25
1518,Arotril,allopathic,92,389,1 mg,25
1519,Arotril,allopathic,92,389,2 mg,25
1520,Arotrix,allopathic,11,1264,5% w/w,25
1521,Arovan,allopathic,2,1645,80 mg,25
1522,Arovent,allopathic,9,1086,5 mg,171
1523,Arovent,allopathic,14,1086,4 mg,171
1524,Arovent,allopathic,92,1086,10 mg,171
1525,Arovital,allopathic,37,1111,,25
1526,A-Rox,allopathic,75,1410,50 mg/5 ml,16
1527,A-Rox,allopathic,92,1410,150 mg,16
1528,A-Rox,allopathic,92,1410,300 mg,16
1529,Aroxia,allopathic,92,614,120 mg,5
1530,Aroxia,allopathic,92,614,60 mg,5
1531,Aroxia,allopathic,92,614,90 mg,5
1532,Aroxol,allopathic,72,66,6 mg/ml,101
1533,Aroxol,allopathic,91,66,15 mg/5 ml,101
1534,Arpolax,allopathic,92,369,20 mg,106
1535,Arromin,allopathic,69,1331,5 mg/5 ml,107
1536,Arsenor,allopathic,92,105,10 mg,31
1537,Arsenor,allopathic,92,105,30 mg,31
1538,Artear,allopathic,62,1303,5% v/v,185
1539,Artem,allopathic,91,114,(15 mg+90 mg)/5 ml,8
1540,Artem,allopathic,92,114,20 mg+120 mg,8
1541,Artemet,allopathic,92,114,20 mg+120 mg,106
1542,Artesunet,allopathic,92,115,50 mg,8
1543,Artex,allopathic,92,115,50 mg,113
1544,Arth-A,allopathic,92,727,250 mg+200 mg,4
1545,Arth-A Max,allopathic,92,729,750 mg+50 mg,4
1546,Arth-A TS,allopathic,92,727,750 mg+600 mg,4
1547,Arthanib,allopathic,92,1593,5 mg,25
1548,Arthanib XR,allopathic,96,1593,11 mg,25
1549,Arthofix,allopathic,92,727,250 mg+200 mg,75
1550,Arthrocare,allopathic,92,727,250 mg+200 mg,64
1551,Arthrofen,allopathic,92,498,50 mg+200 mcg,101
1552,Arthrofen,allopathic,92,498,75 mg+200 mcg,101
1553,Arthrofen Plus,allopathic,24,496,(75 mg+20 mg)/2 ml,101
1554,Arthrosin,allopathic,92,727,250 mg+200 mg,229
1555,Arthrosin TS,allopathic,92,727,750 mg+600 mg,229
1556,Artica,allopathic,91,800,10 mg/5 ml,2
1557,Artica,allopathic,92,800,10 mg,2
1558,Artica,allopathic,92,800,25 mg,2
1559,Articulex,allopathic,92,727,250 mg+200 mg,105
1560,Artiflex,allopathic,92,727,250 mg+200 mg,192
1561,Artiforte,allopathic,62,733,0.25%,150
1562,Artifresh,allopathic,60,292,0.25%+0.3%,150
1563,Artigo,allopathic,92,362,20 mg+40 mg,2
1564,Artiron,allopathic,62,1482,0.10%,165
1565,Artiron DS,allopathic,62,1482,0.20%,165
1566,Artoflex,allopathic,92,475,300 mg,165
1567,Artorix,allopathic,92,614,120 mg,26
1568,Artorix,allopathic,92,614,60 mg,26
1569,Artorix,allopathic,92,614,90 mg,26
1570,Arubin,herbal,2,1120,500 mg,217
1571,Arulina,herbal,2,1504,500 mg,25
1572,Aruxil,allopathic,92,45,30 mg+10 mg,165
1573,Ascab,allopathic,45,174,1.25 gm/5 ml,104
1574,Ascabiol,allopathic,45,174,1.25 gm/5 ml,222
1575,Asclop,allopathic,92,391,75 mg+75 mg,37
1576,Ascobex,allopathic,9,1676,250 mg,35
1577,Ascoferon,allopathic,91,639,200 mg/5 ml,143
1578,Ascon-F,allopathic,29,158,(100 mcg+6 mcg)/puff,4
1579,Ascon-F,allopathic,29,158,(200 mcg+6 mcg)/puff,4
1580,Ascorin,allopathic,9,1676,250 mg,42
1581,Ascoson,allopathic,9,1676,250 mg,113
1582,Ascoson,allopathic,30,1676,500 mg/5 ml,113
1583,Ascoson,allopathic,91,1676,100 mg/5 ml,113
1584,Ascova,allopathic,91,531,100 mg/5 ml,122
1585,Ascova,allopathic,92,531,200 mg,122
1586,Ascova,allopathic,92,531,400 mg,122
1587,Ascovit,allopathic,9,1676,250 mg,179
1588,Asector,allopathic,4,586,20 mg,158
1589,Asector,allopathic,4,586,40 mg,158
1590,Asector,allopathic,38,586,40 mg/vial,158
1591,Asfen,allopathic,91,899,1 mg/5 ml,235
1592,Asibion,allopathic,92,,100 mg+200 mg+200 mcg,26
1593,Asiclin,allopathic,2,374,150 mg,26
1594,Asiclin,allopathic,2,374,300 mg,26
1595,Asidox,allopathic,2,533,100 mg,26
1596,Asilac,allopathic,69,911,3.35 gm/5 ml,26
1597,Asilee,allopathic,92,945,500 mg,26
1598,Asilee-TS,allopathic,62,944,1.50%,26
1599,Asinar,allopathic,92,1368,150 mg,222
1600,Asitrax,allopathic,91,934,40 mg/5 ml,26
1601,Asitrol,allopathic,92,324,10 mg,26
1602,Asitrum Cod,allopathic,91,1097,,26
1603,Asitrum Gold,allopathic,92,1100,,26
1604,Asitrum Silver,allopathic,92,1103,,26
1605,Asivit ZI,allopathic,91,861,,26
1606,Asixone,allopathic,24,315,1 gm/vial,26
1607,Asixone,allopathic,24,315,250 mg/vial,26
1608,Asixone,allopathic,24,315,500 mg/vial,26
1609,Asixone,allopathic,38,315,1 gm/vial,26
1610,Asixone,allopathic,38,315,250 mg/vial,26
1611,Asixone,allopathic,38,315,500 mg/vial,26
1612,Asizime,allopathic,37,142,1 gm/vial,26
1613,Asizime,allopathic,37,142,250 mg/vial,26
1614,Asizime,allopathic,37,142,500 mg/vial,26
1615,Asizith,allopathic,75,142,200 mg/5 ml,26
1616,Asizith,allopathic,92,142,250 mg,26
1617,Asizith,allopathic,92,142,500 mg,26
1618,Askorel,allopathic,72,239,5 mg/ml,106
1619,Askorel,allopathic,91,239,7.5 mg/5 ml,106
1620,Askorel SR,allopathic,100,239,50 mg,106
1621,Aslan-D,allopathic,4,477,30 mg,229
1622,Aslan-D,allopathic,4,477,60 mg,229
1623,Aslor,allopathic,91,462,2.5 mg/5 ml,66
1624,Aslor,allopathic,92,462,5 mg,66
1625,Asmacon SR,allopathic,100,1571,400 mg,173
1626,Asmafen,allopathic,62,898,0.03%,89
1627,Asmafen,allopathic,91,899,1 mg/5 ml,89
1628,Asmafen,allopathic,92,899,1 mg,89
1629,Asmain,allopathic,91,1571,120 mg/5 ml,67
1630,Asmalin,allopathic,29,1420,100 mcg/puff,25
1631,Asmaloc,allopathic,91,1571,120 mg/5 ml,210
1632,Asmaloc SR,allopathic,100,1571,300 mg,210
1633,Asmaloc SR,allopathic,100,1571,400 mg,210
1634,Asmaphen,allopathic,91,566,15 mg/5 ml,207
1635,Asmaphen,allopathic,92,566,30 mg,207
1636,Asmarid,herbal,91,1003,,4
1637,Asmatab,allopathic,9,1086,5 mg,233
1638,Asmatab,allopathic,92,1086,10 mg,233
1639,Asmatol,allopathic,91,1419,2 mg/5 ml,197
1640,Asmiket,allopathic,91,899,1 mg/5 ml,163
1641,Asmolex,allopathic,91,1419,2 mg/5 ml,25
1642,Asmolex,allopathic,92,1419,4 mg,25
1643,Asmolex-L,allopathic,91,950,1 mg/5 ml,25
1644,Asmont,allopathic,92,1086,10 mg,215
1645,Asmont,allopathic,92,1086,4 mg,215
1646,Asmont,allopathic,92,1086,5 mg,215
1647,Asorin,allopathic,95,119,75 mg,119
1648,Asozit,allopathic,4,586,20 mg,226
1649,Asozit,allopathic,4,586,40 mg,226
1650,ASP,allopathic,92,9,100 mg,189
1651,Asparex,herbal,91,413,,4
1652,A-Spasm,allopathic,92,1223,5 mg,4
1653,Aspasom,allopathic,26,1580,5 mg/2 ml,119
1654,Aspasom,allopathic,91,1580,10 mg/5 ml,119
1655,Aspasom,allopathic,92,1580,50 mg,119
1656,Aspin-Plus,allopathic,92,391,75 mg+75 mg,25
1657,Aspirel,allopathic,92,391,75 mg+75 mg,105
1658,Aspra,allopathic,4,1199,20 mg,20
1659,Aspra,allopathic,4,1199,40 mg,20
1660,Asprofen,allopathic,92,899,1 mg,197
1661,Asta,allopathic,70,1238,120 mg/5 ml,197
1662,Asta,allopathic,92,1238,500 mg,197
1663,Asta King,allopathic,2,121,2 mg,66
1664,Asta King,allopathic,2,121,4 mg,66
1665,Asta Plus,allopathic,92,1240,500 mg+65 mg,197
1666,Asta XR,allopathic,96,1238,665 mg,197
1667,Astac,allopathic,92,1368,150 mg,27
1668,Astagen,allopathic,2,121,2 mg,84
1669,Astagen,allopathic,2,121,4 mg,84
1670,Astamax,allopathic,2,121,2 mg,185
1671,Astamax,allopathic,2,121,4 mg,185
1672,Astasoft,allopathic,2,121,2 mg,173
1673,Astasoft,allopathic,2,121,4 mg,173
1674,Astatin,allopathic,92,128,10 mg,231
1675,A-Statin,allopathic,92,128,10 mg,64
1676,Aster,allopathic,92,128,10 mg,75
1677,Aster,allopathic,92,128,20 mg,75
1678,Asthmolin,allopathic,91,1419,2 mg/5 ml,179
1679,Asthmolin,allopathic,92,1419,2 mg,179
1680,Astin,allopathic,92,128,10 mg,113
1681,Astin,allopathic,92,128,20 mg,113
1682,Astiva,allopathic,92,128,10 mg,221
1683,Astra-N,allopathic,92,,100 mg+200 mg+200 mcg,27
1684,Astra-Z,allopathic,92,1671,,27
1685,Astro-Z,allopathic,8,641,150 mg+0.5 mg+61.8 mg,223
1686,Asul,allopathic,91,1419,2 mg/5 ml,26
1687,Asunra,allopathic,14,453,100 mg,156
1688,Asunra,allopathic,14,453,400 mg,156
1689,Asynta,allopathic,9,1464,500 mg+100 mg,217
1690,Asynta,allopathic,70,1464,(500 mg+100 mg)/5 ml,217
1691,Asynta Max,allopathic,70,1465,(500 mg+267 mg+160 mg)/10 ml,217
1692,Atanib,allopathic,92,31,40 mg,25
1693,Atasin,allopathic,92,128,10 mg,2
1694,Atasin,allopathic,92,128,20 mg,2
1695,Atasin,allopathic,92,128,40 mg,2
1696,Atasin,allopathic,92,128,80 mg,2
1697,Atebit,allopathic,92,123,100 mg,26
1698,Atebit,allopathic,92,123,50 mg,26
1699,Atechlor,allopathic,92,124,100 mg+25 mg,212
1700,Atechlor,allopathic,92,124,50 mg+25 mg,212
1701,Atenol,allopathic,92,123,100 mg,179
1702,Atenol,allopathic,92,123,50 mg,179
1703,Atenolol,allopathic,92,123,100 mg,108
1704,Atepine,allopathic,92,82,5 mg+50 mg,179
1705,A-Tetra,allopathic,2,1568,500 mg,4
1706,A-Tetra,allopathic,61,1567,1%,4
1707,Atezen,allopathic,92,123,100 mg,239
1708,Atezen,allopathic,92,123,50 mg,239
1709,Atezen Plus,allopathic,92,82,5 mg+50 mg,239
1710,Atidon,allopathic,92,524,10 mg,26
1711,Atier,allopathic,62,804,0.30%,2
1712,Atin,allopathic,92,123,50 mg,113
1713,Atinid,allopathic,75,1165,100 mg/5 ml,37
1714,Atinid,allopathic,92,1165,500 mg,37
1715,Atocon,allopathic,92,128,10 mg,135
1716,Atol,allopathic,92,123,100 mg,148
1717,Atol,allopathic,92,123,50 mg,148
1718,Atomax,allopathic,92,128,10 mg,14
1719,Atomax,allopathic,92,128,20 mg,14
1720,Atonor,allopathic,92,128,10 mg,26
1721,Atonor,allopathic,92,128,20 mg,26
1722,Atopen,allopathic,70,1238,120 mg/5 ml,119
1723,Atopen,allopathic,92,1238,500 mg,119
1724,Atopen Extend,allopathic,96,1238,665 mg,119
1725,Atopen Plus,allopathic,92,1240,500 mg+65 mg,119
1726,Atopen-X,allopathic,92,,325 mg+37.5 mg,119
1727,Atorvast,allopathic,92,128,10 mg,136
1728,Atostin,allopathic,92,128,10 mg,215
1729,Atostin,allopathic,92,128,20 mg,215
1730,Atova,allopathic,92,128,10 mg,35
1731,Atova,allopathic,92,128,20 mg,35
1732,Atova,allopathic,92,128,40 mg,35
1733,Atova EZ,allopathic,92,127,10 mg+10 mg,35
1734,Atova EZ,allopathic,92,127,20 mg+10 mg,35
1735,Atovex,allopathic,92,128,10 mg,114
1736,Atovex,allopathic,92,128,20 mg,114
1737,Atovin,allopathic,92,128,10 mg,9
1738,Atovin,allopathic,92,128,20 mg,9
1739,Atoz Premium,allopathic,92,1100,,191
1740,Atoz Senior,allopathic,92,1103,,191
1741,AtoZin,allopathic,92,1098,,143
1742,ATP,allopathic,70,1238,120 mg/5 ml,84
1743,ATP,allopathic,92,1238,500 mg,84
1744,ATP Extra,allopathic,92,1240,500 mg+65 mg,84
1745,ATP XR,allopathic,96,1238,665 mg,84
1746,Atracurium Hameln,allopathic,38,130,25 mg/2.5 ml,
1747,Atrex,allopathic,91,934,40 mg/5 ml,29
1748,Atrium,allopathic,38,130,25 mg/2.5 ml,48
1749,Atrizin,allopathic,72,324,2.5 mg/ml,35
1750,Atrizin,allopathic,91,324,5 mg/5 ml,35
1751,Atrizin,allopathic,92,324,10 mg,35
1752,Atrogen,allopathic,61,131,1%,84
1753,Atrogen,allopathic,62,131,1%,84
1754,Atropin,allopathic,30,131,0.6 mg/ml,204
1755,Atropine,allopathic,30,131,0.6 mg/ml,48
1756,Atropine,allopathic,30,131,0.6 mg/ml,67
1757,Atropine,allopathic,30,131,0.6 mg/ml,113
1758,Atropine OSL,allopathic,61,131,1%,164
1759,Atropine OSL,allopathic,62,131,1%,164
1760,Atrovast,allopathic,92,128,10 mg,161
1761,Atrovast,allopathic,92,128,20 mg,161
1762,Attentin,allopathic,2,126,10 mg,229
1763,ATV,allopathic,92,128,10 mg,62
1764,ATV,allopathic,92,128,20 mg,62
1765,ATV,allopathic,92,128,40 mg,62
1766,ATV Plus,allopathic,92,83,5 mg+10 mg,62
1767,AU-20,allopathic,4,1199,20 mg,61
1768,Augment,allopathic,38,90,(1 gm+200 mg)/20 ml,73
1769,Augment,allopathic,75,90,(125 mg+31.25 mg)/5 ml,73
1770,Augment,allopathic,92,90,250 mg+125 mg,73
1771,Augment,allopathic,92,90,500 mg+125 mg,73
1772,Augment,allopathic,92,90,875 mg+125 mg,73
1773,Aumi,allopathic,4,1199,20 mg,104
1774,Aumi,allopathic,4,1199,40 mg,104
1775,AUP,allopathic,95,1237,20 mg,61
1776,AUP,allopathic,95,1237,40 mg,61
1777,Austomin,allopathic,92,727,250 mg+200 mg,98
1778,Autoben,allopathic,9,34,400 mg,64
1779,Autotear,allopathic,62,1292,0.4%+0.3%,185
1780,Auxil,allopathic,2,651,250 mg,
1781,Auxil,allopathic,2,651,500 mg,
1782,Auxil,allopathic,75,651,125 mg/5 ml,
1783,AV,allopathic,92,87,10 mg+160 mg,66
1784,AV,allopathic,92,87,5 mg+160 mg,66
1785,AV,allopathic,92,87,5 mg+80 mg,66
1786,Avalon,allopathic,75,142,200 mg/5 ml,225
1787,Avalon,allopathic,92,142,500 mg,225
1788,Avamist,allopathic,54,675,27.5 mcg/spray,155
1789,Avamys,allopathic,54,675,27.5 mcg/spray,88
1790,Avanza,allopathic,2,121,2 mg,101
1791,Avanza,allopathic,2,121,4 mg,101
1792,Avas,allopathic,92,128,10 mg,165
1793,Avas,allopathic,92,128,20 mg,165
1794,Avas,allopathic,92,128,40 mg,165
1795,Avaspray,allopathic,54,675,27.5 mcg/spray,217
1796,Avastatin,allopathic,92,128,10 mg,67
1797,Avastin,allopathic,37,195,100 mg/4 ml,200
1798,Avastin,allopathic,37,195,400 mg/16 ml,200
1799,Avastrol,allopathic,92,128,10 mg,45
1800,Avastrol,allopathic,92,128,20 mg,45
1801,Avatan,allopathic,62,1608,0.00%,25
1802,Avatan-T,allopathic,62,1609,0.004%+0.5%,25
1803,Avator,allopathic,92,128,10 mg,155
1804,Avator,allopathic,92,128,20 mg,155
1805,Avelox,allopathic,92,945,500 mg,133
1806,Avemac,allopathic,92,879,12 mg,165
1807,Avemac,allopathic,92,879,3 mg,165
1808,Avemac,allopathic,92,879,6 mg,165
1809,Avenac,allopathic,92,9,100 mg,191
1810,Avert,allopathic,92,1015,50 mg,37
1811,Avert Plus,allopathic,92,1014,25 mg+50 mg,37
1812,Avidol,allopathic,92,296,6.25 mg,5
1813,Avidro,allopathic,92,1289,0.5 mg,35
1814,Avidro,allopathic,92,1289,1.5 mg,35
1815,Avifanz,allopathic,92,545,600 mg,35
1816,Avifix,allopathic,92,1142,250 mg,35
1817,Avil,allopathic,26,1268,45.5 mg/2 ml,222
1818,Avil,allopathic,91,1268,15 mg/5 ml,222
1819,Avil,allopathic,92,1268,22.7 mg,222
1820,Avil Retard,allopathic,92,1268,75 mg,222
1821,Avilam,allopathic,92,913,150 mg,35
1822,Avintol,allopathic,92,1666,5 mg,2
1823,Avison,allopathic,11,544,1%+0.1%,171
1824,Avista,allopathic,92,1524,,119
1825,Avlocid,allopathic,9,57,175 mg+225 mg,2
1826,Avlocid,allopathic,70,57,(250 mg+400 mg)/5 ml,2
1827,Avlocid MS,allopathic,9,997,480 mg+20 mg,2
1828,Avlocid MS,allopathic,70,997,(480 mg+20 mg)/5 ml,2
1829,Avlocid Plus,allopathic,9,58,400 mg+400 mg+30 mg,2
1830,Avlocid Plus,allopathic,70,58,(400 mg+400 mg+30 mg)/5 ml,2
1831,Avloclav,allopathic,38,90,(1 gm+200 mg)/20 ml,2
1832,Avloclav,allopathic,38,90,(500 mg+100 mg)/10 ml,2
1833,Avloclav,allopathic,75,90,(125 mg+31.25 mg)/5 ml,2
1834,Avloclav,allopathic,92,90,250 mg+125 mg,2
1835,Avloclav,allopathic,92,90,500 mg+125 mg,2
1836,Avloclav,allopathic,92,90,875 mg+125 mg,2
1837,Avloclav BID,allopathic,75,90,(400 mg+57.50 mg)/5 ml,2
1838,Avlomox,allopathic,2,91,250 mg,2
1839,Avlomox,allopathic,2,91,500 mg,2
1840,Avlomox,allopathic,26,91,500 mg/vial,2
1841,Avlomox,allopathic,72,91,125 mg/1.25 ml,2
1842,Avlomox,allopathic,75,91,125 mg/5 ml,2
1843,Avlomox DS,allopathic,75,91,250 mg/5 ml,2
1844,Avloquin,allopathic,91,342,50 mg/5 ml,2
1845,Avloquin,allopathic,92,342,250 mg,2
1846,Avlosef,allopathic,2,321,250 mg,2
1847,Avlosef,allopathic,2,321,500 mg,2
1848,Avlosef,allopathic,72,321,125 mg/1.25 ml,2
1849,Avlosef,allopathic,75,321,125 mg/5 ml,2
1850,Avlosef DS,allopathic,75,321,250 mg/5 ml,2
1851,Avlotrin,allopathic,70,1520,(200 mg+40 mg)/5 ml,2
1852,Avlotrin,allopathic,92,1520,400 mg+80 mg,2
1853,Avlotrin DS,allopathic,92,1520,800 mg+160 mg,2
1854,Avocard,allopathic,92,128,10 mg,226
1855,Avocard,allopathic,92,128,20 mg,226
1856,Avodil VL,allopathic,92,87,10 mg+320 mg,165
1857,Avolac,allopathic,69,911,3.35 gm/5 ml,25
1858,Avolose,allopathic,69,911,3.35 gm/5 ml,224
1859,Avomine,allopathic,92,1333,25 mg,222
1860,Avomit,allopathic,70,524,5 mg/5 ml,48
1861,Avomit,allopathic,92,524,10 mg,48
1862,Avona,allopathic,69,1201,4 mg/5 ml,185
1863,Avona,allopathic,92,1201,8 mg,185
1864,Avonex,allopathic,92,1014,25 mg+50 mg,158
1865,Avonoid,allopathic,92,1063,450 mg+50 mg,229
1866,Avost,allopathic,62,1608,0.00%,105
1867,Avost Plus,allopathic,62,1609,0.004%+0.5%,105
1868,Avotil,allopathic,92,1326,5 mg,197
1869,Avro,allopathic,62,1608,0.00%,66
1870,Avudin,allopathic,92,914,150 mg+300 mg,217
1871,AX,allopathic,92,178,6 mg+200 mg+50 mg,42
1872,Axant,allopathic,92,147,10 mg,160
1873,Axant,allopathic,92,147,25 mg,160
1874,Axeclav,allopathic,75,317,(125 mg+31.25 mg)/5 ml,9
1875,Axeclav,allopathic,92,317,250 mg+62.5 mg,9
1876,Axeclav,allopathic,92,317,500 mg+125 mg,9
1877,Axefur,allopathic,75,316,125 mg/5 ml,18
1878,Axefur,allopathic,92,316,250 mg,18
1879,Axepime,allopathic,26,303,1 gm/vial,75
1880,Axet,allopathic,26,316,750 mg/vial,171
1881,Axet,allopathic,75,316,125 mg/5 ml,171
1882,Axet,allopathic,92,316,125 mg,171
1883,Axet,allopathic,92,316,250 mg,171
1884,Axet,allopathic,92,316,500 mg,171
1885,Axetil,allopathic,75,316,125 mg/5 ml,9
1886,Axetil,allopathic,92,316,125 mg,9
1887,Axetil,allopathic,92,316,250 mg,9
1888,Axetil,allopathic,92,316,500 mg,9
1889,Axibid,allopathic,92,316,250 mg,161
1890,Axibid,allopathic,92,316,500 mg,161
1891,Axicef,allopathic,75,316,125 mg/5 ml,229
1892,Axicef,allopathic,92,316,250 mg,229
1893,Axicef,allopathic,92,316,500 mg,229
1894,Axicef Plus,allopathic,75,317,(125 mg+31.25 mg)/5 ml,229
1895,Axicef Plus,allopathic,92,317,125 mg+31.25 mg,229
1896,Axicef Plus,allopathic,92,317,250 mg+62.5 mg,229
1897,Axicef Plus,allopathic,92,317,500 mg+125 mg,229
1898,Axim,allopathic,26,316,750 mg/vial,25
1899,Axim,allopathic,38,316,1.5 gm/vial,25
1900,Axim,allopathic,75,316,125 mg/5 ml,25
1901,Axim,allopathic,92,316,125 mg,25
1902,Axim,allopathic,92,316,250 mg,25
1903,Axim,allopathic,92,316,500 mg,25
1904,Axim CV,allopathic,75,317,(125 mg+31.25 mg)/5 ml,25
1905,Axim CV,allopathic,92,317,250 mg+62.5 mg,25
1906,Axim CV,allopathic,92,317,500 mg+125 mg,25
1907,Aximin,allopathic,92,1388,550 mg,4
1908,Axinat,allopathic,29,1427,25 mcg/puff,4
1909,Axinat-F,allopathic,29,1426,(25 mcg+125 mcg)/puff,4
1910,Axinat-F,allopathic,29,1426,(25 mcg+250 mcg)/puff,4
1911,Axinix,allopathic,92,134,1 mg,31
1912,Axinix,allopathic,92,134,5 mg,31
1913,Axlovir,allopathic,92,1164,150 mg+100 mg,217
1914,Axodin,allopathic,70,642,30 mg/5 ml,35
1915,Axodin,allopathic,92,642,120 mg,35
1916,Axodin,allopathic,92,642,180 mg,35
1917,Axodin,allopathic,92,642,60 mg,35
1918,Axofen,allopathic,70,642,30 mg/5 ml,25
1919,Axofen,allopathic,92,642,120 mg,25
1920,Axofen,allopathic,92,642,180 mg,25
1921,Axofyl,allopathic,92,531,200 mg,171
1922,Axofyl,allopathic,92,531,400 mg,171
1923,Axon,allopathic,24,315,1 gm/vial,25
1924,Axon,allopathic,24,315,250 mg/vial,25
1925,Axon,allopathic,24,315,500 mg/vial,25
1926,Axon,allopathic,38,315,1 gm/vial,25
1927,Axon,allopathic,38,315,250 mg/vial,25
1928,Axon,allopathic,38,315,2 gm/vial,25
1929,Axon,allopathic,38,315,500 mg/vial,25
1930,Axosin,allopathic,24,315,1 gm/vial,105
1931,Axosin,allopathic,24,315,250 mg/vial,105
1932,Axosin,allopathic,24,315,500 mg/vial,105
1933,Axosin,allopathic,38,315,1 gm/vial,105
1934,Axosin,allopathic,38,315,250 mg/vial,105
1935,Axosin,allopathic,38,315,2 gm/vial,105
1936,Axosin,allopathic,38,315,500 mg/vial,105
1937,Axovit,allopathic,92,,100 mg+200 mg+200 mcg,64
1938,Axsol,allopathic,91,66,15 mg/5 ml,153
1939,AZ,allopathic,2,142,250 mg,25
1940,AZ,allopathic,2,142,500 mg,25
1941,AZ,allopathic,62,143,1%,25
1942,AZ,allopathic,75,142,200 mg/5 ml,25
1943,AZ,allopathic,92,142,250 mg,25
1944,AZ,allopathic,92,142,500 mg,25
1945,Azalid,allopathic,2,142,250 mg,171
1946,Azalid,allopathic,75,142,200 mg/5 ml,171
1947,Azalid,allopathic,92,142,500 mg,171
1948,Azaltic,allopathic,75,142,200 mg/5 ml,155
1949,Azaltic,allopathic,92,142,500 mg,155
1950,Azapin,allopathic,92,1073,15 mg,122
1951,Azasite,allopathic,75,142,200 mg/5 ml,210
1952,Azasite,allopathic,92,142,500 mg,210
1953,Azbec,allopathic,29,159,100 mcg/puff,73
1954,Azbec,allopathic,29,159,250 mcg/puff,73
1955,Azebac,allopathic,92,142,500 mg,204
1956,Azecol,allopathic,20,,,106
1957,Azee,allopathic,75,142,200 mg/5 ml,96
1958,Azee,allopathic,92,142,500 mg,96
1959,Azeflu,allopathic,54,139,(137 mcg+50 mcg)/spray,164
1960,Azelast,allopathic,54,138,137 mcg/spray,106
1961,Azelec,allopathic,11,136,20%,4
1962,Azelta,allopathic,54,138,137 mcg/spray,164
1963,Azelto,allopathic,2,1123,100 mg,240
1964,Azepam,allopathic,92,490,5 mg,4
1965,Azexia,allopathic,75,142,200 mg/5 ml,180
1966,Azexia,allopathic,92,142,500 mg,180
1967,Azi S,allopathic,75,142,200 mg/5 ml,207
1968,Azi S,allopathic,92,142,500 mg,207
1969,Azicin,allopathic,2,142,250 mg,165
1970,Azicin,allopathic,2,142,500 mg,165
1971,Azicin,allopathic,62,143,1%,165
1972,Azicin,allopathic,75,142,1 gm/Sachet,165
1973,Azicin,allopathic,75,142,200 mg/5 ml,165
1974,Azicin,allopathic,92,142,250 mg,165
1975,Azicin,allopathic,92,142,500 mg,165
1976,Aziget,allopathic,75,142,200 mg/5 ml,87
1977,Aziget,allopathic,92,142,500 mg,87
1978,Azikil,allopathic,75,142,200 mg/5 ml,163
1979,Azikil,allopathic,92,142,500 mg,163
1980,Azilab,allopathic,75,142,200 mg/5 ml,122
1981,Azilab,allopathic,92,142,500 mg,122
1982,Azilit,allopathic,75,142,200 mg/5 ml,63
1983,Azilit,allopathic,92,142,500 mg,63
1984,Azilpres,allopathic,92,140,40 mg,106
1985,Azilpres,allopathic,92,140,80 mg,106
1986,Azilpres Plus,allopathic,92,141,40 mg+12.5 mg,106
1987,Azimete,allopathic,75,142,200 mg/5 ml,136
1988,Azimete,allopathic,92,142,500 mg,136
1989,Azimex,allopathic,75,142,200 mg/5 ml,66
1990,Azimex,allopathic,92,142,250 mg,66
1991,Azimex,allopathic,92,142,500 mg,66
1992,Azimon,allopathic,75,142,200 mg/5 ml,143
1993,Azimon,allopathic,92,142,500 mg,143
1994,Azin,allopathic,2,142,250 mg,4
1995,Azin,allopathic,75,142,200 mg/5 ml,4
1996,Azin,allopathic,92,142,500 mg,4
1997,Azinaaf,allopathic,75,142,200 mg/5 ml,149
1998,Azinaaf,allopathic,92,142,500 mg,149
1999,Azinil,allopathic,62,143,1%,20
2000,Azinil,allopathic,75,142,200 mg/5 ml,20
2001,Azinil,allopathic,92,142,250 mg,20
2002,Azinil,allopathic,92,142,500 mg,20
2003,Azirex,allopathic,92,142,500 mg,32
2004,Azirox,allopathic,75,142,200 mg/5 ml,150
2005,Azirox,allopathic,92,142,500 mg,150
2006,Azisan,allopathic,92,140,40 mg,196
2007,Azisan,allopathic,92,140,80 mg,196
2008,Azisan Plus,allopathic,92,141,40 mg+12.5 mg,196
2009,Azistar,allopathic,92,140,40 mg,25
2010,Azistar,allopathic,92,140,80 mg,25
2011,Azitac,allopathic,75,142,200 mg/5 ml,231
2012,Azitac,allopathic,92,142,500 mg,231
2013,Azitel,allopathic,2,142,500 mg,54
2014,Azitel,allopathic,75,142,200 mg/5 ml,54
2015,Azithin,allopathic,75,142,200 mg/5 ml,48
2016,Azithin,allopathic,92,142,500 mg,48
2017,Azithral,allopathic,75,142,200 mg/5 ml,90
2018,Azithral,allopathic,92,142,500 mg,90
2019,Azithro,allopathic,75,142,200 mg/5 ml,27
2020,Azithro,allopathic,92,142,250 mg,27
2021,Azithro,allopathic,92,142,500 mg,27
2022,Azithrocin,allopathic,2,142,250 mg,35
2023,Azithrocin,allopathic,37,142,500 mg/vial,35
2024,Azithrocin,allopathic,75,142,200 mg/5 ml,35
2025,Azithrocin,allopathic,92,142,250 mg,35
2026,Azithrocin,allopathic,92,142,500 mg,35
2027,Azithrogen,allopathic,92,142,500 mg,36
2028,Azithromax,allopathic,75,142,200 mg/5 ml,240
2029,Azithromax,allopathic,92,142,500 mg,240
2030,Azithromycin,allopathic,75,142,200 mg/5 ml,186
2031,Azitor,allopathic,75,142,200 mg/5 ml,46
2032,Azitor,allopathic,92,142,500 mg,46
2033,Azitra,allopathic,92,142,500 mg,145
2034,Azix,allopathic,75,142,200 mg/5 ml,17
2035,Azix,allopathic,92,142,500 mg,17
2036,Azmasol,allopathic,29,1420,100 mcg/puff,35
2037,Azmasol,allopathic,29,1420,100 mcg/puff,35
2038,Azmasol,allopathic,78,1419,2.5 mg/3 ml,35
2039,Azmasol,allopathic,78,1419,5 mg/ml,35
2040,Azmet,allopathic,91,1419,2 mg/5 ml,135
2041,Azmin,allopathic,75,142,200 mg/5 ml,141
2042,Azmin,allopathic,92,142,500 mg,141
2043,Azo,allopathic,75,142,200 mg/5 ml,62
2044,Azo,allopathic,92,142,500 mg,62
2045,Azobrin,allopathic,63,220,1%,101
2046,Azobrin Plus,allopathic,63,221,1%+0.2%,101
2047,Azole,allopathic,9,34,400 mg,37
2048,Azole,allopathic,70,34,200 mg/5 ml,37
2049,Azolin,allopathic,52,1220,0.03%,4
2050,Azolin,allopathic,52,1220,0.05%,4
2051,Azomac,allopathic,75,142,200 mg/5 ml,84
2052,Azomac,allopathic,92,142,500 mg,84
2053,Azomid,allopathic,63,220,1%,35
2054,Azonam,allopathic,26,144,1 gm/5 ml,106
2055,Azonox,allopathic,2,877,100 mg,165
2056,Azopres,allopathic,63,220,1%,105
2057,Azopres BR,allopathic,63,221,1%+0.2%,105
2058,Azopt,allopathic,62,528,2%+0.5%,105
2059,Azosil,allopathic,75,142,200 mg/5 ml,211
2060,Azosil,allopathic,92,142,500 mg,211
2061,Azovit Gold,allopathic,92,1100,,158
2062,Azro,allopathic,75,142,200 mg/5 ml,153
2063,Azro,allopathic,92,142,500 mg,153
2064,AztaCap,allopathic,2,121,4 mg,106
2065,Aztor,allopathic,92,128,10 mg,219
2066,Aztor,allopathic,92,128,20 mg,219
2067,Aztor,allopathic,92,128,40 mg,219
2068,Aztrum A-Z,allopathic,92,1098,,20
2069,Aztrum Gold,allopathic,92,1100,,20
2070,Aztrum Kidz,allopathic,91,1102,,20
2071,Aztrum Silver,allopathic,92,1103,,20
2072,Aztrum-I,allopathic,20,,,20
2073,A-Zyme,allopathic,92,1235,325 mg,4
2074,Azyth,allopathic,2,142,250 mg,206
2075,Azyth,allopathic,75,142,200 mg/5 ml,206
2076,Azyth,allopathic,92,142,500 mg,206
2077,B Easy,allopathic,9,1086,5 mg,82
2078,B Easy,allopathic,92,1086,10 mg,82
2079,B126,allopathic,92,,100 mg+200 mg+200 mcg,185
2080,B3,allopathic,92,,100 mg+200 mg+200 mcg,14
2081,B-50 Forte,allopathic,2,1669,,217
2082,B-50 Forte,allopathic,26,1669,,217
2083,B-50 Forte,allopathic,91,1669,,217
2084,Babiz,allopathic,91,1671,,192
2085,Baby saline,allopathic,37,1471,0.225%+5%,128
2086,Baby Zinc,allopathic,14,1703,20 mg,4
2087,Babykion,allopathic,30,1274,2 mg/0.2 ml,48
2088,Babysol,allopathic,37,1471,0.225%+5%,164
2089,Babysol Junior,allopathic,37,1471,0.45%+5%,164
2090,Bacaid,allopathic,92,147,10 mg,122
2091,Bacaid,allopathic,92,147,5 mg,122
2092,Bacben,allopathic,92,147,10 mg,34
2093,Bacifen,allopathic,92,147,10 mg,37
2094,Bacilax,allopathic,2,1324,9 billion,217
2095,Bacilex,allopathic,92,1288,200 mg,179
2096,Backtone,allopathic,92,147,10 mg,191
2097,Backtone,allopathic,92,147,5 mg,191
2098,Baclax,allopathic,92,147,10 mg,211
2099,Baclium,allopathic,92,147,10 mg,235
2100,Baclobac,allopathic,92,147,10 mg,180
2101,Baclobac,allopathic,92,147,5 mg,180
2102,Baclodol,allopathic,92,147,10 mg,27
2103,Baclof,allopathic,92,147,10 mg,173
2104,Baclofen,allopathic,92,147,10 mg,17
2105,Baclofen,allopathic,92,147,10 mg,20
2106,Bacloflex,allopathic,92,147,10 mg,215
2107,Baclomark,allopathic,92,147,10 mg,98
2108,Baclomax,allopathic,92,147,10 mg,233
2109,Baclon,allopathic,92,147,10 mg,171
2110,Baclon,allopathic,92,147,5 mg,171
2111,Bacmax,allopathic,92,147,10 mg,66
2112,Bacmax,allopathic,92,147,5 mg,66
2113,Bacnil,allopathic,92,945,500 mg,197
2114,Bacofen,allopathic,92,147,10 mg,105
2115,Bacofen,allopathic,92,147,5 mg,105
2116,Bacron,allopathic,58,1116,2% w/w,37
2117,Bactab,allopathic,92,147,10 mg,192
2118,Bactacef,allopathic,2,321,500 mg,211
2119,Bactacef,allopathic,75,321,125 mg/5 ml,211
2120,Bactacef DS,allopathic,75,321,250 mg/5 ml,211
2121,Bactamox,allopathic,72,91,125 mg/1.25 ml,196
2122,Bactamox,allopathic,75,91,125 mg/5 ml,196
2123,Bactamox,allopathic,92,91,250 mg,196
2124,Bactamox,allopathic,92,91,500 mg,196
2125,Bactazim,allopathic,2,304,200 mg,211
2126,Bactazim,allopathic,2,304,400 mg,211
2127,Bactazim,allopathic,75,304,100 mg/5 ml,211
2128,Bactikil,allopathic,75,316,125 mg/5 ml,67
2129,Bactikil,allopathic,92,316,250 mg,67
2130,Bactikil,allopathic,92,316,500 mg,67
2131,Bactin,allopathic,61,365,0.30%,105
2132,Bactin,allopathic,62,365,0.30%,105
2133,Bactin,allopathic,92,364,250 mg,105
2134,Bactin,allopathic,92,364,500 mg,105
2135,Bactin,allopathic,92,364,750 mg,105
2136,Bactin D,allopathic,62,366,0.3%+0.1%,105
2137,Bactin HC,allopathic,63,367,0.3%+1%,105
2138,Bactocycline,allopathic,2,1568,250 mg,135
2139,Bactoderm,allopathic,58,1116,2% w/w,229
2140,Bactokil,allopathic,2,321,250 mg,235
2141,Bactokil,allopathic,2,321,500 mg,235
2142,Bactokil,allopathic,75,321,125 mg/5 ml,235
2143,Bactovate,allopathic,11,187,0.1%+0.5%,114
2144,Bactriben,allopathic,58,1116,2% w/w,60
2145,Bactroban,allopathic,58,1116,2% w/w,88
2146,Bactrocin,allopathic,58,1116,2% w/w,217
2147,Bactropen,allopathic,58,1116,2% w/w,155
2148,Bakticef,allopathic,24,315,500 mg/vial,164
2149,Bakticef,allopathic,38,315,1 gm/vial,164
2150,Bakticef,allopathic,38,315,2 gm/vial,164
2151,Balancia,allopathic,92,370,500 mg,25
2152,Balarist-A,herbal,91,150,,4
2153,Balo,allopathic,92,147,10 mg,135
2154,Baloflu,allopathic,92,151,20 mg,150
2155,Baloflu,allopathic,92,151,40 mg,150
2156,Balovir,allopathic,92,151,40 mg,4
2157,Baloxa,allopathic,92,151,20 mg,35
2158,Baloxa,allopathic,92,151,40 mg,35
2159,Bambelor,allopathic,69,152,5 mg/5 ml,106
2160,Bambelor,allopathic,92,152,10 mg,106
2161,Bambelor,allopathic,92,152,20 mg,106
2162,Bambutol,allopathic,92,152,10 mg,48
2163,Bambutol,allopathic,92,152,20 mg,48
2164,Bandish,herbal,92,,15.63 mg+78.12 mg,105
2165,Bangay,allopathic,11,1046,30%+8%,210
2166,Bangay Ultra,allopathic,11,1047,30%+10%+4%,210
2167,Bantovet,allopathic,11,192,0.10%,60
2168,Bantovet,allopathic,58,192,0.10%,60
2169,Bantovet-CL,allopathic,58,183,0.1%+1%,60
2170,Bantovet-N,allopathic,11,187,0.1%+0.5%,60
2171,Banxyt,allopathic,92,669,0.5 mg+10 mg,42
2172,Barbit,allopathic,30,1269,200 mg/ml,106
2173,Barbit,allopathic,69,1269,20 mg/5 ml,106
2174,Barbit,allopathic,92,1269,30 mg,106
2175,Barbit,allopathic,92,1269,60 mg,106
2176,Barcavir,allopathic,92,563,0.5 mg,106
2177,Barcavir,allopathic,92,563,1 mg,106
2178,Baricent,allopathic,92,154,2 mg,106
2179,Baricit,allopathic,92,154,2 mg,62
2180,Baricit,allopathic,92,154,4 mg,62
2181,Barif,allopathic,92,623,40 mg,217
2182,Barif,allopathic,92,623,80 mg,217
2183,Barinez,allopathic,92,154,2 mg,31
2184,Barinib,allopathic,92,154,2 mg,73
2185,Barinix,allopathic,92,154,2 mg,4
2186,Baritinib,allopathic,92,154,2 mg,101
2187,Baritor,allopathic,92,154,2 mg,217
2188,Barixen,allopathic,92,154,2 mg,76
2189,Barri,allopathic,92,154,4 mg,35
2190,Basak,herbal,91,767,,99
2191,Basokof,herbal,91,767,,105
2192,B-Card,allopathic,92,123,50 mg,153
2193,BC-Card,allopathic,92,82,5 mg+50 mg,14
2194,B-Cef,allopathic,91,324,5 mg/5 ml,32
2195,B-Cef,allopathic,92,324,10 mg,32
2196,B-Cort,allopathic,62,191,0.10%,89
2197,B-Dexa,allopathic,92,470,0.5 mg,32
2198,Bdflox,allopathic,2,651,500 mg,33
2199,Bdflox,allopathic,75,651,125 mg/5 ml,33
2200,Bec,allopathic,92,178,6 mg+200 mg+50 mg,165
2201,Bec Plus,allopathic,92,1524,,165
2202,Beclocort (HFA),allopathic,29,159,100 mcg/puff,25
2203,Beclocort (HFA),allopathic,29,159,250 mcg/puff,25
2204,Beclomet,allopathic,54,160,50 mcg/spray,4
2205,Beclomin,allopathic,29,159,100 mcg/puff,217
2206,Beclomin,allopathic,29,159,250 mcg/puff,217
2207,Beclovan,allopathic,92,147,10 mg,25
2208,Beclovan,allopathic,92,147,5 mg,25
2209,Becobion,allopathic,92,,100 mg+200 mg+200 mcg,31
2210,Beconase,allopathic,54,160,50 mcg/spray,88
2211,Beconex,allopathic,91,1669,,196
2212,Beconex ZI,allopathic,91,861,,196
2213,Becoral D,allopathic,92,255,500 mg+200 IU,35
2214,Becoral Dx,allopathic,92,255,600 mg+400 IU,35
2215,Becoson,allopathic,2,1669,,104
2216,Becoson,allopathic,91,1669,,104
2217,Becoson-M,allopathic,92,1098,,104
2218,Becospray,allopathic,54,160,50 mcg/spray,217
2219,Becosules,allopathic,2,1669,,196
2220,Becosules Gold,allopathic,2,1670,,196
2221,Becovent,allopathic,29,159,100 mcg/puff,66
2222,Becovir,allopathic,92,1554,300 mg,31
2223,Bederm,allopathic,11,382,0.05%,140
2224,Bedine,allopathic,92,1368,150 mg,33
2225,Bedom,allopathic,70,524,5 mg/5 ml,33
2226,Bedom,allopathic,92,524,10 mg,33
2227,Beflam,allopathic,92,811,400 mg,33
2228,Beforte,allopathic,2,1669,,
2229,Beforte,allopathic,92,1669,,
2230,Beforte-M,allopathic,92,1098,,
2231,Beforte-Z,allopathic,91,1671,,
2232,Beklo,allopathic,69,147,5 mg/5 ml,165
2233,Beklo,allopathic,92,147,10 mg,165
2234,Beklo,allopathic,92,147,25 mg,165
2235,Beklo,allopathic,92,147,5 mg,165
2236,Bel,herbal,91,162,(1 gm+0.5 gm)/5 ml,105
2237,Belas,allopathic,92,198,20 mg,173
2238,Belinta,allopathic,92,1578,60 mg,240
2239,Belinta,allopathic,92,1578,90 mg,240
2240,Belocef,allopathic,2,321,250 mg,17
2241,Belocef,allopathic,72,321,125 mg/1.25 ml,17
2242,Belocef,allopathic,75,321,125 mg/5 ml,17
2243,Belocef DS,allopathic,75,321,250 mg/5 ml,17
2244,Belopid,allopathic,92,163,180 mg,150
2245,Belox,allopathic,2,651,250 mg,34
2246,Belox,allopathic,2,651,500 mg,34
2247,Belox,allopathic,75,651,125 mg/5 ml,34
2248,Beloxin,allopathic,92,945,500 mg,32
2249,Belsar,allopathic,92,1193,20 mg,31
2250,Belsar,allopathic,92,1193,40 mg,31
2251,Bempid,allopathic,92,163,180 mg,73
2252,Bemsivir,allopathic,37,1377,5 mg/ml,35
2253,Bemvas,allopathic,92,163,180 mg,165
2254,Ben-A,allopathic,9,34,400 mg,4
2255,Ben-A,allopathic,70,34,200 mg/5 ml,4
2256,Benadip,allopathic,2,84,10 mg+20 mg,106
2257,Benadip,allopathic,2,84,2.5 mg+10 mg,106
2258,Benadip,allopathic,2,84,5 mg+20 mg,106
2259,Bena-Flu,allopathic,91,512,10 mg/5 ml,54
2260,Benalgin,allopathic,70,1238,120 mg/5 ml,34
2261,Benalgin Plus,allopathic,92,1240,500 mg+65 mg,34
2262,Benalgin XR,allopathic,96,1238,665 mg,34
2263,Benazin,allopathic,92,1566,12.5 mg,196
2264,Benazin,allopathic,92,1566,25 mg,196
2265,Bencart,allopathic,92,727,250 mg+200 mg,34
2266,Benda DS,allopathic,9,34,400 mg,42
2267,Bendamax,allopathic,37,164,25 mg/vial,31
2268,Bendex,allopathic,9,1011,100 mg,82
2269,Bendex,allopathic,9,1011,500 mg,82
2270,Bendil,allopathic,11,513,2%+0.1%,9
2271,Bendopa,allopathic,14,940,100 mg+25 mg,196
2272,Bendopa,allopathic,14,940,200 mg+50 mg,196
2273,Bendopa,allopathic,14,940,50 mg+12.5 mg,196
2274,Benfast,allopathic,9,34,400 mg,158
2275,Benfloxin,allopathic,92,945,500 mg,34
2276,Benformin,allopathic,92,1039,500 mg,34
2277,Benformin,allopathic,92,1039,850 mg,34
2278,Benidon,allopathic,70,524,5 mg/5 ml,34
2279,Benidon,allopathic,92,524,10 mg,34
2280,Benkill,allopathic,92,316,250 mg,34
2281,Benkill,allopathic,92,316,500 mg,34
2282,Benkill CV,allopathic,92,317,250 mg+62.5 mg,34
2283,Benkill CV,allopathic,92,317,500 mg+125 mg,34
2284,Ben-Kof,allopathic,91,483,(20 mg+10 mg+2.5 mg)/5 ml,34
2285,Benlor,allopathic,92,462,5 mg,34
2286,Benmet,allopathic,70,1057,200 mg/5 ml,173
2287,Benmet,allopathic,92,1057,400 mg,173
2288,Benocef,allopathic,2,321,500 mg,34
2289,Benocef,allopathic,75,321,125 mg/5 ml,34
2290,Benosol,allopathic,45,174,1.25 gm/5 ml,17
2291,Benostar,allopathic,48,172,0.15%,217
2292,Benoxiclin,allopathic,101,377,1%+5%,229
2293,Benoxil,allopathic,2,91,500 mg,34
2294,Benoxil,allopathic,75,91,125 mg/5 ml,34
2295,Benozol,allopathic,63,220,1%,185
2296,Benozol BR,allopathic,63,221,1%+0.2%,185
2297,Benprox,allopathic,75,364,250 mg/5 ml,34
2298,Benprox,allopathic,92,364,500 mg,34
2299,Benprox,allopathic,92,364,750 mg,34
2300,Benquil,allopathic,92,1064,15 mg,37
2301,Benquil,allopathic,92,1064,7.5 mg,37
2302,Bensal,allopathic,58,170,6%+3%,82
2303,Bentid,allopathic,92,1368,150 mg,34
2304,Bentol,allopathic,11,1457,1%,
2305,Benvit B,allopathic,91,1669,,34
2306,Benvit B,allopathic,92,1669,,34
2307,Benvit M,allopathic,92,1098,,34
2308,Benvit-Z,allopathic,91,1671,,34
2309,Benvit-Z,allopathic,92,1671,,34
2310,Benz,allopathic,9,34,400 mg,32
2311,Benzabiol,allopathic,45,174,1.25 gm/5 ml,29
2312,Benzac,allopathic,11,171,4%,66
2313,Benzalic,allopathic,58,170,6%+3%,46
2314,Benzapen,allopathic,30,166,12 lac units/vial,217
2315,Benzenod,allopathic,2,1399,1.5 mg,84
2316,Benzenod,allopathic,2,1399,3 mg,84
2317,Benzit,allopathic,92,669,0.5 mg+10 mg,37
2318,Benzith,allopathic,75,142,200 mg/5 ml,34
2319,Benzith,allopathic,92,142,500 mg,34
2320,Benzol,allopathic,70,1057,200 mg/5 ml,33
2321,Benzol,allopathic,92,1057,400 mg,33
2322,Benzopam,allopathic,92,224,3 mg,34
2323,Benzyl Lotion,allopathic,45,174,1.25 gm/5 ml,4
2324,Beonac,allopathic,92,494,50 mg,34
2325,Bepogen,allopathic,62,176,1.50%,84
2326,Bepol,allopathic,70,1238,120 mg/5 ml,33
2327,Bepol Plus,allopathic,92,1240,500 mg+65 mg,33
2328,Bepost,allopathic,62,176,1.50%,2
2329,Bepotas,allopathic,62,176,1.50%,25
2330,Berdinal,allopathic,30,1269,200 mg/ml,82
2331,Berdinal,allopathic,92,1269,30 mg,82
2332,Beridom,allopathic,70,524,5 mg/5 ml,32
2333,Beridom,allopathic,92,524,10 mg,32
2334,Berin,allopathic,92,1572,100 mg,88
2335,Berin Plus,allopathic,92,,100 mg+200 mg+200 mcg,88
2336,Besectil,allopathic,4,1199,20 mg,33
2337,Besibac,allopathic,62,177,0.60%,185
2338,Besiflox,allopathic,62,177,0.60%,25
2339,Besigen,allopathic,62,177,0.60%,84
2340,Besiven,allopathic,62,177,0.60%,106
2341,Besixin,allopathic,62,177,0.60%,164
2342,Besone,allopathic,58,192,0.10%,179
2343,Besone-N,allopathic,58,187,0.1%+0.5%,179
2344,Bestal,allopathic,2,855,,141
2345,Bestcef,allopathic,2,304,200 mg,37
2346,Bestcef,allopathic,2,304,400 mg,37
2347,Bestcef,allopathic,75,304,100 mg/5 ml,37
2348,Bestcef Forte,allopathic,75,304,200 mg/5 ml,37
2349,Bestcol,allopathic,92,1406,10 mg,37
2350,Bestcol,allopathic,92,1406,20 mg,37
2351,Bestcol,allopathic,92,1406,5 mg,37
2352,Bestron,allopathic,92,416,0.45 mg+20 mg,106
2353,Bet-A,allopathic,11,192,0.10%,4
2354,Bet-A,allopathic,58,192,0.10%,4
2355,Bet-A,allopathic,92,181,0.5 mg,4
2356,Betabis,allopathic,92,208,10 mg,4
2357,Betabis,allopathic,92,208,2.5 mg,4
2358,Betabis,allopathic,92,208,5 mg,4
2359,Betabis Plus,allopathic,92,207,2.5 mg+6.25 mg,4
2360,Betabis Plus,allopathic,92,207,5 mg+6.25 mg,4
2361,Betabis-A,allopathic,92,206,2.5 mg+5 mg,4
2362,Betaburn,herbal,58,,0.25% w/w,217
2363,Betacal,allopathic,92,82,5 mg+50 mg,171
2364,Betacap TR,allopathic,8,1338,40 mg,219
2365,Betacard,allopathic,92,1056,50 mg,25
2366,Betacin-N,allopathic,61,186,0.1%+0.5%,105
2367,Betacin-N,allopathic,62,186,0.1%+0.5%,105
2368,Betacor,allopathic,92,208,2.5 mg,185
2369,Betacor,allopathic,92,208,5 mg,185
2370,Betacor AM,allopathic,92,206,2.5 mg+5 mg,185
2371,Betacor HZ,allopathic,92,207,2.5 mg+6.25 mg,185
2372,Betacor HZ,allopathic,92,207,5 mg+6.25 mg,185
2373,Betaderm,allopathic,58,192,0.10%,106
2374,Betaderm N,allopathic,58,187,0.1%+0.5%,106
2375,Betadine,allopathic,48,1303,1% w/v,146
2376,Betadine,allopathic,58,1303,5% w/w,146
2377,Betadine,allopathic,85,1303,10% w/v,146
2378,Betadine,allopathic,85,1303,5% w/v,146
2379,Betadine,allopathic,90,1303,7.5% w/v,146
2380,Betafix,allopathic,92,208,2.5 mg,101
2381,Betafix,allopathic,92,208,5 mg,101
2382,Betafix AM,allopathic,92,206,2.5 mg+5 mg,101
2383,Betafix Plus,allopathic,92,207,2.5 mg+6.25 mg,101
2384,Betafix Plus,allopathic,92,207,5 mg+6.25 mg,101
2385,Betagan,allopathic,62,936,0.50%,
2386,Betaloc,allopathic,92,1056,25 mg,66
2387,Betaloc,allopathic,92,1056,50 mg,66
2388,Betaloc-XR,allopathic,96,1056,100 mg,66
2389,Betaloc-XR,allopathic,96,1056,50 mg,66
2390,Betamesal,allopathic,81,190,0.05%+2%,106
2391,Betamesal,allopathic,82,190,0.05%+3%,106
2392,Betameson,allopathic,11,189,0.05%,217
2393,Betameson,allopathic,58,189,0.05%,217
2394,Betameson-CL,allopathic,11,183,0.05%+1%,217
2395,Betameson-N,allopathic,11,187,0.1%+0.5%,217
2396,Betamycin,allopathic,58,187,0.1%+0.5%,221
2397,Betanem,allopathic,39,1036,1 gm/vial,119
2398,Betanem,allopathic,39,1036,500 mg/vial,119
2399,Betanic,allopathic,92,178,6 mg+200 mg+50 mg,141
2400,Betanol,allopathic,92,123,100 mg,222
2401,Betanol,allopathic,92,123,25 mg,222
2402,Betanol,allopathic,92,123,50 mg,222
2403,Betanol-A,allopathic,92,82,5 mg+50 mg,222
2404,Betanosol-N,allopathic,11,187,0.1%+0.5%,67
2405,Betanosol-N,allopathic,58,187,0.1%+0.5%,67
2406,Betaone,allopathic,92,1056,25 mg,4
2407,Betaone,allopathic,92,1056,50 mg,4
2408,Betapress,allopathic,92,123,50 mg,51
2409,Betapro,allopathic,92,208,10 mg,35
2410,Betapro,allopathic,92,208,2.5 mg,35
2411,Betapro,allopathic,92,208,5 mg,35
2412,Betasec,allopathic,92,123,50 mg,165
2413,Betasef,allopathic,2,321,250 mg,9
2414,Betasef,allopathic,2,321,500 mg,9
2415,Betasef,allopathic,72,321,125 mg/1.25 ml,9
2416,Betasef,allopathic,75,321,125 mg/5 ml,9
2417,Betasef DS,allopathic,75,321,250 mg/5 ml,9
2418,Betaseptic,allopathic,23,339,0.5%+70%,146
2419,Betasil,allopathic,62,176,1.50%,105
2420,Betason N,allopathic,58,187,0.1%+0.5%,195
2421,Betason N,allopathic,61,186,0.1%+0.5%,195
2422,Betason N,allopathic,62,186,0.1%+0.5%,195
2423,Betastin,allopathic,62,176,1.50%,106
2424,Betatin,allopathic,92,179,16 mg,196
2425,Betatin,allopathic,92,179,8 mg,196
2426,Betaval,allopathic,11,192,0.10%,101
2427,Betaval,allopathic,58,192,0.10%,101
2428,Betaval N,allopathic,11,187,0.1%+0.5%,101
2429,Betaval N,allopathic,58,187,0.1%+0.5%,101
2430,Betavate-CL,allopathic,58,183,0.1%+1%,66
2431,Betavate-N,allopathic,11,187,0.1%+0.5%,66
2432,Betaxol,allopathic,62,193,0.25%,25
2433,Bet-CG,allopathic,11,184,0.05%+1%+0.1%,4
2434,Bet-CL,allopathic,11,183,0.05%+1%,4
2435,Bet-CL,allopathic,58,183,0.1%+1%,4
2436,Betmira ER,allopathic,96,1072,25 mg,101
2437,Betmira ER,allopathic,96,1072,50 mg,101
2438,Betnelan,allopathic,92,181,0.5 mg,88
2439,Betnoson,allopathic,58,192,0.10%,104
2440,Betnova,allopathic,11,192,0.10%,155
2441,Betnova,allopathic,58,192,0.10%,155
2442,Betnovate,allopathic,11,192,0.10%,88
2443,Betnovate,allopathic,58,192,0.10%,88
2444,Betnovate-N,allopathic,11,187,0.1%+0.5%,88
2445,Betnovate-N,allopathic,58,187,0.1%+0.5%,88
2446,Betol,allopathic,58,182,0.05%+0.005%,4
2447,Betovate CL,allopathic,58,183,0.1%+1%,88
2448,Betricin,allopathic,62,191,0.10%,153
2449,Betricin-N,allopathic,61,186,0.1%+0.5%,153
2450,Betricin-N,allopathic,62,186,0.1%+0.5%,153
2451,BetriXa,allopathic,2,194,40 mg,217
2452,BetriXa,allopathic,2,194,80 mg,217
2453,Betson,allopathic,11,189,0.05%,165
2454,Betson,allopathic,58,189,0.05%,165
2455,Betson-CL,allopathic,11,183,0.05%+1%,165
2456,Betson-CL,allopathic,58,183,0.1%+1%,165
2457,Betson-N,allopathic,11,187,0.1%+0.5%,165
2458,Betson-N,allopathic,62,186,0.1%+0.5%,165
2459,Beucal D,allopathic,92,257,500 mg+200 IU,114
2460,Beuflox,allopathic,37,364,200 mg/100 ml,106
2461,Beuflox,allopathic,62,365,0.30%,106
2462,Beuflox,allopathic,67,364,125 mg/sachet,106
2463,Beuflox,allopathic,67,364,250 mg/sachet,106
2464,Beuflox,allopathic,75,364,250 mg/5 ml,106
2465,Beuflox,allopathic,92,364,250 mg,106
2466,Beuflox,allopathic,92,364,500 mg,106
2467,Beuflox,allopathic,92,364,750 mg,106
2468,Beuflox-D,allopathic,62,366,0.3%+0.1%,106
2469,Bevacimab,allopathic,37,195,100 mg/4 ml,101
2470,Bevacimab,allopathic,37,195,400 mg/16 ml,101
2471,Bevastim,allopathic,37,195,100 mg/4 ml,31
2472,Bevastim,allopathic,37,195,400 mg/16 ml,31
2473,Beviprex,allopathic,29,742,(9 mcg+4.8 mcg)/puff,217
2474,Bevit,allopathic,92,1669,,104
2475,Bevixa,allopathic,37,195,100 mg/4 ml,106
2476,Bevixa,allopathic,37,195,400 mg/16 ml,106
2477,Bexen,allopathic,2,299,500 mg,155
2478,Bexen,allopathic,75,299,125 mg/5 ml,155
2479,Bexidal,allopathic,92,1013,50 mg,35
2480,Bexipred,allopathic,63,1313,1%,35
2481,Bexipred,allopathic,92,1311,10 mg,35
2482,Bexipred,allopathic,92,1311,20 mg,35
2483,Bexipred,allopathic,92,1311,5 mg,35
2484,Bexitrol F,allopathic,28,1426,50 mcg+100 mcg,35
2485,Bexitrol F,allopathic,28,1426,50 mcg+250 mcg,35
2486,Bexitrol F,allopathic,28,1426,50 mcg+500 mcg,35
2487,Bexitrol F,allopathic,29,1426,(25 mcg+125 mcg)/puff,35
2488,Bexitrol F,allopathic,29,1426,(25 mcg+250 mcg)/puff,35
2489,Bexitrol F,allopathic,29,1426,(25 mcg+50 mcg)/puff,35
2490,Bexitrol F,allopathic,29,1426,50 mcg+100 mcg,35
2491,Bexitrol F,allopathic,29,1426,50 mcg+250 mcg,35
2492,Bexitrol F,allopathic,29,1426,50 mcg+500 mcg,35
2493,Bexovid,allopathic,92,1164,150 mg+100 mg,35
2494,Bexsul,allopathic,58,170,6%+3%,67
2495,Bextram Gold,allopathic,92,1100,,35
2496,Bextram Kids,allopathic,91,1097,,35
2497,Bextram Silver,allopathic,92,1103,,35
2498,Bextram Teen hm,allopathic,92,1105,,35
2499,Bextram Teen hr,allopathic,92,1106,,35
2500,Bfenac,allopathic,62,226,0.09%,185
2501,Bical,allopathic,92,196,50 mg,31
2502,Bicalon,allopathic,92,196,50 mg,66
2503,Bic-F,allopathic,2,855,,84
2504,Bicozin,allopathic,91,1671,,217
2505,Bicozin,allopathic,92,1671,,217
2506,Bicozin-I,allopathic,91,861,,217
2507,Bidicod,allopathic,91,239,7.5 mg/5 ml,163
2508,Bidip,allopathic,92,355,10 mg,240
2509,Bidip,allopathic,92,355,5 mg,240
2510,Big B,allopathic,92,,100 mg+200 mg+200 mcg,17
2511,Biganib,allopathic,92,217,180 mg,66
2512,Biganib,allopathic,92,217,90 mg,66
2513,Bigmet,allopathic,92,1039,500 mg,196
2514,Bigmet,allopathic,92,1039,850 mg,196
2515,Bigmet XR,allopathic,96,1039,500 mg,196
2516,Bilamin,allopathic,92,198,20 mg,105
2517,Bilan,allopathic,69,198,12.5 mg/5 ml,4
2518,Bilan,allopathic,92,198,20 mg,4
2519,Bilan Kids,allopathic,14,198,10 mg,4
2520,Bilanex,allopathic,92,198,20 mg,31
2521,Bilargo,allopathic,14,198,10 mg,240
2522,Bilargo,allopathic,69,198,12.5 mg/5 ml,240
2523,Bilargo,allopathic,92,198,20 mg,240
2524,Bilasi,allopathic,92,198,20 mg,224
2525,Bilastin,allopathic,69,198,12.5 mg/5 ml,185
2526,Bilastin,allopathic,92,198,20 mg,185
2527,Bilastin Kids,allopathic,14,198,10 mg,185
2528,Bilaxe,allopathic,92,198,20 mg,20
2529,Bilco,allopathic,72,66,6 mg/ml,
2530,Bilco,allopathic,91,66,15 mg/5 ml,
2531,Bilfast,allopathic,92,198,20 mg,155
2532,Bilicir,allopathic,92,1641,150 mg,2
2533,Bilicir,allopathic,92,1641,300 mg,2
2534,Bilista,allopathic,92,198,20 mg,217
2535,Bilista Kids,allopathic,14,198,10 mg,217
2536,Billi,allopathic,69,198,12.5 mg/5 ml,35
2537,Billi,allopathic,92,198,20 mg,35
2538,Billi Meltab,allopathic,14,198,10 mg,35
2539,Biloba,herbal,2,718,60 mg,66
2540,Bilogin,herbal,2,718,60 mg,10
2541,Biltin,allopathic,14,198,10 mg,73
2542,Biltin,allopathic,69,198,12.5 mg/5 ml,73
2543,Biltin,allopathic,92,198,20 mg,73
2544,Bilxen,allopathic,92,198,20 mg,76
2545,Bimaprost,allopathic,62,200,0.03%,185
2546,Bimatol,allopathic,62,200,0.03%,73
2547,Bimator,allopathic,62,201,0.03%+0.5%,217
2548,Bimolet,allopathic,62,219,0.2%+0.5%,105
2549,Bimuty,allopathic,14,1703,20 mg,173
2550,Bimuty DS,allopathic,91,1703,10 mg/5 ml,173
2551,Binafin,allopathic,11,1557,1%,18
2552,Binoclar,allopathic,75,372,125 mg/5 ml,206
2553,Binoclar,allopathic,92,372,250 mg,206
2554,Binoclar,allopathic,92,372,500 mg,206
2555,Binzotim,allopathic,63,222,1%+0.5%,73
2556,Bio-7,herbal,92,202,1000 mcg,226
2557,BioBran,allopathic,67,107,1 gm/sachet,31
2558,BioBran,allopathic,92,107,250 mg,31
2559,Biocal-D,allopathic,92,254,500 mg+200 IU,2
2560,Biocal-DX,allopathic,92,254,600 mg+400 IU,2
2561,Biocap,allopathic,2,533,100 mg,37
2562,Bio-Care,allopathic,23,868,75%+0.125%+1.45%,36
2563,Biocef,allopathic,2,298,250 mg,206
2564,Biocef,allopathic,2,298,500 mg,206
2565,Biocef,allopathic,75,298,125 mg/5 ml,206
2566,Biocid,allopathic,9,57,250 mg+400 mg,37
2567,Biocid MH,allopathic,70,57,(175 mg+225 mg)/5 ml,37
2568,Biocid Plus,allopathic,9,58,200 mg+200 mg+30 mg,37
2569,Biocid Plus,allopathic,70,58,(200 mg+400 mg+30 mg)/5 ml,37
2570,Biocin,allopathic,91,345,2 mg/5 ml,37
2571,Biocin,allopathic,92,345,4 mg,37
2572,Bioclavid,allopathic,92,90,250 mg+125 mg,206
2573,Bioclavid,allopathic,92,90,500 mg+125 mg,206
2574,Bioclavid,allopathic,92,90,875 mg+125 mg,206
2575,Biocort,allopathic,63,1313,1%,37
2576,Biocox,allopathic,92,614,90 mg,37
2577,Bioderm,allopathic,58,1143,(5 mg+500 IU)/gm,54
2578,Biofavi,allopathic,92,622,200 mg,37
2579,Biofenac,allopathic,92,9,100 mg,36
2580,Biofez,allopathic,8,286,50 mg+0.50 mg+61.80 mg,113
2581,Biofol,allopathic,92,261,15 mg,106
2582,Biofol,allopathic,92,261,5 mg,106
2583,Biogen,herbal,92,412,1 gm,119
2584,Bioglo,herbal,2,202,1000 mcg,66
2585,Bioglo,herbal,2,202,2500 mcg,66
2586,Biogold,allopathic,92,1100,,48
2587,Bio-Kult,allopathic,2,1318,,7
2588,Biolina Plus,allopathic,92,963,2.5 mg+850 mg,36
2589,Biomec,allopathic,92,879,12 mg,37
2590,Biomec,allopathic,92,879,6 mg,37
2591,Biomonas,allopathic,92,1086,10 mg,36
2592,Bionaprox Plus,allopathic,94,1134,375 mg+20 mg,36
2593,Bionex,allopathic,2,1605,500 mg,37
2594,Bionic,allopathic,24,,(100 mg+100 mg+1 mg)/3 ml,180
2595,Bionic,allopathic,92,,100 mg+200 mg+200 mcg,180
2596,Bio-Oral Saline,allopathic,67,1205,13.95 gm,36
2597,Biopen VK,allopathic,75,1270,125 mg/5 ml,37
2598,Biopen VK,allopathic,92,1270,250 mg,37
2599,Bioprem,herbal,2,202,1000 mcg,217
2600,Bioprem,herbal,2,202,2500 mcg,217
2601,Biorolac,allopathic,92,896,10 mg,36
2602,Bioron,allopathic,91,639,200 mg/5 ml,37
2603,Biorub,allopathic,48,334,0.20%,37
2604,Biorub-I,allopathic,23,868,75%+0.125%+1.45%,37
2605,Biotid,allopathic,92,1368,150 mg,36
2606,Biotrex,allopathic,91,934,40 mg/5 ml,37
2607,Biotrim,allopathic,70,1520,(200 mg+40 mg)/5 ml,37
2608,Biotrim,allopathic,92,1520,400 mg+80 mg,37
2609,Biotrim DS,allopathic,92,1520,800 mg+160 mg,37
2610,Biovit,allopathic,2,1669,,37
2611,Biovit,allopathic,72,1112,,37
2612,Biovit,allopathic,91,1669,,37
2613,Biovit Gold,allopathic,92,1100,,37
2614,Biovit Plus,allopathic,91,861,,37
2615,Biovit PN,allopathic,92,1114,,37
2616,Biovit Silver,allopathic,92,1103,,37
2617,Biovit-E,herbal,9,1681,200 mg,37
2618,Biovit-I,allopathic,20,,,37
2619,Biovit-M,allopathic,92,1098,,37
2620,Bioxim,allopathic,2,304,200 mg,210
2621,Bioxim,allopathic,2,304,400 mg,210
2622,Bioxim,allopathic,75,304,100 mg/5 ml,210
2623,Bioxim DS,allopathic,75,304,200 mg/5 ml,210
2624,Bioxon,allopathic,24,315,1 gm/vial,34
2625,Bioxon,allopathic,38,315,1 gm/vial,34
2626,Bioxon,allopathic,38,315,2 gm/vial,34
2627,Bioxon,allopathic,38,315,500 mg/vial,34
2628,Biozinc,allopathic,91,1703,10 mg/5 ml,105
2629,Biozinc-B,allopathic,91,1671,,105
2630,Biozinc-I,allopathic,91,861,,105
2631,Biozyl,allopathic,37,1057,500 mg/100 ml,37
2632,Biozyl,allopathic,70,1057,200 mg/5 ml,37
2633,Biozyl,allopathic,92,1057,400 mg,37
2634,Bipinor,allopathic,92,1139,2.5 mg,2
2635,Bipinor,allopathic,92,1139,5 mg,2
2636,Biron Plus,allopathic,8,641,150 mg+0.5 mg+61.8 mg,37
2637,Bislol,allopathic,92,208,10 mg,165
2638,Bislol,allopathic,92,208,1.25 mg,165
2639,Bislol,allopathic,92,208,2.5 mg,165
2640,Bislol,allopathic,92,208,5 mg,165
2641,Bislol Max,allopathic,92,206,2.5 mg+5 mg,165
2642,Bislol Plus,allopathic,92,207,10 mg+6.25 mg,165
2643,Bislol Plus,allopathic,92,207,2.5 mg+6.25 mg,165
2644,Bislol Plus,allopathic,92,207,5 mg+6.25 mg,165
2645,Bislor,allopathic,92,198,20 mg,171
2646,Bisocam,allopathic,92,206,2.5 mg+5 mg,217
2647,Bisocor,allopathic,92,208,2.5 mg,217
2648,Bisocor,allopathic,92,208,5 mg,217
2649,Bisocor Plus,allopathic,92,207,2.5 mg+6.25 mg,217
2650,Bisocor Plus,allopathic,92,207,5 mg+6.25 mg,217
2651,Bisofar,allopathic,92,208,2.5 mg,211
2652,Bisofar,allopathic,92,208,5 mg,211
2653,Bisoliv,allopathic,92,208,2.5 mg,163
2654,Bisoliv,allopathic,92,208,5 mg,163
2655,Bisoloc,allopathic,92,208,5 mg,171
2656,Bisonat,allopathic,92,208,2.5 mg,226
2657,Bisopol,allopathic,92,208,2.5 mg,75
2658,Bisopol,allopathic,92,208,5 mg,75
2659,Bisopol A,allopathic,92,206,2.5 mg+5 mg,75
2660,Bisopress,allopathic,92,208,2.5 mg,155
2661,Bisopress,allopathic,92,208,5 mg,155
2662,Bisopro,allopathic,92,208,2.5 mg,106
2663,Bisopro,allopathic,92,208,5 mg,106
2664,Bisopro Plus,allopathic,92,207,2.5 mg+6.25 mg,106
2665,Bisopro Plus,allopathic,92,207,5 mg+6.25 mg,106
2666,Bisopro-A,allopathic,92,206,2.5 mg+5 mg,106
2667,Bisoren,allopathic,92,208,2.5 mg,196
2668,Bisoren,allopathic,92,208,5 mg,196
2669,Bisoren M,allopathic,92,206,2.5 mg+5 mg,196
2670,Bisoren M,allopathic,92,206,5 mg+5 mg,196
2671,Bisoren Plus,allopathic,92,207,2.5 mg+6.25 mg,196
2672,Bisoren Plus,allopathic,92,207,5 mg+6.25 mg,196
2673,Bisotab,allopathic,92,208,2.5 mg,180
2674,Bisotab,allopathic,92,208,5 mg,180
2675,Bispep,allopathic,70,205,87.5 mg/5 ml,34
2676,Bisten,allopathic,92,208,10 mg,67
2677,Bisten,allopathic,92,208,2.5 mg,67
2678,Bisten,allopathic,92,208,5 mg,67
2679,Bisten Plus,allopathic,92,207,10 mg+6.25 mg,67
2680,Bisten Plus,allopathic,92,207,2.5 mg+6.25 mg,67
2681,Bisten Plus,allopathic,92,207,5 mg+6.25 mg,67
2682,Biva,allopathic,38,210,250 mg/5 ml,101
2683,Bivara,allopathic,92,223,25 mg,2
2684,Bivara,allopathic,92,223,50 mg,2
2685,Bizi,allopathic,91,861,,89
2686,Bizoran,allopathic,92,85,10 mg+20 mg,35
2687,Bizoran,allopathic,92,85,10 mg+40 mg,35
2688,Bizoran,allopathic,92,85,5 mg+20 mg,35
2689,Bizoran,allopathic,92,85,5 mg+40 mg,35
2690,Black Cohos,herbal,2,211,40 mg,105
2691,Blast,allopathic,14,198,10 mg,84
2692,Blast,allopathic,92,198,20 mg,84
2693,Bleocin,allopathic,30,212,15 unit/vial,154
2694,Bleonix,allopathic,30,212,15 unit/vial,31
2695,Blextin,allopathic,92,198,20 mg,215
2696,Bliss,herbal,2,1458,140 mg,188
2697,Bloatnil,allopathic,72,1459,67 mg/ml,150
2698,Blocid,allopathic,9,1464,500 mg+100 mg,2
2699,Blocid,allopathic,70,1464,(500 mg+100 mg)/5 ml,2
2700,Block-T,allopathic,26,1605,500 mg/5 ml,66
2701,Block-T,allopathic,92,1605,500 mg,66
2702,Bludrop,allopathic,62,1303,5% v/v,101
2703,B-Mycin,allopathic,58,1143,(5 mg+500 IU)/gm,82
2704,B-Mycin,allopathic,102,1143,(5 mg+250 IU)/gm,82
2705,BN,allopathic,62,186,0.1%+0.5%,26
2706,Bolardi,herbal,2,1414,250 mg,217
2707,Bolardi,herbal,2,1414,500 mg,217
2708,Bomaz,allopathic,92,224,3 mg,210
2709,Bonacal,allopathic,92,253,500 mg,134
2710,Bonacerin,allopathic,92,729,750 mg+50 mg,150
2711,Bonaid,allopathic,92,807,150 mg,122
2712,Boncare,allopathic,92,807,150 mg,171
2713,Bondrix,allopathic,92,807,150 mg,105
2714,Bondrova,allopathic,37,807,3 mg/3 ml,101
2715,Bondrova,allopathic,92,807,150 mg,101
2716,B-One,allopathic,92,1572,100 mg,9
2717,Bone-Guard,allopathic,92,807,150 mg,106
2718,Bonemas,allopathic,92,38,70 mg,106
2719,Bonemass D,allopathic,92,39,70 mg+2800 IU,106
2720,BoneStar Kit,allopathic,92,808,150 mg+400 mg,155
2721,Bonfix,allopathic,92,807,150 mg,165
2722,Bonflex,allopathic,92,727,250 mg+200 mg,73
2723,Bongel,allopathic,65,323,0.01%+8.714%,84
2724,Boni D,allopathic,92,257,500 mg+200 IU,62
2725,Boni Gold,allopathic,92,268,400 mg,62
2726,Boni LG,allopathic,92,254,500 mg+200 IU,62
2727,Boni LGX,allopathic,92,254,600 mg+400 IU,62
2728,Boni M,allopathic,92,258,,62
2729,Bonizol,allopathic,37,1706,5 mg/100 ml,217
2730,Bonmax,allopathic,92,807,150 mg,89
2731,Bonmax D,allopathic,92,257,500 mg+200 IU,157
2732,Bonmax M,allopathic,92,258,,157
2733,Bonova,allopathic,92,807,150 mg,191
2734,Bontiv,allopathic,92,729,750 mg+50 mg,101
2735,Bontonic,allopathic,92,258,,90
2736,Bonwell-D,allopathic,92,257,500 mg+200 IU,14
2737,Bopam,allopathic,92,224,3 mg,165
2738,Bortez,allopathic,37,213,1 mg/vial,31
2739,Bortez,allopathic,37,213,2 gm/vial,31
2740,Bost,allopathic,24,,(100 mg+100 mg+1 mg)/3 ml,84
2741,Bost,allopathic,92,,100 mg+200 mg+200 mcg,84
2742,Botox,allopathic,30,393,100 unit,
2743,Boxol,allopathic,72,66,6 mg/ml,165
2744,Boxol,allopathic,91,66,15 mg/5 ml,165
2745,Boxol SR,allopathic,7,66,75 mg,165
2746,BP Zinc,allopathic,14,1703,20 mg,42
2747,Bpcal,allopathic,92,253,500 mg,42
2748,Bpcal D,allopathic,92,257,500 mg+200 IU,42
2749,Bpcal M,allopathic,92,258,,42
2750,Bpcare,allopathic,92,1645,160 mg,108
2751,Bpcare,allopathic,92,1645,80 mg,108
2752,BPcare AM,allopathic,92,87,5 mg+160 mg,108
2753,Bpclox,allopathic,2,401,500 mg,42
2754,Bpclox,allopathic,75,401,125 mg/5 ml,42
2755,Bpdon,allopathic,92,524,10 mg,42
2756,Bpdox,allopathic,2,533,100 mg,42
2757,Bpfort,allopathic,2,1669,,42
2758,Bpfort-M,allopathic,92,1098,,42
2759,B-Plex,allopathic,91,1669,,5
2760,B-Plex,allopathic,92,1669,,5
2761,B-Plus,allopathic,91,1669,,215
2762,Bpmox,allopathic,72,91,125 mg/1.25 ml,42
2763,Bpmox,allopathic,75,91,125 mg/5 ml,42
2764,Bpnol Plus,allopathic,92,82,5 mg+50 mg,62
2765,B-Prolol,allopathic,92,208,2.5 mg,210
2766,Bptetra,allopathic,2,1568,250 mg,42
2767,Bptrol,allopathic,92,324,10 mg,42
2768,Bpxen,allopathic,92,1133,250 mg,42
2769,Bpxen,allopathic,92,1133,500 mg,42
2770,BP-Z,allopathic,2,142,500 mg,42
2771,BP-Z,allopathic,75,142,200 mg/5 ml,42
2772,BP-Z,allopathic,92,142,500 mg,42
2773,Brace,allopathic,2,321,250 mg,98
2774,Brace,allopathic,2,321,500 mg,98
2775,Brace,allopathic,75,321,125 mg/5 ml,98
2776,Braintel,herbal,91,215,,4
2777,Breasy,allopathic,92,1086,10 mg,54
2778,Breasy,allopathic,92,1086,5 mg,54
2779,Breathlin SR,allopathic,100,1571,200 mg,35
2780,Bredicon,allopathic,92,464,0.075 mg,196
2781,Bredox,allopathic,92,531,200 mg,89
2782,Bredox,allopathic,92,531,400 mg,89
2783,Breon,allopathic,28,1659,25 mcg+100 mcg,2
2784,Breon,allopathic,28,1659,25 mcg+200 mcg,2
2785,Breton,allopathic,91,1630,1 mg/5 ml,66
2786,Breton,allopathic,92,1630,2 mg,66
2787,Brevoxyl,allopathic,11,171,4%,88
2788,Brexi,allopathic,92,216,0.5 mg,73
2789,Brexi,allopathic,92,216,1 mg,73
2790,Brezofil,allopathic,91,531,100 mg/5 ml,106
2791,Brezofil,allopathic,92,531,200 mg,106
2792,Brezofil,allopathic,92,531,400 mg,106
2793,Brezofil SR,allopathic,100,531,400 mg,106
2794,Bricet,allopathic,92,223,100 mg,196
2795,Bricet,allopathic,92,223,25 mg,196
2796,Bricet,allopathic,92,223,50 mg,196
2797,Bricet,allopathic,92,223,75 mg,196
2798,Bricoma,allopathic,62,218,0.20%,165
2799,Bricoma OSD,allopathic,62,218,0.20%,165
2800,Brigacent,allopathic,92,217,180 mg,106
2801,Brigacent,allopathic,92,217,90 mg,106
2802,Brimo,allopathic,62,218,0.20%,185
2803,Brimodin,allopathic,62,218,0.20%,106
2804,Brimodin Plus,allopathic,62,219,0.2%+0.5%,106
2805,Brimolol,allopathic,62,219,0.2%+0.5%,20
2806,Brimopres,allopathic,62,219,0.2%+0.5%,185
2807,Brindin,allopathic,63,221,1%+0.2%,4
2808,Brinop,allopathic,63,220,1%,4
2809,Brinz,allopathic,63,220,1%,164
2810,Brinz T,allopathic,63,222,1%+0.5%,164
2811,Brinzopt,allopathic,63,220,1%,25
2812,Brirel,allopathic,92,1578,90 mg,165
2813,Bristol Gold,allopathic,92,1100,,42
2814,Brite,allopathic,11,659,0.01%+4%+0.05%,135
2815,Briva,allopathic,69,223,10 mg/ml,4
2816,Briva,allopathic,92,223,25 mg,4
2817,Briva,allopathic,92,223,50 mg,4
2818,Brizy,allopathic,91,950,1 mg/5 ml,73
2819,Brizy,allopathic,92,950,1 mg,73
2820,Brizy,allopathic,92,950,2 mg,73
2821,Brocast,allopathic,9,1086,5 mg,53
2822,Brocast,allopathic,92,1086,10 mg,53
2823,Brocef,allopathic,92,316,250 mg,82
2824,Brocef,allopathic,92,316,500 mg,82
2825,Brocef Plus,allopathic,92,317,250 mg+62.5 mg,82
2826,Brocef Plus,allopathic,92,317,500 mg+125 mg,82
2827,Broculyt,allopathic,91,66,15 mg/5 ml,155
2828,Brodactam,allopathic,37,1284,(4 gm+0.5 gm)/vial,222
2829,Brodamox DS,allopathic,2,91,500 mg,54
2830,Brodil,allopathic,28,1419,200 mcg,2
2831,Brodil,allopathic,29,1420,100 mcg/puff,2
2832,Brodil,allopathic,29,1420,100 mcg/puff,2
2833,Brodil,allopathic,78,1419,5 mg/ml,2
2834,Brodil,allopathic,91,1419,2 mg/5 ml,2
2835,Brodil,allopathic,92,1419,2 mg,2
2836,Brodil,allopathic,92,1419,4 mg,2
2837,Brodil Levo,allopathic,29,949,50 mcg/puff,2
2838,Brodil Levo,allopathic,91,950,1 mg/5 ml,2
2839,Brodil Levo,allopathic,92,950,1 mg,2
2840,Brodil Levo,allopathic,92,950,2 mg,2
2841,Brodil SR,allopathic,7,1419,8 mg,2
2842,Brofen,allopathic,92,811,400 mg,29
2843,Brofex,allopathic,91,485,10 mg/5 ml,217
2844,Brogel,herbal,2,1504,500 mg,43
2845,Brohexin,allopathic,91,227,4 mg/5 ml,140
2846,Brohexin,allopathic,92,227,8 mg,140
2847,Broket,allopathic,91,899,1 mg/5 ml,171
2848,Broket,allopathic,92,899,1 mg,171
2849,Broklin,allopathic,2,1314,50 mg,163
2850,Broklin,allopathic,2,1314,75 mg,163
2851,Brokof,allopathic,91,227,4 mg/5 ml,53
2852,Brolyt,allopathic,91,227,4 mg/5 ml,9
2853,Brolyt,allopathic,92,227,4 mg,9
2854,Brolyt,allopathic,92,227,8 mg,9
2855,Bromazep,allopathic,92,224,3 mg,171
2856,Bromergon,allopathic,92,228,2.5 mg,206
2857,Bromex,allopathic,91,227,4 mg/5 ml,215
2858,Bromex,allopathic,92,227,8 mg,215
2859,Bromnac,allopathic,62,226,0.09%,165
2860,Bromocriptine,allopathic,92,228,2.5 mg,52
2861,Bromodel,allopathic,92,228,2.5 mg,165
2862,Bromofen,allopathic,62,226,0.09%,105
2863,Bromolac,allopathic,92,228,2.5 mg,217
2864,Bromolit,allopathic,91,227,4 mg/5 ml,174
2865,Bromotex,allopathic,91,227,4 mg/5 ml,105
2866,Bromotine,allopathic,92,228,2.5 mg,161
2867,Bromoxol,allopathic,91,227,4 mg/5 ml,101
2868,Bromoxol DS,allopathic,91,227,8 mg/5 ml,101
2869,Bronchodex,allopathic,91,227,4 mg/5 ml,167
2870,Bronchosil,allopathic,91,66,15 mg/5 ml,21
2871,Broncomet,allopathic,91,227,4 mg/5 ml,66
2872,Broncotrol,allopathic,91,1419,2 mg/5 ml,173
2873,Broncotrol,allopathic,92,1419,4 mg,173
2874,Brondyl,allopathic,91,1419,2 mg/5 ml,140
2875,Bronil-S,allopathic,91,1419,2 mg/5 ml,207
2876,Bronium,allopathic,92,224,3 mg,
2877,Bronkolax,allopathic,91,1419,2 mg/5 ml,35
2878,Brostin,allopathic,91,227,4 mg/5 ml,197
2879,Brostin DS,allopathic,92,227,8 mg,197
2880,Brox,allopathic,72,66,6 mg/ml,150
2881,Brox,allopathic,91,66,15 mg/5 ml,150
2882,Broxidil,allopathic,91,66,15 mg/5 ml,240
2883,Broxine,allopathic,91,227,4 mg/5 ml,84
2884,Broxolin,allopathic,91,66,15 mg/5 ml,113
2885,Broxolit,allopathic,72,66,6 mg/ml,173
2886,Broxolit,allopathic,91,66,15 mg/5 ml,173
2887,Broze,allopathic,92,224,3 mg,37
2888,Brozep,allopathic,92,224,3 mg,9
2889,BS,allopathic,58,170,6%+3%,4
2890,BSH,allopathic,62,226,0.09%,164
2891,B-Sol,allopathic,36,149,,185
2892,BSS GV,allopathic,36,149,,84
2893,Btiron TR,allopathic,8,641,150 mg+0.5 mg+61.8 mg,34
2894,Bucod,allopathic,91,239,7.5 mg/5 ml,210
2895,Bucod SR,allopathic,100,239,50 mg,210
2896,Budefort,allopathic,28,233,100 mcg+6 mcg,4
2897,Budefort,allopathic,28,233,200 mcg+6 mcg,4
2898,Budefort,allopathic,28,233,400 mcg+12 mcg,4
2899,Budemet,allopathic,28,233,100 mcg+6 mcg,106
2900,Budemet,allopathic,28,233,200 mcg+6 mcg,106
2901,Budemet,allopathic,28,233,400 mcg+12 mcg,106
2902,Budenide,allopathic,54,230,100 mcg/spray,2
2903,Budetide,allopathic,56,231,0.5 mg/2 ml,229
2904,Budetide,allopathic,56,231,1 mg/2 ml,229
2905,Budetrol,allopathic,28,233,200 mcg+6 mcg,66
2906,Budetrol,allopathic,28,233,400 mcg+12 mcg,66
2907,Budicort,allopathic,54,230,100 mcg/spray,106
2908,Budicort,allopathic,56,231,0.25 mg/2 ml,106
2909,Budicort,allopathic,56,231,0.5 mg/2 ml,106
2910,Budicort ER,allopathic,96,232,9 mg,106
2911,Budison,allopathic,56,231,0.5 mg/2 ml,25
2912,Budison F,allopathic,28,233,100 mcg+6 mcg,25
2913,Budison F,allopathic,28,233,200 mcg+6 mcg,25
2914,Budison F,allopathic,28,233,400 mcg+12 mcg,25
2915,Budison F,allopathic,29,233,(160 mcg+4.5 mcg)/puff,25
2916,Budison F,allopathic,29,233,(80 mcg+4.5 mcg)/puff,25
2917,Bufen-SR,allopathic,7,811,300 mg,66
2918,Buflex,allopathic,92,1122,500 mg,35
2919,Buflex,allopathic,92,1122,750 mg,35
2920,Bufocort,allopathic,28,233,200 mcg+6 mcg,217
2921,Bufocort,allopathic,28,233,400 mcg+12 mcg,217
2922,Bukof,allopathic,91,239,7.5 mg/5 ml,31
2923,Bukof,allopathic,100,239,50 mg,31
2924,Bulex,allopathic,91,239,7.5 mg/5 ml,76
2925,Bumecard,allopathic,26,234,2 mg/4 ml,106
2926,Bumecard,allopathic,92,234,1 mg,106
2927,Bumecard,allopathic,92,234,5 mg,106
2928,Bupce,allopathic,91,239,7.5 mg/5 ml,122
2929,Bupi,allopathic,30,235,0.50%,185
2930,Bupi Heavy,allopathic,33,236,0.5%+8%,185
2931,Bupicain Heavy,allopathic,33,236,0.5%+8%,48
2932,Buprocaine,allopathic,62,1217,0.40%,84
2933,Burat CR,allopathic,100,239,50 mg,196
2934,Buratuss,allopathic,72,239,5 mg/ml,35
2935,Buratuss,allopathic,91,239,7.5 mg/5 ml,35
2936,Buratuss,allopathic,100,239,50 mg,35
2937,Burna,allopathic,11,1457,1%,217
2938,Burnaid,allopathic,11,1457,1%,120
2939,Burndel,allopathic,11,1457,1%,18
2940,Burnless,allopathic,11,1457,1%,210
2941,Burnrid,allopathic,11,1457,1%,89
2942,Burnsil,allopathic,11,1457,1%,35
2943,Buta,allopathic,91,1419,2 mg/5 ml,11
2944,Butabrom,allopathic,92,802,10 mg,107
2945,Butacit,allopathic,72,239,5 mg/ml,4
2946,Butacit,allopathic,91,239,7.5 mg/5 ml,4
2947,Butacod,allopathic,91,239,7.5 mg/5 ml,180
2948,Butacod SR,allopathic,100,239,50 mg,180
2949,Butakof,allopathic,91,239,7.5 mg/5 ml,84
2950,Butakof,allopathic,100,239,50 mg,34
2951,Butalin,allopathic,91,1419,2 mg/5 ml,231
2952,Butalpen,allopathic,92,802,10 mg,63
2953,Butapan,allopathic,30,802,20 mg/ml,222
2954,Butapan,allopathic,92,802,10 mg,222
2955,Butapan,allopathic,92,802,20 mg,222
2956,Butaret,allopathic,72,239,5 mg/ml,165
2957,Butaret,allopathic,91,239,7.5 mg/5 ml,165
2958,Butaret SR,allopathic,100,239,50 mg,165
2959,Butasiv,allopathic,72,239,5 mg/ml,114
2960,Butasiv,allopathic,91,239,7.5 mg/5 ml,114
2961,Butasiv,allopathic,100,239,50 mg,114
2962,Butason,allopathic,92,802,10 mg,104
2963,Butefin,allopathic,11,240,1%,217
2964,Buterol,allopathic,69,152,5 mg/5 ml,2
2965,Buterol,allopathic,92,152,10 mg,2
2966,Butibac,allopathic,2,314,400 mg,66
2967,Butibac,allopathic,75,314,90 mg/5 ml,66
2968,Buticef,allopathic,2,314,400 mg,105
2969,Buticef,allopathic,75,314,90 mg/5 ml,105
2970,Butil,allopathic,91,239,7.5 mg/5 ml,89
2971,Butinib,allopathic,2,810,140 mg,66
2972,Buviren,allopathic,92,1493,400 mg,196
2973,Buzz,allopathic,91,1671,,153
2974,Buzz,allopathic,92,1671,,153
2975,B-Vit 4,allopathic,92,1669,,54
2976,Byloza,allopathic,92,198,20 mg,161
2977,Byspa,allopathic,92,802,10 mg,2
2978,B-Zn,allopathic,91,1703,10 mg/5 ml,34
2979,C-2,allopathic,75,316,125 mg/5 ml,27
2980,C-2,allopathic,92,316,250 mg,27
2981,C-2,allopathic,92,316,500 mg,27
2982,C-3,allopathic,75,304,100 mg/5 ml,27
2983,C-3,allopathic,92,304,400 mg,27
2984,C-4,allopathic,18,264,1000 mg+327 mg+500 mg,9
2985,Cab,allopathic,92,81,5 mg,2
2986,Cabanib,allopathic,2,245,20 mg,66
2987,Cabanib,allopathic,2,245,80 mg,66
2988,Cabazol,allopathic,11,396,1%,66
2989,Caber,allopathic,92,244,0.5 mg,2
2990,Cabergol,allopathic,92,244,0.5 mg,185
2991,Caberol,allopathic,92,244,0.5 mg,217
2992,Cabita,allopathic,92,277,500 mg,66
2993,Cabolac,allopathic,92,244,0.5 mg,106
2994,Cabolin,allopathic,92,244,0.5 mg,196
2995,Cabonate,allopathic,92,253,500 mg,140
2996,Caboxen,allopathic,2,245,20 mg,76
2997,Caboxen,allopathic,2,245,80 mg,76
2998,Caboz,allopathic,2,245,20 mg,31
2999,Cabretol,allopathic,70,281,100 mg/5 ml,196
3000,Cabretol,allopathic,92,281,200 mg,196
3001,Cacetor,allopathic,2,84,2.5 mg+10 mg,2
3002,Cacetor,allopathic,2,84,5 mg+10 mg,2
3003,Cacetor,allopathic,2,84,5 mg+20 mg,2
3004,Cadmin,allopathic,92,257,500 mg+200 IU,84
3005,Cadmin Plus,allopathic,92,258,,84
3006,Cadolin,allopathic,92,257,500 mg+200 IU,113
3007,Cadosil,allopathic,2,259,500 mg,229
3008,Cadosil LD,allopathic,76,260,4%+2%+0.025%,229
3009,Caface,allopathic,92,1240,500 mg+65 mg,127
3010,Cafceta,allopathic,92,1240,500 mg+65 mg,174
3011,Cafecool Plus,allopathic,92,1240,500 mg+65 mg,64
3012,Cafedon,allopathic,92,1240,500 mg+65 mg,101
3013,Cafeta,allopathic,92,1240,500 mg+65 mg,153
3014,Caffo,allopathic,92,1240,500 mg+65 mg,215
3015,Caf-N,allopathic,92,1240,500 mg+65 mg,90
3016,Caftadin,allopathic,62,36,0.25%,25
3017,Caftyl,allopathic,92,1240,500 mg+65 mg,163
3018,Caid,allopathic,95,119,75 mg,113
3019,Cal,allopathic,92,253,500 mg,173
3020,Cal D,allopathic,92,257,500 mg+200 IU,173
3021,Cal D Plus,allopathic,92,258,,173
3022,Cal X,allopathic,67,1512,12 mg/sachet,73
3023,Cal X,allopathic,92,1512,8 mg,73
3024,Cal. Gluconate,allopathic,26,262,500 mg/5 ml,67
3025,Calac,allopathic,92,263,300 mg,165
3026,Cal-aid,allopathic,92,253,500 mg,74
3027,Calamilon,allopathic,45,247,15%+5%+5%,231
3028,Calamin M,allopathic,45,247,15%+5%+5%,142
3029,Calamine,allopathic,45,247,15%+5%+5%,17
3030,Calate,allopathic,92,263,300 mg,179
3031,Calbeta,allopathic,92,82,5 mg+50 mg,229
3032,Calbo,allopathic,92,253,500 mg,217
3033,Calbo Forte,allopathic,18,265,1000 mg+327 mg+500 mg+400 IU,217
3034,Calbo Jr,allopathic,9,253,250 mg,217
3035,Calbo-C,allopathic,18,264,1000 mg+327 mg+500 mg,217
3036,Calbo-D,allopathic,92,257,500 mg+200 IU,217
3037,Calbo-D Vita,allopathic,18,266,1358.196 mg+600 mg+400 IU,217
3038,Calbon,allopathic,92,253,500 mg,25
3039,Calbon D,allopathic,92,257,500 mg+200 IU,25
3040,Calbon M,allopathic,92,258,,25
3041,Calbon Plus,allopathic,92,251,,25
3042,Calboplex,allopathic,92,258,,217
3043,Calboral-D,allopathic,92,255,500 mg+200 IU,217
3044,Calboral-DX,allopathic,92,255,600 mg+400 IU,217
3045,Calbostar,allopathic,92,268,400 mg,217
3046,Calbostar,allopathic,92,268,740 mg,217
3047,Calbotol,allopathic,92,250,0.25 mcg+252 mg,217
3048,Calcefer,allopathic,18,264,1000 mg+327 mg+500 mg,196
3049,Calcent,allopathic,2,7,100 mg,106
3050,Calchek,allopathic,92,81,5 mg,84
3051,Calchek Plus,allopathic,92,82,5 mg+50 mg,84
3052,Calci,allopathic,30,269,100 mg/2 ml,165
3053,Calcibo,allopathic,92,253,500 mg,27
3054,Calcibo D,allopathic,92,257,500 mg+200 IU,27
3055,Calcibost-D,allopathic,92,257,500 mg+200 IU,210
3056,Calcical-D,allopathic,92,257,500 mg+200 IU,225
3057,Calcicar,allopathic,92,253,500 mg,106
3058,Calcid,allopathic,9,253,1000 mg,165
3059,Calci-D,allopathic,92,253,500 mg,197
3060,Calci-D Plus,allopathic,92,257,500 mg+200 IU,197
3061,Calciferol,allopathic,24,410,200000 IU/ml,196
3062,Calcifil,allopathic,92,253,500 mg,82
3063,Calcifil D,allopathic,92,257,500 mg+200 IU,82
3064,Calcin,allopathic,92,253,500 mg,196
3065,Calcin-D,allopathic,92,257,500 mg+200 IU,196
3066,Calcin-DX,allopathic,92,257,600 mg+400 IU,196
3067,Calcin-M,allopathic,92,258,,196
3068,Calcin-O,allopathic,92,268,400 mg,196
3069,Calcin-O DS,allopathic,92,268,740 mg,196
3070,Calcin-O Kit,allopathic,92,808,150 mg & 400 mg,196
3071,Calcirol,allopathic,24,410,200000 IU/ml,66
3072,Calcitate,allopathic,92,263,300 mg,16
3073,Calciton,allopathic,92,253,500 mg,48
3074,Calcitonin,allopathic,30,1428,100 IU/ml,52
3075,Calcitrol,allopathic,2,249,0.25 mcg,217
3076,Calcium A&D,allopathic,92,257,500 mg+200 IU,5
3077,Calcium Ambee,allopathic,26,262,500 mg/5 ml,16
3078,Calcium Folinate PhaRes,allopathic,26,261,10 mg/ml,176
3079,Calcium-A,allopathic,92,253,500 mg,5
3080,Calcium-Jayson,allopathic,26,262,500 mg/5 ml,113
3081,Calcium-Jayson,allopathic,26,262,500 mg/5 ml,113
3082,Calcixen,allopathic,92,255,500 mg+200 IU,76
3083,Calcizen,allopathic,92,263,300 mg,239
3084,Calcizen DS,allopathic,92,253,500 mg,239
3085,CalCor-D,allopathic,92,255,500 mg+200 IU,173
3086,CalCor-DX,allopathic,92,255,600 mg+400 IU,173
3087,Caldical,allopathic,92,253,500 mg,240
3088,Caldical-D,allopathic,92,257,500 mg+200 IU,240
3089,Caldil,allopathic,92,253,500 mg,66
3090,Caldil-OT,allopathic,92,268,400 mg,66
3091,Caldil-Plus,allopathic,92,257,500 mg+200 IU,66
3092,Caldivit,allopathic,92,257,500 mg+200 IU,88
3093,Caldolin,allopathic,92,257,500 mg+400 IU,48
3094,Cal-D-Zen,allopathic,92,257,500 mg+200 IU,239
3095,Caletal,allopathic,92,253,500 mg,231
3096,Caletal-D,allopathic,92,257,500 mg+200 IU,231
3097,Calex-D,allopathic,92,257,500 mg+200 IU,96
3098,Calfeed,allopathic,92,253,500 mg,21
3099,Calfeed-D,allopathic,92,257,500 mg+200 IU,21
3100,Calfor,allopathic,92,253,500 mg,26
3101,Calfor-D,allopathic,92,257,500 mg+200 IU,26
3102,Calgum JR,allopathic,10,257,250 mg+250 IU,73
3103,Calium,allopathic,92,253,500 mg,179
3104,Calium Plus,allopathic,92,257,500 mg+200 IU,179
3105,Calm,allopathic,92,380,10 mg,37
3106,Calmax,allopathic,92,253,500 mg,104
3107,Calmax-D,allopathic,92,257,500 mg+200 IU,104
3108,Calmet,allopathic,92,253,500 mg,215
3109,Calmet M,allopathic,92,258,,215
3110,Calmet-D,allopathic,92,257,500 mg+200 IU,215
3111,Calmi,allopathic,92,253,500 mg,9
3112,Calmi-D,allopathic,92,257,500 mg+200 IU,9
3113,Calmi-M,allopathic,92,258,,9
3114,Calnor,allopathic,92,85,5 mg+20 mg,165
3115,Calnor,allopathic,92,85,5 mg+40 mg,165
3116,Calock,allopathic,92,81,10 mg,136
3117,Calock,allopathic,92,81,5 mg,136
3118,Calock Plus,allopathic,92,82,5 mg+50 mg,136
3119,Calofast,allopathic,92,268,400 mg,73
3120,Calonil,allopathic,92,1512,8 mg,5
3121,Caloprid,allopathic,92,1343,1 mg,217
3122,Caloprid,allopathic,92,1343,2 mg,217
3123,Calorate,allopathic,92,268,400 mg,35
3124,Calorate,allopathic,92,268,740 mg,35
3125,Calorate Kit,allopathic,92,808,150 mg & 400 mg,35
3126,Caloren,allopathic,38,249,1 mcg/ml,2
3127,Calos,allopathic,92,253,500 mg,141
3128,Calos-D,allopathic,92,257,500 mg+200 IU,141
3129,Calpin,allopathic,92,81,5 mg,89
3130,Calpin Plus,allopathic,92,82,5 mg+50 mg,89
3131,Calpo,allopathic,92,253,500 mg,135
3132,Calpo-D,allopathic,92,257,500 mg+200 IU,135
3133,Calpress,allopathic,92,81,10 mg,26
3134,Calpress,allopathic,92,81,5 mg,26
3135,Calrip,herbal,92,1009,,99
3136,Calsart,allopathic,92,85,5 mg+20 mg,89
3137,Calsil,allopathic,92,253,500 mg,212
3138,Calsil M,allopathic,92,258,,212
3139,Calsil Plus,allopathic,92,257,500 mg+200 IU,212
3140,Calson,allopathic,92,263,300 mg,104
3141,Calsto,allopathic,92,253,500 mg,143
3142,Calsto D,allopathic,92,257,500 mg+200 IU,143
3143,Caltab,allopathic,92,263,300 mg,107
3144,Caltate,allopathic,92,263,300 mg,82
3145,Calton,allopathic,92,263,300 mg,205
3146,Caltonic,allopathic,92,253,500 mg,90
3147,Caltonic-D,allopathic,92,257,500 mg+200 IU,90
3148,Caltrol,allopathic,2,249,0.25 mcg,173
3149,Caltrol,allopathic,38,249,1 mcg/ml,173
3150,Calumide,allopathic,92,196,50 mg,101
3151,Calvasc,allopathic,92,81,10 mg,229
3152,Calvasc,allopathic,92,81,5 mg,229
3153,Calvimax D,allopathic,92,257,500 mg+200 IU,106
3154,Calvimax Plus,allopathic,92,258,,106
3155,Camiton,allopathic,92,1666,5 mg,66
3156,Camlodin,allopathic,92,81,5 mg,217
3157,Camlodin Plus,allopathic,92,82,5 mg+25 mg,217
3158,Camlodin Plus,allopathic,92,82,5 mg+50 mg,217
3159,Camlopril,allopathic,2,84,10 mg+20 mg,217
3160,Camlopril,allopathic,2,84,2.5 mg+10 mg,217
3161,Camlopril,allopathic,2,84,5 mg+10 mg,217
3162,Camlopril,allopathic,2,84,5 mg+20 mg,217
3163,Camlosart,allopathic,92,85,5 mg+20 mg,217
3164,Camlosart,allopathic,92,85,5 mg+40 mg,217
3165,Camlotel,allopathic,92,86,5 mg+40 mg,217
3166,Camlotel,allopathic,92,86,5 mg+80 mg,217
3167,Camoval,allopathic,92,87,5 mg+160 mg,217
3168,Camoval,allopathic,92,87,5 mg+80 mg,217
3169,Camphor Plus,allopathic,11,1047,30%+10%+4%,155
3170,Campto,allopathic,37,853,20 mg/ml,175
3171,Canaglif,allopathic,92,274,100 mg,217
3172,Canalia,allopathic,4,477,30 mg,25
3173,Canalia,allopathic,4,477,60 mg,25
3174,Canarol,allopathic,92,274,100 mg,66
3175,Canasa,allopathic,94,1037,400 mg,66
3176,Canazole,allopathic,75,652,50 mg/5 ml,2
3177,Canazole,allopathic,92,652,150 mg,2
3178,Canazole,allopathic,92,652,200 mg,2
3179,Canazole,allopathic,92,652,50 mg,2
3180,Candela,allopathic,84,354,1%,106
3181,Candex,allopathic,70,1183,100000 Unit/ml,217
3182,Candibac,allopathic,15,161,0.025%+5%+1%+1.73%,165
3183,Candicon,allopathic,92,1684,100 mg,185
3184,Candicon,allopathic,92,1684,200 mg,185
3185,Candid,allopathic,92,652,150 mg,17
3186,Candid,allopathic,92,652,50 mg,17
3187,Candiflu,allopathic,2,652,50 mg,90
3188,Candiflu,allopathic,75,652,50 mg/5 ml,90
3189,Candinil,allopathic,2,652,150 mg,101
3190,Candinil,allopathic,2,652,200 mg,101
3191,Candinil,allopathic,2,652,50 mg,101
3192,Candinil,allopathic,75,652,50 mg/5 ml,101
3193,Candirox,allopathic,11,352,0.77%,106
3194,Candirox,allopathic,51,353,8% w/v,106
3195,Candistin,allopathic,15,1190,0.3%+1%+0.025%+2%,229
3196,Candiver,allopathic,2,652,50 mg,233
3197,Candizol,allopathic,2,652,50 mg,204
3198,Candoral,allopathic,65,1060,2% w/w,35
3199,Canider,allopathic,92,931,10 mg,2
3200,Canstat,allopathic,70,1183,100000 unit/ml,113
3201,Canten,allopathic,11,396,1%,179
3202,Cantina,allopathic,11,396,1%,119
3203,Cantrim,allopathic,11,396,1%,197
3204,Canvo,allopathic,92,1684,200 mg,76
3205,Caparen,allopathic,92,277,500 mg,196
3206,Capcee TR,allopathic,8,1676,500 mg,212
3207,Capcitab,allopathic,92,277,150 mg,73
3208,Capcitab,allopathic,92,277,500 mg,73
3209,Capdol,allopathic,92,1240,500 mg+65 mg,158
3210,Capecitin,allopathic,92,277,500 mg,25
3211,Capotril,allopathic,92,280,25 mg,9
3212,Caprogen,allopathic,24,797,250 mg/ml,161
3213,Caprogen DS,allopathic,24,797,500 mg/2 ml,161
3214,Caprolex,allopathic,30,74,1 gm/5 ml,225
3215,Caprolex,allopathic,30,74,2 gm/10 ml,225
3216,Caprolycin,allopathic,30,74,2 gm/10 ml,173
3217,Capsidox,allopathic,2,533,100 mg,189
3218,Captabine,allopathic,92,277,150 mg,225
3219,Captabine,allopathic,92,277,500 mg,225
3220,Captiva,allopathic,75,364,250 mg/5 ml,24
3221,Captiva,allopathic,92,364,500 mg,24
3222,Carbabac,allopathic,39,1036,1 gm/vial,180
3223,Carbabac,allopathic,39,1036,500 mg/vial,180
3224,Carbanem,allopathic,39,1036,1 gm/vial,222
3225,Carbanem,allopathic,39,1036,500 mg/vial,222
3226,Carbate,allopathic,38,282,100 mcg/ml,106
3227,Carbazin,allopathic,92,281,200 mg,73
3228,Carbazine  CR,allopathic,93,281,200 mg,73
3229,Carben,allopathic,92,253,500 mg,34
3230,Carben C,allopathic,18,264,1000 mg+327 mg+500 mg,34
3231,Carben D,allopathic,92,257,500 mg+200 IU,34
3232,Carben DS,allopathic,92,257,600 mg+400 IU,34
3233,Carben O,allopathic,92,268,400 mg,34
3234,Carbeshot,allopathic,38,282,100 mcg/ml,161
3235,Carbestop,allopathic,30,289,250 mcg/ml,106
3236,Carbiroid,allopathic,92,283,5 mg,226
3237,Carbium,allopathic,2,856,,14
3238,Carbizol,allopathic,92,283,10 mg,217
3239,Carbizol,allopathic,92,283,5 mg,217
3240,Carbocal,allopathic,92,253,500 mg,89
3241,Carbocal-D,allopathic,92,257,500 mg+200 IU,89
3242,Carbocal-M,allopathic,92,258,,89
3243,Carbolin,allopathic,2,284,375 mg,73
3244,Carbolin,allopathic,91,284,125 mg/5 ml,73
3245,Carbolin DS,allopathic,91,284,250 mg/5 ml,73
3246,Carbomet,allopathic,2,287,,215
3247,Carboplat,allopathic,37,288,10 mg/ml,31
3248,Carboplatin,allopathic,37,288,10 mg/ml,175
3249,Carboplatin  Sindan,allopathic,37,288,10 mg/ml,40
3250,Carboplatin Hexal,allopathic,37,288,10 mg/ml,206
3251,Carboten DS,allopathic,91,284,250 mg/5 ml,17
3252,Carbotin,allopathic,37,288,10 mg/ml,225
3253,Carbotor,allopathic,37,288,10 mg/ml,73
3254,Carceva,allopathic,92,392,75 mg,155
3255,Carceva Plus,allopathic,92,391,75 mg+75 mg,155
3256,Cardex,allopathic,92,296,12.5 mg,165
3257,Cardex,allopathic,92,296,3.125 mg,165
3258,Cardex,allopathic,92,296,6.25 mg,165
3259,Cardi Q,herbal,2,408,100 mg,217
3260,Cardi Q,herbal,2,408,50 mg,217
3261,Cardiben-D,allopathic,92,257,500 mg+200 IU,33
3262,Cardicor,allopathic,92,208,2.5 mg,229
3263,Cardicor,allopathic,92,208,5 mg,229
3264,Cardifort,allopathic,92,81,5 mg,161
3265,Cardifort Plus,allopathic,92,82,5 mg+25 mg,161
3266,Cardifort Plus,allopathic,92,82,5 mg+50 mg,161
3267,Cardil,allopathic,92,507,30 mg,105
3268,Cardil,allopathic,92,507,60 mg,105
3269,Cardilock,allopathic,92,123,50 mg,9
3270,Cardimet MR,allopathic,98,1622,35 mg,73
3271,Cardinex,allopathic,80,561,4000 Anti-Xa IU/0.4 ml,66
3272,Cardinex,allopathic,80,561,6000 Anti-Xa IU/0.6 ml,66
3273,Cardinex,allopathic,80,561,8000 Anti-Xa IU/0.8 ml,66
3274,Cardinor,allopathic,92,208,2.5 mg,122
3275,Cardinor,allopathic,92,208,5 mg,122
3276,Cardipin,allopathic,92,81,5 mg,196
3277,Cardipin Plus,allopathic,92,82,5 mg+50 mg,196
3278,Cardiron,allopathic,92,76,200 mg,66
3279,Cardisan,allopathic,92,982,50 mg,31
3280,Cardisan Plus,allopathic,92,983,50 mg+12.5 mg,31
3281,Cardisef,allopathic,92,123,100 mg,221
3282,Cardisef,allopathic,92,123,50 mg,221
3283,Cardival,allopathic,92,1645,80 mg,66
3284,Cardival Plus,allopathic,92,1646,160 mg+12.5 mg,66
3285,Cardival Plus,allopathic,92,1646,80 mg+12.5 mg,66
3286,Cardivas,allopathic,92,296,12.5 mg,219
3287,Cardivas,allopathic,92,296,6.25 mg,219
3288,Cardivit,allopathic,92,1677,400 mg+400 IU+2 mg,106
3289,Cardizem,allopathic,92,507,30 mg,66
3290,Cardizem,allopathic,92,507,60 mg,66
3291,Cardizem-SR,allopathic,100,508,120 mg,66
3292,Cardizem-SR,allopathic,100,508,90 mg,66
3293,Cardobis,allopathic,92,208,2.5 mg,73
3294,Cardobis,allopathic,92,208,5 mg,73
3295,Cardobis M,allopathic,92,206,2.5 mg+5 mg,73
3296,Cardobis Plus,allopathic,92,207,2.5 mg+6.25 mg,73
3297,Cardobis Plus,allopathic,92,207,5 mg+6.25 mg,73
3298,Cardocal,allopathic,92,355,10 mg,35
3299,Cardocal,allopathic,92,355,5 mg,35
3300,Cardofix,allopathic,92,206,2.5 mg+5 mg,122
3301,Cardogrel,allopathic,92,392,75 mg,180
3302,Cardogrel Plus,allopathic,92,391,75 mg+75 mg,180
3303,Cardolab,allopathic,92,81,5 mg,122
3304,Cardoloc,allopathic,92,982,50 mg,166
3305,Cardon,allopathic,92,982,25 mg,73
3306,Cardon,allopathic,92,982,50 mg,73
3307,Cardoneb,allopathic,92,1139,2.5 mg,73
3308,Cardoneb,allopathic,92,1139,5 mg,73
3309,Cardopa,allopathic,38,526,200 mg/5 ml,2
3310,Cardoplus,allopathic,92,983,50 mg+12.5 mg,73
3311,Cardopril,allopathic,92,280,25 mg,35
3312,Cardopril,allopathic,92,280,50 mg,35
3313,Cardosia,allopathic,92,81,5 mg,180
3314,Cardosia Plus,allopathic,92,82,5 mg+25 mg,179
3315,Cardosia Plus,allopathic,92,82,5 mg+50 mg,180
3316,Cardotel,allopathic,92,86,5 mg+40 mg,180
3317,Cardotel,allopathic,92,86,5 mg+80 mg,180
3318,Cardovan,allopathic,92,1645,160 mg,73
3319,Cardovan,allopathic,92,1645,80 mg,73
3320,Cardovan Plus,allopathic,92,1646,160 mg+12.5 mg,73
3321,Cardovan Plus,allopathic,92,1646,80 mg+12.5 mg,73
3322,Cardual,allopathic,92,83,5 mg+10 mg,2
3323,Care,allopathic,92,178,6 mg+200 mg+50 mg,67
3324,Care-on,allopathic,11,340,0.1%+0.5%,240
3325,Care-on,allopathic,23,597,66%+3.5%,240
3326,Care-on,allopathic,85,338,0.3%+3%,240
3327,Caridol,allopathic,92,294,250 mg,73
3328,Carilax,allopathic,92,294,250 mg,106
3329,Carlev,allopathic,92,942,100 mg+10 mg,165
3330,Carlev CR,allopathic,93,941,200 mg+50 mg,165
3331,Carlina,allopathic,92,962,5 mg,191
3332,Carlina-M,allopathic,92,963,2.5 mg+500 mg,191
3333,Carlomed,allopathic,92,268,400 mg,137
3334,Carmapine,allopathic,70,281,100 mg/5 ml,106
3335,Carmapine,allopathic,92,281,200 mg,106
3336,Carmapine CR,allopathic,93,281,200 mg,106
3337,Carmaz,allopathic,92,281,200 mg,25
3338,Carmelus,allopathic,62,290,1%,173
3339,Carmelus-G,allopathic,62,291,0.5%+0.9%,173
3340,Carmelus-H,allopathic,60,292,0.25%+0.3%,173
3341,Carmina,herbal,91,768,,99
3342,Carmina,herbal,92,768,,99
3343,Carmo D,allopathic,92,257,500 mg+200 IU,204
3344,Carnitab,allopathic,69,938,500 mg/5 ml,35
3345,Carnitab,allopathic,92,938,330 mg,35
3346,Carniten,allopathic,92,938,330 mg,66
3347,Carnovas,allopathic,92,1139,10 mg,35
3348,Carnovas,allopathic,92,1139,2.5 mg,35
3349,Carnovas,allopathic,92,1139,5 mg,35
3350,Carnovas HZ,allopathic,92,1138,5 mg+12.5 mg,35
3351,Carocet,allopathic,92,178,6 mg+200 mg+50 mg,35
3352,Carofol Z,allopathic,8,286,50 mg+0.50 mg+61.80 mg,35
3353,Carol-D,allopathic,92,255,500 mg+200 IU,54
3354,Carplatin,allopathic,37,288,10 mg/ml,66
3355,Carsec,allopathic,92,123,100 mg,136
3356,Carsec,allopathic,92,123,50 mg,136
3357,Cartace,allopathic,92,1364,2.5 mg,5
3358,Cartibon,allopathic,92,729,750 mg+50 mg,185
3359,Carticare,allopathic,92,727,250 mg+200 mg,191
3360,Carticare Max,allopathic,92,729,750 mg+50 mg,191
3361,Carticare TS,allopathic,92,727,750 mg+600 mg,191
3362,Carticel Plus,allopathic,92,727,250 mg+200 mg,165
3363,Carticel TS,allopathic,92,727,750 mg+600 mg,165
3364,Cartidin,allopathic,92,729,750 mg+50 mg,164
3365,Cartifit,allopathic,92,727,250 mg+200 mg,89
3366,Cartigen,allopathic,92,727,250 mg+200 mg,215
3367,Cartil,allopathic,92,727,250 mg+200 mg,212
3368,Cartilage Max,allopathic,92,729,750 mg+50 mg,196
3369,Cartilage Plus,allopathic,92,727,250 mg+200 mg,196
3370,Cartilex,allopathic,92,727,250 mg+200 mg,2
3371,Cartilex D,allopathic,92,729,750 mg+50 mg,2
3372,Cartilex Plus,allopathic,92,727,750 mg+600 mg,2
3373,Cartimax,allopathic,92,727,250 mg+200 mg,235
3374,Cartine,allopathic,69,938,500 mg/5 ml,2
3375,Cartine,allopathic,92,938,330 mg,2
3376,Cartiplus,allopathic,92,729,750 mg+50 mg,180
3377,Carva,allopathic,95,119,75 mg,217
3378,Carved,allopathic,92,296,12.5 mg,37
3379,Carved,allopathic,92,296,25 mg,37
3380,Carved,allopathic,92,296,6.25 mg,37
3381,Carvetab,allopathic,92,296,12.5 mg,136
3382,Carvetab,allopathic,92,296,6.25 mg,136
3383,Carvipress,allopathic,92,296,12.5 mg,4
3384,Carvipress,allopathic,92,296,25 mg,4
3385,Carvipress,allopathic,92,296,6.25 mg,4
3386,Carvista,allopathic,92,296,12.5 mg,106
3387,Carvista,allopathic,92,296,25 mg,106
3388,Carvista,allopathic,92,296,6.25 mg,106
3389,Caryon,allopathic,92,540,10 mg,106
3390,Casalt,allopathic,92,253,500 mg,119
3391,Casalt-D,allopathic,92,257,500 mg+200 IU,119
3392,Caspa,allopathic,75,1684,200 mg/5 ml,25
3393,Caspa,allopathic,92,1684,200 mg,25
3394,Caspa,allopathic,92,1684,50 mg,25
3395,Castin,allopathic,2,284,375 mg,2
3396,Castin,allopathic,91,284,125 mg/5 ml,2
3397,Castin DS,allopathic,91,284,250 mg/5 ml,2
3398,Casyn,allopathic,92,9,100 mg,74
3399,Catalan,allopathic,62,226,0.09%,101
3400,Catavit,allopathic,62,1490,,20
3401,Caterol,allopathic,28,824,150 mcg,106
3402,Caterol,allopathic,28,824,75 mcg,106
3403,Catium,allopathic,28,822,27.5 mcg+15.6 mcg,106
3404,Catium ES,allopathic,28,822,110 mcg+50 mcg,106
3405,Catnil,allopathic,62,1490,,4
3406,Catopil,allopathic,92,280,12.5 mg,239
3407,Catopil,allopathic,92,280,25 mg,239
3408,Catrix,allopathic,62,1490,,106
3409,Cavapro,allopathic,92,851,150 mg,229
3410,Cavapro,allopathic,92,851,300 mg,229
3411,Cavapro,allopathic,92,851,75 mg,229
3412,Cavazide,allopathic,92,852,150 mg+12.5 mg,229
3413,Cavazide,allopathic,92,852,300 mg+12.5 mg,229
3414,Cavelon,allopathic,92,296,12.5 mg,66
3415,Cavelon,allopathic,92,296,6.25 mg,66
3416,Cavic-C,allopathic,18,264,1000 mg+327 mg+500 mg,106
3417,Cavic-C Plus,allopathic,18,265,1000 mg+327 mg+500 mg+400 IU,106
3418,Cavinton,allopathic,30,1666,10 mg/2 ml,52
3419,Cavinton,allopathic,92,1666,5 mg,52
3420,Cavir,allopathic,92,563,0.5 mg,217
3421,Cavir,allopathic,92,563,1 mg,217
3422,Caviral,allopathic,92,563,0.5 mg,31
3423,Cavitab,allopathic,92,1666,5 mg,105
3424,Caviton,allopathic,92,1666,5 mg,165
3425,Cazar,allopathic,2,245,20 mg,114
3426,Cazar,allopathic,2,245,80 mg,114
3427,Cazep,allopathic,92,281,200 mg,165
3428,C-Bon,allopathic,9,1676,250 mg,16
3429,C-BZ,allopathic,91,1671,,46
3430,CCB,allopathic,92,81,5 mg,171
3431,Cdens,allopathic,92,268,740 mg,222
3432,CEB,allopathic,92,178,6 mg+200 mg+50 mg,197
3433,Cebeta,allopathic,92,178,6 mg+200 mg+50 mg,18
3434,Cebex,allopathic,2,304,200 mg,158
3435,Cebex,allopathic,2,304,400 mg,158
3436,Cebex,allopathic,75,304,100 mg/5 ml,158
3437,Cebumax,allopathic,2,314,400 mg,84
3438,Cebumax,allopathic,75,314,90 mg/5 ml,84
3439,Cebuten,allopathic,2,314,400 mg,196
3440,Ceclav,allopathic,75,317,(125 mg+31.25 mg)/5 ml,210
3441,Ceclav,allopathic,92,317,250 mg+62.5 mg,210
3442,Ceclav,allopathic,92,317,500 mg+125 mg,210
3443,Ceclofen,allopathic,92,9,100 mg,196
3444,Ceclonac,allopathic,92,9,100 mg,172
3445,Cecon,allopathic,9,1676,250 mg,4
3446,Cecon,allopathic,67,1676,500 mg,4
3447,Ceconac,allopathic,92,9,100 mg,104
3448,Cednir,allopathic,2,301,300 mg,73
3449,Cednir DS,allopathic,75,301,250 mg/5 ml,73
3450,Cedol,allopathic,70,1057,200 mg/5 ml,46
3451,Cedol,allopathic,92,1057,400 mg,46
3452,Cedril,allopathic,2,299,500 mg,2
3453,Cedril,allopathic,75,299,125 mg/5 ml,2
3454,Cee,allopathic,18,1676,1000 mg,196
3455,Ceegram,allopathic,18,1676,1000 mg,106
3456,Ceemet,allopathic,9,1676,250 mg,136
3457,Ceeta,allopathic,9,1676,250 mg,223
3458,Ceevit,allopathic,9,1676,250 mg,217
3459,Ceevit,allopathic,91,1676,100 mg/5 ml,217
3460,Ceevit DS,allopathic,9,1676,500 mg,217
3461,Ceevit Forte,allopathic,18,1676,1000 mg,217
3462,Cef-3,allopathic,2,304,200 mg,217
3463,Cef-3,allopathic,72,304,25 mg/ml,217
3464,Cef-3,allopathic,75,304,100 mg/5 ml,217
3465,Cef-3 DS,allopathic,2,304,400 mg,217
3466,Cef-3 Forte,allopathic,75,304,200 mg/5 ml,217
3467,Cef-3 Max,allopathic,72,304,100 mg/ml,217
3468,Cefa-4,allopathic,26,303,1 gm/vial,185
3469,Cefa-4,allopathic,26,303,500 mg/vial,185
3470,Cefa-4,allopathic,38,303,2 gm/vial,185
3471,Cefaclav,allopathic,75,317,(125 mg+31.25 mg)/5 ml,106
3472,Cefaclav,allopathic,92,317,125 mg+31.25 mg,106
3473,Cefaclav,allopathic,92,317,250 mg+62.5 mg,106
3474,Cefadin,allopathic,2,321,500 mg,240
3475,Cefadin,allopathic,75,321,125 mg/5 ml,240
3476,Cefador,allopathic,2,299,500 mg,215
3477,Cefador,allopathic,72,299,125 mg/1.25 ml,215
3478,Cefador,allopathic,75,299,125 mg/5 ml,215
3479,Cefadyl,allopathic,2,304,200 mg,120
3480,Cefadyl,allopathic,2,304,400 mg,120
3481,Cefadyl,allopathic,75,304,100 mg/5 ml,120
3482,Cefaking,allopathic,26,305,1 gm/vial,66
3483,Cefaking,allopathic,26,305,2 gm/vial,66
3484,Cefaking,allopathic,26,305,500 mg/vial,66
3485,Cefalex,allopathic,2,320,500 mg,66
3486,Cefalex,allopathic,75,320,125 mg/5 ml,66
3487,Cefalin,allopathic,26,300,1 gm/vial,66
3488,Cefamax,allopathic,2,314,400 mg,106
3489,Cefamax,allopathic,75,314,90 mg/5 ml,106
3490,Cefamax DS,allopathic,75,314,180 mg/5 ml,106
3491,Cefasia,allopathic,2,321,500 mg,180
3492,Cefasia,allopathic,75,321,125 mg/5 ml,180
3493,Cefasia DS,allopathic,75,321,250 mg/5 ml,180
3494,Cefaten,allopathic,2,314,400 mg,73
3495,Cefaten,allopathic,75,314,90 mg/5 ml,73
3496,Cefazid,allopathic,26,313,1 gm/vial,196
3497,Cefazid,allopathic,26,313,250 mg/vial,196
3498,Cefazid,allopathic,26,313,500 mg/vial,196
3499,Cefazol,allopathic,26,300,1 gm/vial,106
3500,Cefazol,allopathic,26,300,500 mg/vial,106
3501,Cefazone,allopathic,26,305,1 gm/vial,106
3502,Cefazone,allopathic,26,305,2 gm/vial,106
3503,Cefcare,allopathic,2,299,500 mg,150
3504,Cefcare,allopathic,72,299,125 mg/1.25 ml,150
3505,Cefcare,allopathic,75,299,125 mg/5 ml,150
3506,Cefdiren,allopathic,92,302,200 mg,105
3507,Cefdiren,allopathic,92,302,400 mg,105
3508,Cefditor,allopathic,92,302,200 mg,171
3509,Cefditor,allopathic,92,302,400 mg,171
3510,Cefdox,allopathic,2,309,100 mg,2
3511,Cefdox,allopathic,72,309,20 mg/ml,2
3512,Cefdox,allopathic,75,309,40 mg/5 ml,2
3513,Cefdox,allopathic,92,309,200 mg,2
3514,Cefdox DS,allopathic,75,309,80 mg/5 ml,2
3515,Ceferon,allopathic,2,304,200 mg,8
3516,Ceferon,allopathic,75,304,100 mg/5 ml,8
3517,Cefesta,allopathic,2,304,200 mg,19
3518,Cefesta,allopathic,75,304,100 mg/5 ml,19
3519,Cefex,allopathic,2,320,250 mg,
3520,Cefex,allopathic,2,320,500 mg,
3521,Cefex,allopathic,75,320,125 mg/5 ml,
3522,Cefexta,allopathic,2,301,300 mg,229
3523,Cefexta,allopathic,75,301,125 mg/5 ml,229
3524,Cefexta Forte,allopathic,75,301,250 mg/5 ml,229
3525,Ceficap,allopathic,2,304,200 mg,75
3526,Ceficap,allopathic,2,304,400 mg,75
3527,Ceficap,allopathic,75,304,100 mg/5 ml,75
3528,Cefida,allopathic,2,301,300 mg,35
3529,Cefida,allopathic,75,301,125 mg/5 ml,35
3530,Cefiget,allopathic,2,304,200 mg,87
3531,Cefiget,allopathic,2,304,400 mg,87
3532,Cefiget,allopathic,72,304,25 mg/ml,87
3533,Cefim-3,allopathic,2,304,200 mg,2
3534,Cefim-3,allopathic,72,304,25 mg/ml,2
3535,Cefim-3,allopathic,75,304,100 mg/5 ml,2
3536,Cefim-3,allopathic,92,304,200 mg,2
3537,Cefim-3 DS,allopathic,2,304,400 mg,2
3538,Cefim-3 DS,allopathic,75,304,200 mg/5 ml,2
3539,Cefim-3 DS,allopathic,92,304,400 mg,2
3540,Cefinaaf,allopathic,2,304,200 mg,149
3541,Cefinaaf,allopathic,2,304,400 mg,149
3542,Cefinaaf,allopathic,75,304,100 mg/5 ml,149
3543,Cefipod,allopathic,72,309,20 mg/ml,26
3544,Cefipod,allopathic,75,309,40 mg/5 ml,26
3545,Cefixim,allopathic,2,304,200 mg,105
3546,Cefixim,allopathic,2,304,400 mg,105
3547,Cefixim,allopathic,72,304,25 mg/ml,105
3548,Cefixim,allopathic,75,304,100 mg/5 ml,105
3549,Cefixim DS,allopathic,75,304,200 mg/5 ml,105
3550,Cefixime-A,allopathic,2,304,200 mg,5
3551,Cefixime-A,allopathic,75,304,100 mg/5 ml,5
3552,Cefixon,allopathic,38,315,1 gm/vial,225
3553,Cefixon,allopathic,38,315,2 gm/vial,225
3554,Cefixon,allopathic,38,315,500 mg/vial,225
3555,Ceflin,allopathic,2,321,500 mg,153
3556,Ceflin,allopathic,75,321,125 mg/5 ml,153
3557,Ceflon,allopathic,2,298,250 mg,73
3558,Ceflon,allopathic,2,298,500 mg,73
3559,Ceflon,allopathic,72,298,125 mg/1.25 ml,73
3560,Ceflon,allopathic,75,298,125 mg/5 ml,73
3561,Cefmix,allopathic,2,304,200 mg,143
3562,Cefmix,allopathic,2,304,400 mg,143
3563,Cefmix,allopathic,75,304,100 mg/5 ml,143
3564,Cefobac,allopathic,26,316,750 mg/vial,185
3565,Cefobac,allopathic,75,316,125 mg/5 ml,185
3566,Cefobac,allopathic,92,316,250 mg,185
3567,Cefobac,allopathic,92,316,500 mg,185
3568,Cefobid,allopathic,2,309,200 mg,229
3569,Cefobid,allopathic,75,309,40 mg/5 ml,229
3570,Cefocef,allopathic,2,304,200 mg,179
3571,Cefocef,allopathic,75,304,100 mg/5 ml,179
3572,Cefocef DS,allopathic,2,304,400 mg,179
3573,Cefodim,allopathic,2,309,100 mg,173
3574,Cefodim,allopathic,2,309,200 mg,173
3575,Cefodim,allopathic,75,309,40 mg/5 ml,173
3576,Cefodox,allopathic,2,309,100 mg,42
3577,Cefodox,allopathic,75,309,40 mg/5 ml,42
3578,Cefoject,allopathic,26,305,1 gm/vial,73
3579,Cefokid,allopathic,75,309,40 mg/5 ml,75
3580,Cefokid DS,allopathic,75,309,80 mg/5 ml,75
3581,Cefomin,allopathic,75,309,40 mg/5 ml,185
3582,Cefone,allopathic,24,315,250 mg/vial,210
3583,Cefone,allopathic,24,315,500 mg/vial,210
3584,Cefone,allopathic,38,315,1 gm/vial,210
3585,Cefone,allopathic,38,315,2 gm/vial,210
3586,Cefopar,allopathic,26,305,1 gm/vial,165
3587,Cefopar,allopathic,26,305,2 gm/vial,165
3588,Cefopen,allopathic,26,305,1 gm/vial,217
3589,Cefopen,allopathic,26,305,2 gm/vial,217
3590,Cefoprox,allopathic,75,309,40 mg/5 ml,127
3591,Cefoprox DS,allopathic,75,309,80 mg/5 ml,127
3592,Ceforan,allopathic,2,309,100 mg,66
3593,Ceforan,allopathic,2,309,200 mg,66
3594,Ceforan,allopathic,75,309,40 mg/5 ml,66
3595,Ceforan,allopathic,92,309,100 mg,66
3596,Ceforan,allopathic,92,309,200 mg,66
3597,Ceforan DS,allopathic,75,309,80 mg/5 ml,66
3598,Cefot,allopathic,26,306,1 gm/10 ml,2
3599,Cefot,allopathic,26,306,250 mg/5 ml,2
3600,Cefot,allopathic,26,306,2 mg/10 ml,2
3601,Cefot,allopathic,26,306,500 mg/10 ml,2
3602,Cefotax,allopathic,26,306,1 gm/10 ml,196
3603,Cefotax,allopathic,26,306,250 mg/5 ml,196
3604,Cefotax,allopathic,26,306,500 mg/10 ml,196
3605,Cefotil,allopathic,26,316,750 mg/vial,217
3606,Cefotil,allopathic,38,316,1.5 gm/vial,217
3607,Cefotil,allopathic,75,316,125 mg/5 ml,217
3608,Cefotil,allopathic,92,316,250 mg,217
3609,Cefotil,allopathic,92,316,500 mg,217
3610,Cefotil Plus,allopathic,75,317,(125 mg+31.25 mg)/5 ml,217
3611,Cefotil Plus,allopathic,92,317,250 mg+62.5 mg,217
3612,Cefotil Plus,allopathic,92,317,500 mg+125 mg,217
3613,Cefotime,allopathic,26,306,1 gm/10 ml,106
3614,Cefotime,allopathic,26,306,250 mg/5 ml,106
3615,Cefotime,allopathic,26,306,500 mg/10 ml,106
3616,Cefoxguard,allopathic,24,315,500 mg/vial,96
3617,Cefoxguard,allopathic,38,315,2 gm/vial,96
3618,Cefoxil,allopathic,75,316,125 mg/5 ml,197
3619,Cefoxil,allopathic,92,316,250 mg,197
3620,Cefoxil,allopathic,92,316,500 mg,197
3621,Cef-Plus,allopathic,2,304,200 mg,104
3622,Cef-Plus,allopathic,75,304,100 mg/5 ml,104
3623,Cefpod,allopathic,92,309,100 mg,239
3624,Cefracef,allopathic,2,321,250 mg,155
3625,Cefracef,allopathic,2,321,500 mg,155
3626,Cefracef,allopathic,75,321,125 mg/5 ml,155
3627,Cefracef DS,allopathic,75,321,250 mg/5 ml,155
3628,Ceframed,allopathic,2,321,250 mg,136
3629,Ceframed,allopathic,2,321,500 mg,136
3630,Ceframed,allopathic,72,321,125 mg/1.25 ml,136
3631,Ceframed,allopathic,75,321,125 mg/5 ml,136
3632,Cefranov,allopathic,2,321,500 mg,160
3633,Cefranov,allopathic,75,321,125 mg/5 ml,160
3634,Cefrasyn,allopathic,2,321,500 mg,145
3635,Cefrasyn,allopathic,75,321,125 mg/5 ml,145
3636,Cefroxil,allopathic,75,316,125 mg/5 ml,98
3637,Cefroxil,allopathic,92,316,250 mg,98
3638,Cefrozil,allopathic,75,311,125 mg/5 ml,185
3639,Cefrozil,allopathic,92,311,250 mg,185
3640,Cefrozil,allopathic,92,311,500 mg,185
3641,Cefstar,allopathic,75,316,125 mg/5 ml,179
3642,Cefstar,allopathic,92,316,125 mg,179
3643,Cefstar,allopathic,92,316,250 mg,179
3644,Cefstar,allopathic,92,316,500 mg,179
3645,Ceftax,allopathic,26,306,1 gm/10 ml,165
3646,Ceftax,allopathic,26,306,250 mg/5 ml,165
3647,Ceftax,allopathic,26,306,500 mg/10 ml,165
3648,Ceftazim,allopathic,26,313,1 gm/vial,25
3649,Ceftazim,allopathic,26,313,250 mg/vial,25
3650,Ceftazim,allopathic,26,313,500 mg/vial,25
3651,Ceftem,allopathic,2,304,400 mg,224
3652,Ceftem,allopathic,75,304,100 mg/5 ml,224
3653,Cefteria,allopathic,2,314,400 mg,2
3654,Cefteria,allopathic,75,314,90 mg/5 ml,2
3655,Ceftiben,allopathic,2,314,400 mg,217
3656,Ceftiben,allopathic,75,314,90 mg/5 ml,217
3657,Cefticlor,allopathic,2,298,250 mg,196
3658,Cefticlor,allopathic,2,298,375 mg,196
3659,Cefticlor,allopathic,2,298,500 mg,196
3660,Cefticlor,allopathic,72,298,125 mg/1.25 ml,196
3661,Cefticlor,allopathic,75,298,125 mg/5 ml,196
3662,Ceftid,allopathic,2,304,200 mg,165
3663,Ceftid,allopathic,2,304,400 mg,165
3664,Ceftid,allopathic,72,304,25 mg/ml,165
3665,Ceftid,allopathic,75,304,100 mg/5 ml,165
3666,Ceftid,allopathic,92,304,200 mg,165
3667,Ceftid,allopathic,92,304,400 mg,165
3668,Ceftid DS,allopathic,75,304,200 mg/5 ml,165
3669,Ceftid QS,allopathic,72,304,100 mg/ml,165
3670,Ceftipime,allopathic,26,303,1 gm/vial,196
3671,Ceftipime,allopathic,26,303,500 mg/vial,196
3672,Ceftipime,allopathic,38,303,2 gm/vial,196
3673,Ceftiten,allopathic,2,314,400 mg,26
3674,Ceftiten,allopathic,75,314,90 mg/5 ml,26
3675,Ceftizone,allopathic,24,315,1 gm/vial,196
3676,Ceftizone,allopathic,24,315,250 mg/vial,196
3677,Ceftizone,allopathic,24,315,500 mg/vial,196
3678,Ceftizone,allopathic,38,315,1 gm/vial,196
3679,Ceftizone,allopathic,38,315,2 gm/vial,196
3680,Ceftizone,allopathic,38,315,500 mg/vial,196
3681,Ceftobac,allopathic,24,315,500 mg/vial,167
3682,Ceftobac,allopathic,38,315,1 gm/vial,167
3683,Ceftobac,allopathic,38,315,2 gm/vial,167
3684,Ceftoren,allopathic,92,302,200 mg,2
3685,Ceftoren,allopathic,92,302,400 mg,2
3686,Ceftoril,allopathic,2,314,400 mg,35
3687,Ceftoril,allopathic,75,314,90 mg/5 ml,35
3688,Ceftriaid,allopathic,24,315,1 gm/vial,122
3689,Ceftriaid,allopathic,24,315,250 mg/vial,122
3690,Ceftriaid,allopathic,24,315,500 mg/vial,122
3691,Ceftriaid,allopathic,38,315,1 gm/vial,122
3692,Ceftriaid,allopathic,38,315,2 gm/vial,122
3693,Ceftriaid,allopathic,38,315,500 mg/vial,122
3694,Ceftrimax,allopathic,24,315,1 gm/vial,233
3695,Ceftrimax,allopathic,24,315,500 mg/vial,233
3696,Ceftrimax,allopathic,38,315,1 gm/vial,233
3697,Ceftrimax,allopathic,38,315,2 gm/vial,233
3698,Ceftrimax,allopathic,38,315,500 mg/vial,233
3699,Ceftrix,allopathic,24,315,250 mg/vial,158
3700,Ceftrix,allopathic,24,315,500 mg/vial,158
3701,Ceftrix,allopathic,38,315,1 gm/vial,158
3702,Ceftrix,allopathic,38,315,2 gm/vial,158
3703,Ceftron,allopathic,24,315,1 gm/vial,217
3704,Ceftron,allopathic,24,315,250 mg/vial,217
3705,Ceftron,allopathic,24,315,500 mg/vial,217
3706,Ceftron,allopathic,38,315,1 gm/vial,217
3707,Ceftron,allopathic,38,315,250 mg/vial,217
3708,Ceftron,allopathic,38,315,2 gm/vial,217
3709,Ceftron,allopathic,38,315,500 mg/vial,217
3710,Cefu M,allopathic,26,316,750 mg/vial,136
3711,Cefuact,allopathic,75,316,125 mg/5 ml,127
3712,Cefuact,allopathic,92,316,250 mg,127
3713,Cefuact,allopathic,92,316,500 mg,127
3714,Cefunix,allopathic,75,316,125 mg/5 ml,235
3715,Cefunix,allopathic,92,316,250 mg,235
3716,Cefunix,allopathic,92,316,500 mg,235
3717,Cefurav Plus,allopathic,75,317,(125 mg+31.25 mg)/5 ml,224
3718,Cefurav Plus,allopathic,92,317,250 mg+62.5 mg,224
3719,Cefurav Plus,allopathic,92,317,500 mg+125 mg,224
3720,Cefurim,allopathic,75,316,125 mg/5 ml,215
3721,Cefurim,allopathic,92,316,250 mg,215
3722,Cefurim,allopathic,92,316,500 mg,215
3723,Cefurim CV,allopathic,75,317,(125 mg+31.25 mg)/5 ml,215
3724,Cefurim CV,allopathic,92,317,250 mg+62.5 mg,215
3725,Cefurim CV,allopathic,92,317,500 mg+125 mg,215
3726,Cefurino,allopathic,92,316,250 mg,64
3727,Cefurino Plus,allopathic,75,317,(125 mg+31.25 mg)/5 ml,64
3728,Cefurino Plus,allopathic,92,317,500 mg+125 mg,64
3729,Cefusil,allopathic,92,316,250 mg,211
3730,Cefusil,allopathic,92,316,500 mg,211
3731,Cefusil CV,allopathic,92,317,250 mg+62.5 mg,211
3732,Cefusil CV,allopathic,92,317,500 mg+125 mg,211
3733,Cefuson,allopathic,92,316,250 mg,113
3734,Cefuson,allopathic,92,316,500 mg,113
3735,Cefuxet,allopathic,75,316,125 mg/5 ml,48
3736,Cefuxet,allopathic,92,316,250 mg,48
3737,Cefuxet,allopathic,92,316,500 mg,48
3738,Cefuxet Plus,allopathic,92,317,500 mg+125 mg,48
3739,Cefzon,allopathic,26,313,1 gm/vial,150
3740,Cefzon,allopathic,26,313,250 mg/vial,150
3741,Celbarin,allopathic,2,1382,200 mg,106
3742,Celeco,allopathic,2,318,100 mg,136
3743,Celeco,allopathic,2,318,200 mg,136
3744,Celenta,allopathic,2,318,100 mg,106
3745,Celenta,allopathic,2,318,200 mg,106
3746,Celeste,allopathic,92,1532,20 mg,84
3747,Celipress,allopathic,92,319,200 mg,73
3748,Celipress,allopathic,92,319,400 mg,73
3749,Cellcept,allopathic,92,1118,500 mg,200
3750,Celofen,allopathic,92,9,100 mg,2
3751,Celozin,allopathic,91,324,5 mg/5 ml,127
3752,Celozin,allopathic,92,324,10 mg,127
3753,Celudex,allopathic,62,191,0.10%,66
3754,Celutis,allopathic,92,1544,200 mg,84
3755,Cemaxi,allopathic,2,304,200 mg,96
3756,Cemaxi,allopathic,75,304,100 mg/5 ml,96
3757,Cemix-3,allopathic,2,304,200 mg,207
3758,Cemix-3,allopathic,75,304,100 mg/5 ml,207
3759,Cemoxin,allopathic,2,91,250 mg,46
3760,Cemoxin,allopathic,2,91,500 mg,46
3761,Cemoxin,allopathic,75,91,125 mg/5 ml,46
3762,Cenet,allopathic,92,253,500 mg,46
3763,Cenolon,allopathic,25,1614,40 mg/ml,106
3764,Cenolon,allopathic,54,1615,55 mcg/spray,106
3765,Centagan,allopathic,91,345,2 mg/5 ml,46
3766,Centamol,allopathic,70,1238,120 mg/5 ml,46
3767,Centamol,allopathic,92,1238,500 mg,46
3768,Centamol,allopathic,92,1240,500 mg+65 mg,46
3769,Centokast,allopathic,92,1086,10 mg,45
3770,Centomin,allopathic,92,1039,500 mg,45
3771,Centomin,allopathic,92,1039,850 mg,45
3772,Centoxin,allopathic,69,505,0.25 mg/5 ml,165
3773,Centoxin,allopathic,92,505,0.25 mg,165
3774,Centradol,allopathic,92,1537,50 mg,106
3775,Centradol,allopathic,92,1537,75 mg,106
3776,Centradol ER,allopathic,96,1537,100 mg,106
3777,Central Gold,allopathic,92,1100,,46
3778,Centurin,herbal,2,1255,250 mg,99
3779,Century Forte,allopathic,92,1100,,229
3780,Century Select,allopathic,92,1103,,229
3781,Ceodin,allopathic,75,321,125 mg/5 ml,46
3782,Cepdoxim,allopathic,75,309,40 mg/5 ml,9
3783,Cephalen,allopathic,2,320,250 mg,35
3784,Cephalen,allopathic,2,320,500 mg,35
3785,Cephalen,allopathic,75,320,125 mg/5 ml,35
3786,Cephalor,allopathic,2,320,250 mg,213
3787,Cephalor,allopathic,75,320,125 mg/5 ml,213
3788,Cephaxin,allopathic,2,320,500 mg,179
3789,Cephaxin,allopathic,75,320,125 mg/5 ml,179
3790,Cephid,allopathic,2,321,250 mg,239
3791,Cephid,allopathic,2,321,500 mg,239
3792,Cephid,allopathic,75,321,125 mg/5 ml,239
3793,Cephoral,allopathic,2,304,200 mg,122
3794,Cephoral,allopathic,2,304,400 mg,122
3795,Cephoral,allopathic,72,304,25 mg/ml,122
3796,Cephoral,allopathic,75,304,100 mg/5 ml,122
3797,Cephoral DS,allopathic,75,304,200 mg/5 ml,122
3798,Cephracap,allopathic,2,321,500 mg,75
3799,Cephracap DS,allopathic,75,321,250 mg/5 ml,75
3800,Cephradex,allopathic,2,321,500 mg,133
3801,Cephradex DS,allopathic,75,321,125 mg/5 ml,133
3802,Cephran,allopathic,2,321,500 mg,165
3803,Cephran,allopathic,26,321,1 gm/vial,165
3804,Cephran,allopathic,26,321,500 mg/vial,165
3805,Cephran,allopathic,72,321,125 mg/1.25 ml,165
3806,Cephran,allopathic,75,321,125 mg/5 ml,165
3807,Cephran DS,allopathic,75,321,250 mg/5 ml,165
3808,Cepime,allopathic,26,303,1 gm/vial,197
3809,Cepime,allopathic,26,303,500 mg/vial,197
3810,Ceporal,allopathic,2,320,250 mg,136
3811,Ceporal,allopathic,2,320,500 mg,136
3812,Ceporal,allopathic,75,320,125 mg/5 ml,136
3813,Ceporex,allopathic,2,320,250 mg,88
3814,Ceporex,allopathic,2,320,500 mg,88
3815,Ceporex,allopathic,75,320,125 mg/5 ml,88
3816,Cepoxid,allopathic,75,309,40 mg/5 ml,20
3817,Cepoxid,allopathic,92,309,200 mg,20
3818,Ceprocon,allopathic,75,364,250 mg/5 ml,53
3819,Ceprocon,allopathic,92,364,500 mg,53
3820,Ceproval,allopathic,2,321,500 mg,174
3821,Ceproval,allopathic,75,321,125 mg/5 ml,174
3822,Ceptin-R,allopathic,92,1368,150 mg,127
3823,Ceptiva,allopathic,92,599,0.03 mg+0.15 mg,2
3824,Cerenin,allopathic,92,1666,5 mg,16
3825,Cereton,allopathic,30,1666,10 mg/2 ml,84
3826,Cereton,allopathic,92,1666,5 mg,84
3827,Cerevas,allopathic,92,1666,5 mg,217
3828,Cerinib,allopathic,2,322,150 mg,66
3829,Ceritec,allopathic,92,324,10 mg,204
3830,Cerivin,allopathic,92,1666,5 mg,35
3831,Cero,allopathic,61,365,0.30%,82
3832,Cero,allopathic,62,365,0.30%,82
3833,Cero,allopathic,92,364,500 mg,82
3834,Cerodex,allopathic,62,366,0.3%+0.1%,82
3835,Cero-HC,allopathic,63,367,0.3%+1%,82
3836,Cerox CV,allopathic,75,317,(125 mg+31.25 mg)/5 ml,2
3837,Cerox CV,allopathic,92,317,125 mg+31.25 mg,2
3838,Cerox CV,allopathic,92,317,250 mg+62.5 mg,2
3839,Cerox CV,allopathic,92,317,500 mg+125 mg,2
3840,Cerox-A,allopathic,26,316,250 mg/vial,2
3841,Cerox-A,allopathic,26,316,750 mg/vial,2
3842,Cerox-A,allopathic,38,316,1.5 gm/vial,2
3843,Cerox-A,allopathic,75,316,125 mg/5 ml,2
3844,Cerox-A,allopathic,92,316,125 mg,2
3845,Cerox-A,allopathic,92,316,250 mg,2
3846,Cerox-A,allopathic,92,316,500 mg,2
3847,Ceroxime,allopathic,26,316,750 mg/vial,26
3848,Ceroxime,allopathic,75,316,125 mg/5 ml,26
3849,Ceroxime,allopathic,92,316,250 mg,26
3850,Ceroxime,allopathic,92,316,500 mg,26
3851,Certican,allopathic,92,618,0.25 mg,156
3852,Certican,allopathic,92,618,0.50 mg,156
3853,Certican,allopathic,92,618,0.75 mg,156
3854,Certiva,allopathic,92,1100,,76
3855,Certus,allopathic,92,920,250 mg,31
3856,Cervarix,allopathic,24,777,0.5 ml/dose,88
3857,Cerzin,allopathic,92,324,10 mg,80
3858,Cesalin,allopathic,37,368,1 mg/ml,225
3859,Cesil,allopathic,91,324,5 mg/5 ml,212
3860,Cesonide,allopathic,86,350,160 mcg/actuation,35
3861,Cesonide,allopathic,86,350,80 mcg/actuation,35
3862,Cetacaf,allopathic,92,1240,500 mg+65 mg,231
3863,Cetadol,allopathic,70,1238,120 mg/5 ml,
3864,Cetadol,allopathic,92,1238,500 mg,
3865,Cetadol Plus,allopathic,92,1240,500 mg+65 mg,
3866,Cetal,allopathic,70,1238,120 mg/5 ml,221
3867,Cetal Plus,allopathic,92,1240,500 mg+65 mg,221
3868,Cetam,allopathic,70,1238,120 mg/5 ml,173
3869,Cetam,allopathic,92,1238,500 mg,173
3870,Cetam Plus,allopathic,92,1240,500 mg+65 mg,173
3871,Cetaxim,allopathic,26,306,1 gm/10 ml,89
3872,Cetaxim,allopathic,26,306,250 mg/5 ml,89
3873,Cetaxim,allopathic,26,306,500 mg/10 ml,89
3874,Cetaxone,allopathic,24,315,500 mg/vial,75
3875,Cetaxone,allopathic,38,315,1 gm/vial,75
3876,Cetaxone,allopathic,38,315,2 gm/vial,75
3877,Cetirizine,allopathic,91,324,5 mg/5 ml,19
3878,Cetirizine,allopathic,92,324,10 mg,19
3879,Cetisoft,allopathic,2,324,10 mg,4
3880,Cetizin,allopathic,92,324,10 mg,4
3881,Cetjet,allopathic,92,324,10 mg,194
3882,Cetmax,allopathic,92,324,10 mg,14
3883,Ceto,allopathic,92,178,6 mg+200 mg+50 mg,84
3884,Cetol,allopathic,70,1238,120 mg/5 ml,29
3885,Cetol,allopathic,92,1238,500 mg,29
3886,Cetox Plus,allopathic,92,1678,250 mg+200 mg,48
3887,Cetox Plus,allopathic,92,178,6 mg+200 mg+50 mg,48
3888,Cetra,allopathic,92,324,10 mg,55
3889,Cetriben,allopathic,91,324,5 mg/5 ml,34
3890,Cetriben,allopathic,92,324,10 mg,34
3891,Cetrigen,allopathic,92,324,10 mg,36
3892,Cetril,allopathic,91,324,5 mg/5 ml,48
3893,Cetril,allopathic,92,324,10 mg,48
3894,Cetrimax,allopathic,92,324,10 mg,160
3895,Cetrin,allopathic,2,324,10 mg,66
3896,Cetrin,allopathic,92,324,10 mg,66
3897,Cetriz,allopathic,91,324,5 mg/5 ml,27
3898,Cetriz,allopathic,92,324,10 mg,27
3899,Cetrol,allopathic,92,324,10 mg,64
3900,Cetrotide,allopathic,80,326,250 mcg/vial,138
3901,Cetuxim,allopathic,37,327,5 mg/ml,31
3902,Cetzin,allopathic,91,324,5 mg/5 ml,54
3903,Cetzin,allopathic,92,324,10 mg,54
3904,Cevalin,allopathic,9,1676,250 mg,37
3905,Cevion,allopathic,18,1676,1000 mg,101
3906,Cevozin,allopathic,92,939,5 mg,5
3907,Cexime,allopathic,2,304,200 mg,88
3908,Cexime,allopathic,2,304,400 mg,88
3909,Cexime,allopathic,75,304,100 mg/5 ml,88
3910,Cexitil,allopathic,92,316,250 mg,135
3911,Cexitil,allopathic,92,316,500 mg,135
3912,Cezin,allopathic,91,324,5 mg/5 ml,135
3913,Cezin,allopathic,92,324,10 mg,135
3914,C-Fenac,allopathic,24,494,75 mg/3 ml,48
3915,C-Fenac TR,allopathic,8,494,100 mg,48
3916,CFL,allopathic,72,298,125 mg/1.25 ml,210
3917,CFL,allopathic,75,298,125 mg/5 ml,210
3918,Cfresh Liquigel,allopathic,62,290,1%,150
3919,Champion,allopathic,11,1047,30%+10%+4%,66
3920,Charm,allopathic,92,1455,50 mg,66
3921,Charnil,allopathic,70,1464,(500 mg+100 mg)/5 ml,224
3922,Chear,allopathic,92,1448,100 mg,2
3923,Chear,allopathic,92,1448,25 mg,2
3924,Chear,allopathic,92,1448,50 mg,2
3925,Chelova,allopathic,14,453,250 mg,114
3926,Chelova,allopathic,14,453,500 mg,114
3927,Chemocain,allopathic,30,957,2%,48
3928,Chemocain-A,allopathic,30,954,2%+0.0005%,48
3929,Chemocain-A,allopathic,30,955,2%+0.0005%,48
3930,Chemomycine,allopathic,2,1224,250 mg,205
3931,Chewce,allopathic,9,1676,250 mg,150
3932,Chir DS,allopathic,9,34,400 mg,194
3933,Chiro Cyst,allopathic,2,452,500 mg,190
3934,Chirol,herbal,91,1454,,105
3935,Chirol,herbal,92,1454,,105
3936,Chloramphenicol,allopathic,2,332,250 mg,104
3937,Chlormet,allopathic,62,472,0.1%+0.5%,35
3938,Chlorodex,allopathic,62,472,0.1%+0.5%,153
3939,Chlorool,allopathic,2,332,250 mg,207
3940,Chlorool,allopathic,70,332,125 mg/5 ml,207
3941,Chlorosol,allopathic,23,339,0.5%+70%,240
3942,Chlorovis,allopathic,62,331,0.50%,37
3943,Chlorphen,allopathic,2,332,250 mg,153
3944,Chlorphen,allopathic,15,333,5%+1%,153
3945,Chlorphen,allopathic,61,331,1%,153
3946,Chlorphen,allopathic,62,331,0.50%,153
3947,Chlorpheniramine,allopathic,92,345,4 mg,136
3948,Cholcut,allopathic,92,1406,10 mg,240
3949,Cholcut,allopathic,92,1406,20 mg,240
3950,Cholcut,allopathic,92,1406,5 mg,240
3951,Cholenak,allopathic,37,1472,0.5%+0.1%+0.393%,217
3952,Cholera Fluid,allopathic,37,348,,109
3953,Cholera Saline,allopathic,37,348,,4
3954,Cholera Saline,allopathic,37,348,,164
3955,Cholvax,allopathic,70,1202,1.5 ml/vial,106
3956,Choriofactor,allopathic,24,773,5000 IU/vial,238
3957,Chrocee,allopathic,2,1382,200 mg,2
3958,Chuben DS,allopathic,9,34,400 mg,9
3959,Ciafil,allopathic,92,1532,10 mg,150
3960,Ciafil,allopathic,92,1532,20 mg,150
3961,Cialix,allopathic,92,1532,10 mg,155
3962,Cialix,allopathic,92,1532,20 mg,155
3963,Cialix,allopathic,92,1532,5 mg,155
3964,Ciaton,allopathic,92,1532,10 mg,2
3965,Ciaton,allopathic,92,1532,20 mg,2
3966,Ciaton,allopathic,92,1532,5 mg,2
3967,Cibact,allopathic,75,364,250 mg/5 ml,75
3968,Cibact,allopathic,92,364,500 mg,75
3969,Cibact,allopathic,92,364,750 mg,75
3970,Ciclex,allopathic,54,351,50 mcg/spray,165
3971,Cicloderm,allopathic,11,352,1%,185
3972,Cicloson,allopathic,54,351,50 mcg/spray,106
3973,Cidogrel,allopathic,92,392,75 mg,20
3974,Cifibet,allopathic,92,363,100 mg,73
3975,Ciflocin,allopathic,92,364,500 mg,27
3976,Ciflodex,allopathic,62,366,0.3%+0.1%,195
3977,Ciflox,allopathic,61,365,0.30%,195
3978,Ciflox,allopathic,62,365,0.30%,195
3979,Ciflox,allopathic,92,364,500 mg,195
3980,Cikolin,allopathic,26,370,500 mg/4 ml,66
3981,Cikolin,allopathic,92,370,500 mg,66
3982,Cilanem,allopathic,38,816,(500 mg+500 mg)/vial,73
3983,Cildip,allopathic,92,355,10 mg,165
3984,Cildip,allopathic,92,355,5 mg,165
3985,Cildocal,allopathic,92,355,10 mg,62
3986,Cildocal,allopathic,92,355,5 mg,62
3987,Cilma,allopathic,92,355,10 mg,196
3988,Cilma,allopathic,92,355,5 mg,196
3989,Cilmedip,allopathic,92,355,10 mg,105
3990,Cilmedip,allopathic,92,355,5 mg,105
3991,Cilnical,allopathic,92,355,10 mg,229
3992,Cilnior,allopathic,92,355,10 mg,171
3993,Cilnior,allopathic,92,355,5 mg,171
3994,Cilnipin,allopathic,92,355,10 mg,25
3995,Cilnipin,allopathic,92,355,5 mg,25
3996,Cilnivas,allopathic,92,355,10 mg,185
3997,Cilnivas,allopathic,92,355,5 mg,185
3998,Cilocab,allopathic,92,355,10 mg,2
3999,Cilocab,allopathic,92,355,5 mg,2
4000,Cilocin,allopathic,62,365,0.30%,173
4001,Cilocin,allopathic,75,364,250 mg/5 ml,173
4002,Cilocin,allopathic,92,364,500 mg,173
4003,Cilocin XR,allopathic,96,364,500 mg,173
4004,Cilosta,allopathic,92,356,100 mg,217
4005,Cilvas,allopathic,92,355,10 mg,122
4006,Cilvas,allopathic,92,355,5 mg,122
4007,Cinagen,allopathic,62,1089,0.50%,150
4008,Cinagen XG,allopathic,62,1092,0.5%+0.4%,150
4009,Cinagen-D,allopathic,62,1091,0.5%+0.1%,150
4010,Cinalid,allopathic,75,142,200 mg/5 ml,113
4011,Cinalid,allopathic,92,142,500 mg,113
4012,Cinamak,allopathic,26,67,250 mg/2 ml,225
4013,Cinamycin,allopathic,2,374,150 mg,105
4014,Cinamycin,allopathic,2,374,300 mg,105
4015,Cinamycin,allopathic,26,374,300 mg/2 ml,105
4016,Cinamycin,allopathic,26,374,600 mg/4 ml,105
4017,Cinamycin Plus,allopathic,101,378,1.2%+0.025%,105
4018,Cinarex,allopathic,62,1590,0.30%,35
4019,Cinarex D,allopathic,62,474,0.1%+0.3%,35
4020,Cinarin,allopathic,92,361,15 mg,153
4021,Cinaron,allopathic,92,361,15 mg,217
4022,Cinaron Plus,allopathic,92,362,20 mg+40 mg,217
4023,Cinaryl,allopathic,92,361,15 mg,165
4024,Cinaryl Plus,allopathic,92,362,20 mg+40 mg,165
4025,Cinarzin,allopathic,92,361,15 mg,105
4026,Cinarzin Plus,allopathic,92,362,20 mg+40 mg,105
4027,Cinazin,allopathic,92,361,15 mg,4
4028,Cinazin Plus,allopathic,92,362,20 mg+40 mg,4
4029,Cinekar,allopathic,92,355,10 mg,114
4030,Cinekar,allopathic,92,355,5 mg,114
4031,Cinemet CR,allopathic,93,941,100 mg+25 mg,2
4032,Cinemet CR,allopathic,93,941,200 mg+50 mg,2
4033,Cinet,allopathic,92,253,500 mg,32
4034,Cinkara,herbal,91,769,,99
4035,Cinnarizine,allopathic,92,361,15 mg,42
4036,Cinoderm,allopathic,11,657,0.03%,66
4037,Cinomyst,allopathic,92,361,15 mg,148
4038,Cinon,allopathic,11,753,0.10%,16
4039,Cip,allopathic,61,365,0.30%,26
4040,Cip,allopathic,62,365,0.30%,26
4041,Cip,allopathic,92,364,500 mg,26
4042,Cip,allopathic,92,364,750 mg,26
4043,Cipcin,allopathic,37,364,200 mg/100 ml,37
4044,Cipcin,allopathic,62,365,0.30%,37
4045,Cipcin,allopathic,75,364,250 mg/5 ml,37
4046,Cipcin,allopathic,92,364,250 mg,37
4047,Cipcin,allopathic,92,364,500 mg,37
4048,Cipcin,allopathic,92,364,750 mg,37
4049,Cipcin-DX,allopathic,62,366,0.3%+0.1%,37
4050,Cip-D,allopathic,62,366,0.3%+0.1%,26
4051,Cipex,allopathic,75,364,250 mg/5 ml,14
4052,Cipex,allopathic,92,364,250 mg,14
4053,Cipex,allopathic,92,364,500 mg,14
4054,Cipex,allopathic,92,364,750 mg,14
4055,Ciplon,allopathic,37,364,200 mg/100 ml,225
4056,Ciplon,allopathic,92,364,500 mg,225
4057,Ciplon,allopathic,92,364,750 mg,225
4058,Ciplon DS,allopathic,37,364,400 mg/100 ml,225
4059,Cipoxia,allopathic,75,364,250 mg/5 ml,180
4060,Cipoxia,allopathic,92,364,500 mg,180
4061,Cipran,allopathic,5,947,40 mg,196
4062,Cipran,allopathic,5,947,80 mg,196
4063,Ciprin,allopathic,61,365,0.30%,153
4064,Ciprin,allopathic,62,365,0.30%,153
4065,Ciprin,allopathic,92,364,500 mg,153
4066,Cipro,allopathic,75,364,250 mg/5 ml,21
4067,Cipro,allopathic,92,364,500 mg,21
4068,Cipro-A,allopathic,37,364,200 mg/100 ml,4
4069,Cipro-A,allopathic,62,365,0.30%,4
4070,Cipro-A,allopathic,75,364,250 mg/5 ml,4
4071,Cipro-A,allopathic,92,364,250 mg,4
4072,Cipro-A,allopathic,92,364,500 mg,4
4073,Cipro-A,allopathic,92,364,750 mg,4
4074,Ciproaid,allopathic,92,364,500 mg,122
4075,Ciprobac 500,allopathic,92,364,500 mg,42
4076,Ciprobac DS,allopathic,75,364,250 mg/5 ml,42
4077,Ciprobey,allopathic,75,364,250 mg/5 ml,210
4078,Ciprobey,allopathic,92,364,500 mg,210
4079,Cipro-C,allopathic,75,364,250 mg/5 ml,48
4080,Cipro-C,allopathic,92,364,500 mg,48
4081,Ciprocap,allopathic,92,364,250 mg,216
4082,Ciprocap,allopathic,92,364,500 mg,216
4083,Ciprocin,allopathic,37,364,200 mg/100 ml,217
4084,Ciprocin,allopathic,62,365,0.30%,217
4085,Ciprocin,allopathic,75,364,250 mg/5 ml,217
4086,Ciprocin,allopathic,92,364,250 mg,217
4087,Ciprocin,allopathic,92,364,500 mg,217
4088,Ciprocin,allopathic,92,364,750 mg,217
4089,Ciprocort,allopathic,63,367,0.3%+1%,66
4090,Cipro-D,allopathic,62,366,0.3%+0.1%,4
4091,Ciprogen,allopathic,92,364,500 mg,36
4092,Ciproguard,allopathic,92,364,500 mg,96
4093,Ciprol,allopathic,92,364,500 mg,135
4094,Ciprol DS,allopathic,75,364,250 mg/5 ml,135
4095,Ciprolyn,allopathic,75,364,250 mg/5 ml,54
4096,Ciprolyn,allopathic,92,364,500 mg,54
4097,Ciprom,allopathic,92,364,250 mg,140
4098,Ciprom,allopathic,92,364,500 mg,140
4099,Cipro-M,allopathic,92,364,500 mg,141
4100,Cipro-M,allopathic,92,364,750 mg,141
4101,Ciprom DS,allopathic,75,364,250 mg/5 ml,140
4102,Cipromet,allopathic,92,364,250 mg,136
4103,Cipromet,allopathic,92,364,500 mg,136
4104,Cipron,allopathic,75,364,250 mg/5 ml,67
4105,Cipron,allopathic,92,364,500 mg,67
4106,Cipronaaf,allopathic,92,364,500 mg,149
4107,Cipronil,allopathic,75,364,250 mg/5 ml,212
4108,Cipronil,allopathic,92,364,500 mg,212
4109,Cipronil,allopathic,92,364,750 mg,212
4110,Cipronor,allopathic,75,364,250 mg/5 ml,157
4111,Cipronor,allopathic,92,364,500 mg,157
4112,Cipro-S,allopathic,75,364,250 mg/5 ml,207
4113,Cipro-S,allopathic,92,364,500 mg,207
4114,Ciprotec,allopathic,75,364,250 mg/5 ml,19
4115,Ciprotec,allopathic,92,364,500 mg,19
4116,Ciprotim,allopathic,92,364,500 mg,64
4117,Ciproton,allopathic,92,364,500 mg,45
4118,Ciprox,allopathic,37,364,200 mg/100 ml,165
4119,Ciprox,allopathic,61,365,0.30%,165
4120,Ciprox,allopathic,62,365,0.30%,165
4121,Ciprox,allopathic,92,364,250 mg,165
4122,Ciprox,allopathic,92,364,500 mg,165
4123,Ciprox,allopathic,92,364,750 mg,165
4124,Ciprox DS,allopathic,75,364,250 mg/5 ml,165
4125,Ciprox XR,allopathic,96,364,1000 mg,165
4126,Ciproxen,allopathic,92,364,250 mg,5
4127,Ciproxen,allopathic,92,364,500 mg,5
4128,Ciproxim,allopathic,92,364,500 mg,226
4129,Ciproxy,allopathic,37,364,200 mg/100 ml,164
4130,Ciproxy,allopathic,61,365,0.30%,164
4131,Ciproxy,allopathic,62,365,0.30%,164
4132,Ciproxy D,allopathic,62,366,0.3%+0.1%,164
4133,Ciprozen,allopathic,75,364,250 mg/5 ml,239
4134,Ciprozen,allopathic,92,364,250 mg,239
4135,Ciprozen DS,allopathic,92,364,500 mg,239
4136,Ciprozid,allopathic,37,364,200 mg/100 ml,66
4137,Ciprozid,allopathic,62,365,0.30%,66
4138,Ciprozid,allopathic,75,364,250 mg/5 ml,66
4139,Ciprozid,allopathic,92,364,250 mg,66
4140,Ciprozid,allopathic,92,364,750 mg,66
4141,Ciprozid-DS,allopathic,92,364,500 mg,66
4142,Ciprozid-DX,allopathic,62,366,0.3%+0.1%,66
4143,Ciprozid-XR,allopathic,96,364,1000 mg,66
4144,Cipzin,allopathic,91,324,5 mg/5 ml,207
4145,Cipzin,allopathic,92,324,10 mg,207
4146,Cirizin,allopathic,91,324,5 mg/5 ml,5
4147,Cirizin,allopathic,92,324,10 mg,5
4148,Ciscort,allopathic,54,351,50 mcg/spray,164
4149,Cispenam,allopathic,38,816,(250 mg+250 mg)/vial,106
4150,Cispenam,allopathic,38,816,(500 mg+500 mg)/vial,106
4151,Cisplat,allopathic,37,368,1 mg/ml,101
4152,Cisplatin,allopathic,37,368,1 mg/ml,175
4153,Cisplatin Hexal,allopathic,37,368,1 mg/ml,206
4154,Cisplatin PhaRes,allopathic,37,368,1 mg/ml,176
4155,Citalam,allopathic,92,583,10 mg,2
4156,Citalam,allopathic,92,583,5 mg,2
4157,Citalex,allopathic,92,583,10 mg,165
4158,Citalex,allopathic,92,583,5 mg,165
4159,Citalon,allopathic,92,583,10 mg,185
4160,Citalon,allopathic,92,583,5 mg,185
4161,Citapram,allopathic,92,369,10 mg,84
4162,Citapram,allopathic,92,369,20 mg,84
4163,Citazar,allopathic,92,935,250 mg,2
4164,Citazar,allopathic,92,935,500 mg,2
4165,Citicol,allopathic,26,370,500 mg/4 ml,35
4166,Citicol,allopathic,92,370,500 mg,35
4167,Citin,allopathic,91,324,5 mg/5 ml,165
4168,Citin,allopathic,92,324,10 mg,165
4169,Citivas,allopathic,92,370,500 mg,217
4170,Citizen,allopathic,92,324,10 mg,239
4171,Citofer,allopathic,92,631,210 mg,106
4172,Citra-K,allopathic,69,1302,(1500 mg+250 mg)/5 ml,229
4173,Citritol,allopathic,92,250,0.25 mcg+252 mg,165
4174,Citrosol,allopathic,69,1302,(1500 mg+250 mg)/5 ml,4
4175,Citrux-C,allopathic,9,1676,250 mg,155
4176,Civic-ZF,allopathic,2,287,,120
4177,Civodex,allopathic,62,366,0.3%+0.1%,185
4178,Civox,allopathic,37,364,200 mg/100 ml,185
4179,Civox,allopathic,62,365,0.30%,185
4180,Civox,allopathic,75,364,200 mg/5 ml,185
4181,Civox,allopathic,92,364,500 mg,185
4182,Cizin,allopathic,91,324,5 mg/5 ml,153
4183,Cizin,allopathic,92,324,10 mg,153
4184,CK,allopathic,69,1302,(1500 mg+250 mg)/5 ml,185
4185,Clacef,allopathic,92,317,125 mg+31.25 mg,164
4186,Clacef,allopathic,92,317,250 mg+62.5 mg,164
4187,Clacef,allopathic,92,317,500 mg+125 mg,164
4188,Clacido,allopathic,38,90,(1 gm+200 mg)/20 ml,101
4189,Clacido,allopathic,38,90,(500 mg+100 mg)/10 ml,101
4190,Clacido,allopathic,75,90,(125 mg+31.25 mg)/5 ml,101
4191,Clacido,allopathic,92,90,500 mg+125 mg,101
4192,Clacido,allopathic,92,90,875 mg+125 mg,101
4193,Clacido BID,allopathic,75,90,(400 mg+57.50 mg)/5 ml,101
4194,Clacin,allopathic,92,372,500 mg,136
4195,Cladin,allopathic,92,975,10 mg,5
4196,Claim,allopathic,92,9,100 mg,14
4197,Claim ER,allopathic,96,9,200 mg,14
4198,Clamox,allopathic,38,90,(1 gm+200 mg)/20 ml,165
4199,Clamox,allopathic,38,90,(500 mg+100 mg)/10 ml,165
4200,Clamox,allopathic,75,90,(125 mg+31.25 mg)/5 ml,165
4201,Clamox,allopathic,92,90,250 mg+125 mg,165
4202,Clamox,allopathic,92,90,500 mg+125 mg,165
4203,Clamox,allopathic,92,90,875 mg+125 mg,165
4204,Clamox DS,allopathic,75,90,(400 mg+57.50 mg)/5 ml,165
4205,Clamycin,allopathic,92,372,500 mg,37
4206,Clarex,allopathic,92,462,5 mg,26
4207,Claricin,allopathic,75,372,125 mg/5 ml,4
4208,Claricin,allopathic,92,372,250 mg,4
4209,Claricin,allopathic,92,372,500 mg,4
4210,Clarigen,allopathic,92,939,5 mg,66
4211,Clarimycin,allopathic,92,372,500 mg,17
4212,Clarin,allopathic,92,372,250 mg,66
4213,Clarin,allopathic,92,372,500 mg,66
4214,Clarison,allopathic,92,372,500 mg,104
4215,Clarith,allopathic,75,372,125 mg/5 ml,105
4216,Clarith,allopathic,92,372,500 mg,105
4217,Clarizol,allopathic,15,394,1%,106
4218,Clarizol,allopathic,103,396,1%,106
4219,Clarocin,allopathic,92,372,500 mg,63
4220,Clas,allopathic,92,391,75 mg+75 mg,62
4221,Clascon,allopathic,11,373,1% w/w,150
4222,Claviator-CV,allopathic,75,317,(125 mg+31.25 mg)/5 ml,14
4223,Claviator-CV,allopathic,92,317,250 mg+62.5 mg,14
4224,Claviator-CV,allopathic,92,317,500 mg+125 mg,14
4225,Clavoxil,allopathic,92,90,250 mg+125 mg,196
4226,Clavoxil,allopathic,92,90,500 mg+125 mg,196
4227,Clavuran,allopathic,92,310,100 mg+62.5 mg,66
4228,Clavuran,allopathic,92,310,200 mg+125 mg,66
4229,Clavurox,allopathic,75,317,(125 mg+31.25 mg)/5 ml,185
4230,Clavurox,allopathic,92,317,250 mg+62.5 mg,185
4231,Clavurox,allopathic,92,317,500 mg+125 mg,185
4232,Clavusef,allopathic,75,317,(125 mg+31.25 mg)/5 ml,165
4233,Clavusef,allopathic,92,317,125 mg+31.25 mg,165
4234,Clavusef,allopathic,92,317,250 mg+62.5 mg,165
4235,Clavusef,allopathic,92,317,500 mg+125 mg,165
4236,Clavutil,allopathic,75,317,(125 mg+31.25 mg)/5 ml,20
4237,Clavutil,allopathic,92,317,250 mg+62.5 mg,20
4238,Clavutil,allopathic,92,317,500 mg+125 mg,20
4239,Clavuxet,allopathic,92,317,250 mg+62.5 mg,127
4240,Clavuxim,allopathic,92,317,250 mg+62.5 mg,167
4241,Clavuxim,allopathic,92,317,500 mg+125 mg,167
4242,Claxo,allopathic,80,561,4000 Anti-Xa IU/0.4 ml,84
4243,Claxo,allopathic,80,561,6000 Anti-Xa IU/0.6 ml,84
4244,Claz,allopathic,92,721,80 mg,27
4245,Clean gel,allopathic,23,597,66%+3.5%,2
4246,Cleanex,allopathic,23,597,66%+3.5%,14
4247,CleanMax,allopathic,23,868,75%+0.125%+1.45%,54
4248,Cleanser,allopathic,85,1303,10% w/v,84
4249,Cleansol,allopathic,23,339,0.5%+70%,4
4250,Cleansol HP,allopathic,23,868,75%+0.125%+1.45%,4
4251,Cleanstar Clove,allopathic,48,400,3 gm/100 ml,226
4252,Cleanstar Cool Mint,allopathic,48,1033,,226
4253,Cleanstar Gold,allopathic,48,1033,,226
4254,Cleanstar Plus,allopathic,48,615,,210
4255,C-Lemon,allopathic,9,1676,250 mg,239
4256,Clenol,allopathic,11,340,0.1%+0.5%,148
4257,Cleo,allopathic,92,432,2 mg+0.035 mg,161
4258,Cleocin,allopathic,2,374,150 mg,101
4259,Cleocin,allopathic,2,374,300 mg,101
4260,Cleocin,allopathic,107,376,2%,101
4261,Cleodin,allopathic,2,374,300 mg,84
4262,Cleomycin,allopathic,2,374,300 mg,192
4263,Clepam,allopathic,92,389,0.5 mg,75
4264,Clepam,allopathic,92,389,1 mg,75
4265,Clepam,allopathic,92,389,2 mg,75
4266,Cleven,allopathic,80,561,2000 Anti-Xa IU/0.2 ml,35
4267,Cleven,allopathic,80,561,4000 Anti-Xa IU/0.4 ml,35
4268,Cleven,allopathic,80,561,6000 Anti-Xa IU/0.6 ml,35
4269,Cleven,allopathic,80,561,8000 Anti-Xa IU/0.8 ml,35
4270,Clexane,allopathic,80,561,2000 Anti-Xa IU/0.2 ml,222
4271,Clexane,allopathic,80,561,4000 Anti-Xa IU/0.4 ml,222
4272,Clexane,allopathic,80,561,6000 Anti-Xa IU/0.6 ml,222
4273,Clexane,allopathic,80,561,8000 Anti-Xa IU/0.8 ml,222
4274,Climed,allopathic,2,374,150 mg,127
4275,Climed,allopathic,2,374,300 mg,127
4276,Climycin,allopathic,2,374,300 mg,217
4277,Clinacyn,allopathic,2,374,150 mg,35
4278,Clinacyn,allopathic,2,374,300 mg,35
4279,Clinacyn T,allopathic,101,378,1.2%+0.025%,35
4280,Clinail,allopathic,51,89,5% w/v,106
4281,Clincin,allopathic,2,374,150 mg,150
4282,Clincin,allopathic,2,374,300 mg,150
4283,Clindabac,allopathic,2,374,150 mg,185
4284,Clindabac,allopathic,2,374,300 mg,185
4285,Clindaben,allopathic,2,374,150 mg,34
4286,Clindaben,allopathic,2,374,300 mg,34
4287,Clindacap,allopathic,2,374,150 mg,27
4288,Clindacap,allopathic,2,374,300 mg,27
4289,Clindacin,allopathic,2,374,150 mg,106
4290,Clindacin,allopathic,2,374,300 mg,106
4291,Clindacin,allopathic,26,374,300 mg/2 ml,106
4292,Clindacin,allopathic,26,374,600 mg/4 ml,106
4293,Clindacin,allopathic,45,375,1%,106
4294,Clindacin,allopathic,75,374,75 mg/5 ml,106
4295,Clindacin,allopathic,107,376,2%,106
4296,Clindacin Plus,allopathic,101,378,1.2%+0.025%,106
4297,Clindamet,allopathic,2,374,150 mg,215
4298,Clindamet,allopathic,2,374,300 mg,215
4299,Clinda-TIMS,allopathic,2,374,300 mg,64
4300,Clindaver,allopathic,2,374,300 mg,233
4301,Clindax,allopathic,2,374,150 mg,165
4302,Clindax,allopathic,2,374,300 mg,165
4303,Clindax,allopathic,26,374,300 mg/2 ml,165
4304,Clindax,allopathic,26,374,600 mg/4 ml,165
4305,Clindax,allopathic,45,375,1%,165
4306,Clindax,allopathic,75,374,75 mg/5 ml,165
4307,Clindax,allopathic,107,376,2%,165
4308,Clindax Plus,allopathic,101,378,1.2%+0.025%,165
4309,Clindax-B,allopathic,101,377,1%+5%,165
4310,Clinex,allopathic,2,374,150 mg,25
4311,Clinex,allopathic,2,374,300 mg,25
4312,Clinex,allopathic,45,375,1%,25
4313,Clinex Plus,allopathic,101,378,1.2%+0.025%,25
4314,Clinface,allopathic,101,378,1.2%+0.025%,217
4315,Clinorel,allopathic,92,1518,100 mg,165
4316,Clinorel,allopathic,92,1518,200 mg,165
4317,Clinosol Gold,allopathic,37,72,7%+10%,165
4318,Clinosol IV,allopathic,37,71,5%,165
4319,Clinosol Vit,allopathic,37,71,5%,165
4320,Clintrix,allopathic,101,378,1.2%+0.025%,226
4321,Cliomet,allopathic,15,379,1%+0.02%,106
4322,Clioquin,allopathic,11,658,0.025%+3%,4
4323,Clit,allopathic,91,342,80 mg/5 ml,104
4324,Clit,allopathic,92,342,250 mg,104
4325,Clix,allopathic,75,372,125 mg/5 ml,73
4326,Clix,allopathic,92,372,500 mg,73
4327,Clizin,allopathic,92,1015,50 mg,174
4328,Clob,allopathic,92,380,10 mg,165
4329,Clobac,allopathic,72,298,125 mg/1.25 ml,165
4330,Clobac,allopathic,75,298,125 mg/5 ml,165
4331,Clobecort,allopathic,11,386,0.05%,165
4332,Clobecort,allopathic,58,386,0.05%,165
4333,Clobederm,allopathic,11,382,0.05%,66
4334,Clobederm,allopathic,58,382,0.05%,66
4335,Clobenate,allopathic,11,382,0.05%,114
4336,Clobenate,allopathic,58,382,0.05%,114
4337,Clobeon,allopathic,11,383,(0.5 mg+5 mg+1 Lac IU)/gm,114
4338,Clobesol,allopathic,11,382,0.05%,25
4339,Clobesol,allopathic,58,382,0.05%,25
4340,Clobesol SA,allopathic,58,385,0.05%+3%,25
4341,Clobex,allopathic,2,401,500 mg,35
4342,Clobex,allopathic,75,401,125 mg/5 ml,35
4343,Clobid,allopathic,92,380,10 mg,136
4344,Clocard,allopathic,92,392,75 mg,25
4345,Clocard-A,allopathic,92,391,75 mg+75 mg,25
4346,Clocef,allopathic,2,298,500 mg,17
4347,Clocef,allopathic,75,298,125 mg/5 ml,17
4348,Clodal,allopathic,11,396,1%,89
4349,Cloderm,allopathic,11,396,1%,84
4350,Clof,allopathic,92,9,100 mg,37
4351,Clofen TR,allopathic,8,494,100 mg,54
4352,Clofenac,allopathic,22,494,1% w/w,217
4353,Clofenac,allopathic,89,494,12.5 mg,217
4354,Clofenac,allopathic,89,494,25 mg,217
4355,Clofenac,allopathic,89,494,50 mg,217
4356,Clofenac,allopathic,92,494,50 mg,217
4357,Clofenac DT,allopathic,14,494,50 mg,217
4358,Clofenac Plus,allopathic,24,496,(75 mg+20 mg)/2 ml,217
4359,Clofenac SR,allopathic,100,494,100 mg,217
4360,Clofranil,allopathic,92,388,25 mg,219
4361,Clogfree,allopathic,92,392,75 mg,26
4362,Clogfree Plus,allopathic,92,391,75 mg+75 mg,26
4363,Clognil,allopathic,92,392,75 mg,171
4364,Clognil Plus,allopathic,92,391,75 mg+75 mg,171
4365,Clogrel,allopathic,92,392,75 mg,5
4366,Clogrel Plus,allopathic,92,391,75 mg+75 mg,5
4367,Cloles,allopathic,92,128,10 mg,
4368,Cloma,allopathic,92,389,0.5 mg,37
4369,Cloma,allopathic,92,389,1 mg,37
4370,Cloma,allopathic,92,389,2 mg,37
4371,Clon,allopathic,92,389,0.5 mg,89
4372,Clon,allopathic,92,389,2 mg,89
4373,Clonaben,allopathic,92,389,0.5 mg,34
4374,Clonaben,allopathic,92,389,2 mg,34
4375,Clonac TR,allopathic,8,494,100 mg,215
4376,Clonapex,allopathic,92,389,0.5 mg,20
4377,Clonapex,allopathic,92,389,2 mg,20
4378,Clonapin,allopathic,92,389,0.5 mg,185
4379,Clonapin,allopathic,92,389,1 mg,185
4380,Clonapin,allopathic,92,389,2 mg,185
4381,Clonate,allopathic,58,382,0.05%,119
4382,Clonate-NN,allopathic,11,383,(0.5 mg+5 mg+1 Lac IU)/gm,119
4383,Clonatril,allopathic,92,389,0.5 mg,101
4384,Clonatril,allopathic,92,389,1 mg,101
4385,Clonatril,allopathic,92,389,2 mg,101
4386,Clonepam,allopathic,92,389,0.5 mg,173
4387,Clonepam,allopathic,92,389,2 mg,173
4388,Clonil,allopathic,92,389,0.5 mg,114
4389,Clonil,allopathic,92,389,2 mg,114
4390,Clonipres,allopathic,92,390,0.1 mg,150
4391,Clonium,allopathic,92,389,0.5 mg,2
4392,Clonium,allopathic,92,389,1 mg,2
4393,Clonium,allopathic,92,389,2 mg,2
4394,Clont,allopathic,92,392,75 mg,165
4395,Clontas,allopathic,92,391,75 mg+75 mg,165
4396,Clonzy,allopathic,92,389,0.5 mg,180
4397,Clonzy,allopathic,92,389,1 mg,180
4398,Clonzy,allopathic,92,389,2 mg,180
4399,Clopam,allopathic,92,389,0.5 mg,210
4400,Clopam,allopathic,92,389,2 mg,210
4401,Clopid,allopathic,92,392,75 mg,66
4402,Clopid-AS,allopathic,92,391,75 mg+75 mg,66
4403,Clopidol,allopathic,92,392,75 mg,9
4404,Clopidol Plus,allopathic,92,391,75 mg+75 mg,9
4405,Clopigel,allopathic,92,392,75 mg,173
4406,Clopigel Plus,allopathic,92,391,75 mg+75 mg,173
4407,Clopilet,allopathic,92,392,75 mg,219
4408,Clopilet A,allopathic,92,391,75 mg+75 mg,219
4409,Clopirel,allopathic,92,392,75 mg,158
4410,Clopirox,allopathic,11,352,1%,217
4411,Clopirox,allopathic,84,354,1%,217
4412,Clopixol,allopathic,92,1711,10 mg,130
4413,Clopixol Acuphase,allopathic,30,1711,50 mg/ml,130
4414,Clopixol Depot,allopathic,30,1711,200 mg/ml,130
4415,Cloplet,allopathic,92,392,75 mg,161
4416,Cloradex,allopathic,62,472,0.1%+0.5%,150
4417,Cloram,allopathic,61,331,1%,105
4418,Cloram,allopathic,62,331,0.50%,105
4419,Cloram-D,allopathic,62,472,0.1%+0.5%,105
4420,Cloramin,allopathic,91,345,2 mg/5 ml,171
4421,Clorel,allopathic,92,392,75 mg,2
4422,Clorel-A,allopathic,92,391,75 mg+75 mg,2
4423,Clori HC,allopathic,11,399,1%+1%,18
4424,Clorocef,allopathic,2,298,250 mg,105
4425,Clorocef,allopathic,2,298,500 mg,105
4426,Clorocef,allopathic,72,298,125 mg/1.25 ml,105
4427,Clorocef,allopathic,75,298,125 mg/5 ml,105
4428,Cloron,allopathic,72,389,2.5 mg/ml,73
4429,Cloron,allopathic,92,389,0.5 mg,73
4430,Cloron,allopathic,92,389,1 mg,73
4431,Cloron,allopathic,92,389,2 mg,73
4432,Closalic,allopathic,58,385,0.05%+3%,240
4433,Closon,allopathic,11,183,0.05%+1%,135
4434,Closten,allopathic,11,396,1%,9
4435,Clotech-D,allopathic,85,1484,500 mg/100 ml,164
4436,Clotinex,allopathic,80,561,4000 Anti-Xa IU/0.4 ml,217
4437,Clotinex,allopathic,80,561,6000 Anti-Xa IU/0.6 ml,217
4438,Clotinex,allopathic,80,561,8000 Anti-Xa IU/0.8 ml,217
4439,Clotinil,allopathic,92,392,75 mg,197
4440,Clotison,allopathic,11,399,1%+1%,37
4441,Clotrim,allopathic,11,396,1%,4
4442,Clotrim,allopathic,110,397,200 mg,4
4443,Clotrimazole,allopathic,11,396,1%,17
4444,Clotrizole,allopathic,11,396,1%,195
4445,Clotzol,allopathic,11,396,1%,210
4446,Clovate,allopathic,11,382,0.05%,2
4447,Clovate,allopathic,58,382,0.05%,2
4448,Clovate,allopathic,83,381,0.05%,2
4449,Clovate N,allopathic,11,383,(0.5 mg+5 mg+1 Lac IU)/gm,2
4450,Clovate N,allopathic,58,383,(0.5 mg+5 mg+1 Lac IU)/gm,2
4451,Clovcare,allopathic,48,400,3 gm/100 ml,226
4452,Clovir,allopathic,11,21,5% w/w,105
4453,Clovir,allopathic,61,19,3%,105
4454,Clovir,allopathic,92,20,200 mg,105
4455,Clovir,allopathic,92,20,400 mg,105
4456,Cloxacin,allopathic,2,401,500 mg,179
4457,Cloxacin,allopathic,75,401,125 mg/5 ml,179
4458,Cloxafu,allopathic,2,651,250 mg,216
4459,Cloxafu,allopathic,2,651,500 mg,216
4460,Cloxakil,allopathic,2,651,500 mg,233
4461,Clox-F,allopathic,2,651,250 mg,26
4462,Clox-F,allopathic,2,651,500 mg,26
4463,Clox-F,allopathic,75,651,125 mg/5 ml,26
4464,Clox-F DS,allopathic,75,651,250 mg/5 ml,26
4465,Cloxil,allopathic,2,401,500 mg,
4466,Cloxil,allopathic,75,401,125 mg/5 ml,
4467,Cloxin,allopathic,2,401,500 mg,165
4468,Cloxin,allopathic,30,401,500 mg/vial,165
4469,Cloxin,allopathic,75,401,125 mg/5 ml,165
4470,Cloxmet,allopathic,2,401,500 mg,136
4471,Cloxpen,allopathic,2,401,500 mg,66
4472,Clozam,allopathic,92,380,10 mg,150
4473,Clozema,allopathic,11,382,0.05%,224
4474,Clozema,allopathic,58,382,0.05%,224
4475,Clozosone,allopathic,11,183,0.05%+1%,229
4476,Clozox,allopathic,11,396,1%,229
4477,Clozyl,allopathic,70,1057,200 mg/5 ml,224
4478,Clozyl,allopathic,92,1057,400 mg,224
4479,CMC Luvis,allopathic,62,295,0.50%,238
4480,CMC-Gel,allopathic,62,290,1%,37
4481,CNV,allopathic,91,1097,,62
4482,Coavlon,allopathic,92,114,20 mg+120 mg,2
4483,Co-axet,allopathic,75,317,(125 mg+31.25 mg)/5 ml,171
4484,Co-axet,allopathic,92,317,250 mg+62.5 mg,171
4485,Co-axet,allopathic,92,317,500 mg+125 mg,171
4486,Cobesol,allopathic,11,382,0.05%,180
4487,Cobesol,allopathic,58,382,0.05%,180
4488,Cod Liver Oil,allopathic,2,407,600 IU+85 IU+0.3 IU,66
4489,Cod Oil,allopathic,2,407,600 IU+85 IU+0.3 IU,192
4490,Cod Plus,allopathic,91,1097,,20
4491,Codcap,allopathic,2,407,600 IU+85 IU+0.3 IU,106
4492,Coderin,allopathic,96,976,10 mg+240 mg,2
4493,Coderin,allopathic,96,976,5 mg+120 mg,2
4494,Codex,allopathic,91,1344,(30 mg+100 mg+1.25 mg)/5 ml,16
4495,Co-Diovan,allopathic,92,1646,160 mg+12.5 mg,156
4496,Co-Diovan,allopathic,92,1646,160 mg+25 mg,156
4497,Co-Diovan,allopathic,92,1646,80 mg+12.5 mg,156
4498,Co-Disys,allopathic,92,87,10 mg+160 mg,101
4499,Co-Disys,allopathic,92,87,5 mg+160 mg,101
4500,Co-Disys,allopathic,92,87,5 mg+80 mg,101
4501,Codliv,allopathic,2,407,600 IU+85 IU+0.3 IU,173
4502,Codlivit,allopathic,91,1097,,212
4503,Codmin,allopathic,91,1098,,90
4504,Codomix,allopathic,91,1097,,113
4505,Co-dopa,allopathic,92,942,250 mg+25 mg,229
4506,Co-dopa CR,allopathic,93,941,100 mg+25 mg,229
4507,Co-dopa CR,allopathic,93,941,200 mg+50 mg,229
4508,Codvit,allopathic,2,407,600 IU+85 IU+0.3 IU,165
4509,Codvita,allopathic,91,1097,,17
4510,Codyl,allopathic,91,1344,(30 mg+100 mg+1.25 mg)/5 ml,136
4511,Cofdil,allopathic,91,1344,(30 mg+100 mg+1.25 mg)/5 ml,46
4512,Cofexin,allopathic,91,66,15 mg/5 ml,90
4513,Coflyt,allopathic,91,227,4 mg/5 ml,26
4514,Cofnil Plus,allopathic,91,747,(200 mg+15 mg+15 mg)/5 ml,84
4515,Cofof,allopathic,91,239,7.5 mg/5 ml,75
4516,Cofof,allopathic,100,239,50 mg,75
4517,Cofresh,allopathic,62,735,0.2%+0.36%+1%,105
4518,Cofrid,allopathic,91,747,(200 mg+15 mg+15 mg)/5 ml,4
4519,Cofson,allopathic,91,1344,(30 mg+100 mg+1.25 mg)/5 ml,104
4520,Cofson plus,allopathic,91,748,(100 mg+1.1 mg+14 mg)/5 ml,104
4521,Cogniz,allopathic,92,370,500 mg,229
4522,Colagel,allopathic,22,970,15%,106
4523,Colamin,allopathic,92,1016,500 mcg,192
4524,Colax,allopathic,92,380,10 mg,179
4525,Colaz,allopathic,9,34,400 mg,54
4526,Colaz,allopathic,70,34,200 mg/5 ml,54
4527,Cold B,allopathic,92,227,4 mg,136
4528,Coldex,allopathic,91,1344,(30 mg+100 mg+1.25 mg)/5 ml,140
4529,Coldflu,allopathic,91,485,10 mg/5 ml,17
4530,Colicon,allopathic,91,499,10 mg/5 ml,217
4531,Colicon,allopathic,92,499,10 mg,217
4532,Colimax,allopathic,92,409,0.6 mg,217
4533,Colipan,allopathic,30,802,20 mg/ml,136
4534,Colipan,allopathic,92,802,10 mg,136
4535,Colipan,allopathic,92,802,20 mg,136
4536,Colistimethate (CMS),allopathic,26,411,1 MIU,
4537,Colistimethate (CMS),allopathic,26,411,4.5 MIU,
4538,Colitrol,allopathic,2,249,0.25 mcg,106
4539,Colitrol,allopathic,38,249,1 mcg/ml,106
4540,Colmint,herbal,2,1259,187 mg/0.2 ml,217
4541,Colomeb,allopathic,92,1012,135 mg,150
4542,Colostat,allopathic,92,128,10 mg,105
4543,Colostat,allopathic,92,128,20 mg,105
4544,Coluric,allopathic,92,409,0.6 mg,229
4545,Comarit,allopathic,2,245,20 mg,85
4546,Comarit,allopathic,2,245,80 mg,85
4547,Combair,allopathic,29,1421,(100 mcg+20 mcg)/puff,2
4548,Combair,allopathic,78,1422,(2.5 mg+500 mcg)/ml,2
4549,Combat,allopathic,62,219,0.2%+0.5%,84
4550,Combicard,allopathic,92,82,5 mg+50 mg,101
4551,Combicid,allopathic,11,384,0.05%+0.75%+2%+1%,217
4552,Combiderm,allopathic,11,184,0.05%+1%+0.1%,185
4553,Combigan,allopathic,62,219,0.2%+0.5%,
4554,Combipen,allopathic,30,1325,(3 lac unit+1 lac unit)/vial,4
4555,Combiplat,allopathic,92,391,75 mg+75 mg,31
4556,Combipres,allopathic,62,219,0.2%+0.5%,25
4557,Combisol,allopathic,85,338,0.3%+3%,113
4558,Combiver,allopathic,29,1421,(100 mcg+20 mcg)/puff,101
4559,Combivit,allopathic,26,1669,,171
4560,Combocef,allopathic,92,310,100 mg+62.5 mg,2
4561,Combocef,allopathic,92,310,200 mg+125 mg,2
4562,Combomax,allopathic,2,1536,0.4 mg+0.5 mg,66
4563,Combomin,allopathic,92,,100 mg+200 mg+200 mcg,5
4564,Comet,allopathic,92,1039,500 mg,217
4565,Comet,allopathic,92,1039,850 mg,217
4566,Comet XR,allopathic,96,1039,1000 mg,217
4567,Comet XR,allopathic,96,1039,500 mg,217
4568,Comfil,allopathic,91,950,1 mg/5 ml,180
4569,Comfil,allopathic,92,950,2 mg,180
4570,Comfort,allopathic,69,911,3.35 gm/5 ml,19
4571,Comfy,allopathic,92,389,0.5 mg,122
4572,Comfy,allopathic,92,389,1 mg,122
4573,Comfy,allopathic,92,389,2 mg,122
4574,Comipen,allopathic,92,387,50 mg,173
4575,Compimet,allopathic,92,1282,15 mg+500 mg,106
4576,Compimet,allopathic,92,1282,15 mg+850 mg,106
4577,Compiron,allopathic,72,858,50 mg/ml,106
4578,Compiron,allopathic,91,858,50 mg/5 ml,106
4579,Complavit,allopathic,91,1669,,88
4580,Comprid,allopathic,92,721,80 mg,217
4581,Comprid XR,allopathic,96,721,30 mg,217
4582,Comprid XR,allopathic,96,721,60 mg,217
4583,Comvit-B,allopathic,91,1669,,148
4584,Con,allopathic,92,652,50 mg,194
4585,Conart,allopathic,92,234,1 mg,2
4586,Conasyd,allopathic,11,1585,1%,196
4587,Conatrim,allopathic,11,544,1%+0.1%,5
4588,Conaz,allopathic,2,652,150 mg,171
4589,Conaz,allopathic,2,652,50 mg,171
4590,Conazole,allopathic,2,652,50 mg,21
4591,Conazol-T,allopathic,11,544,1%+0.1%,74
4592,Conbis,allopathic,92,208,2.5 mg,114
4593,Conbis,allopathic,92,208,5 mg,114
4594,Concor,allopathic,92,208,10 mg,138
4595,Condia,allopathic,92,722,1 mg,114
4596,Condia,allopathic,92,722,2 mg,114
4597,Condia,allopathic,92,722,3 mg,114
4598,Confree,allopathic,52,1220,0.03%,26
4599,Confree,allopathic,52,1220,0.05%,26
4600,Congenil,allopathic,52,1220,0.03%,150
4601,Congenil,allopathic,52,1220,0.05%,150
4602,Conicol,allopathic,61,331,1%,165
4603,Conicol,allopathic,62,331,0.50%,165
4604,Conlax,allopathic,69,911,3.35 gm/5 ml,229
4605,Conloss,allopathic,69,911,3.35 gm/5 ml,76
4606,Conpan,allopathic,92,389,0.5 mg,150
4607,Conpan,allopathic,92,389,1 mg,150
4608,Conpan,allopathic,92,389,2 mg,150
4609,Conrif,allopathic,62,1196,0.10%,89
4610,Conrif DS,allopathic,62,1196,0.20%,89
4611,Consucon,allopathic,92,721,80 mg,106
4612,Consucon MR,allopathic,98,721,30 mg,106
4613,Consucon MR,allopathic,98,721,60 mg,106
4614,Contilex,allopathic,92,727,250 mg+200 mg,217
4615,Contilex TS,allopathic,92,727,750 mg+600 mg,217
4616,Contilos,allopathic,69,911,3.35 gm/5 ml,92
4617,Contine,allopathic,91,1571,120 mg/5 ml,25
4618,Contine,allopathic,93,1571,200 mg,25
4619,Contine,allopathic,93,1571,300 mg,25
4620,Contine,allopathic,93,1571,400 mg,25
4621,Contova,allopathic,62,1196,0.10%,2
4622,Contova DS,allopathic,62,1196,0.20%,2
4623,Convit B,allopathic,91,1669,,53
4624,Convit Z,allopathic,91,1671,,53
4625,Convules,allopathic,91,1492,200 mg/5 ml,165
4626,Convules SR,allopathic,93,1492,200 mg,165
4627,Convules SR,allopathic,93,1492,300 mg,165
4628,Convules SR,allopathic,93,1492,500 mg,165
4629,Conzi,allopathic,91,1703,10 mg/5 ml,53
4630,Cool max,herbal,58,1029,,4
4631,Copadox,allopathic,92,531,400 mg,215
4632,Cope,allopathic,92,402,100 mg,64
4633,Cope,allopathic,92,402,25 mg,64
4634,Copeg,allopathic,2,1382,200 mg,31
4635,Cophilex,allopathic,91,1344,(30 mg+100 mg+1.25 mg)/5 ml,165
4636,Cophyl,allopathic,91,1344,(30 mg+100 mg+1.25 mg)/5 ml,179
4637,Copnat-N,allopathic,11,382,0.05%,196
4638,Copnat-N,allopathic,58,382,0.05%,196
4639,Coport,allopathic,92,556,10 mg,2
4640,Coport,allopathic,92,556,25 mg,2
4641,Coport M,allopathic,92,558,5 mg+500 mg,2
4642,Coprin,allopathic,91,484,(10 mg+30 mg+1.25 mg)/5 ml,
4643,CoQ,herbal,2,408,30 mg,31
4644,CoQ,herbal,2,408,60 mg,31
4645,Cora Kit,allopathic,92,809,150 mg+600 mg+400 IU,2
4646,Corabid,allopathic,92,878,5 mg,229
4647,Corabid,allopathic,92,878,7.5 mg,229
4648,Corabon-D,allopathic,92,255,500 mg+200 IU,161
4649,Corabon-DX,allopathic,92,255,600 mg+400 IU,161
4650,Cora-C,allopathic,18,267,1000+327 mg+500 mg+400 I.U.,2
4651,Cora-D,allopathic,92,255,500 mg+200 IU,2
4652,Cora-DX,allopathic,92,255,600 mg+400 IU,2
4653,Cora-DX Vita,allopathic,18,266,1358.196 mg+600 mg+400 IU,2
4654,Coral CD,allopathic,92,255,500 mg+200 IU,192
4655,Coralben D,allopathic,92,255,500 mg+200 IU,34
4656,CoralCal-D,allopathic,92,255,500 mg+200 IU,191
4657,CoralCal-DX,allopathic,92,257,600 mg+400 IU,191
4658,Coralcal-Kit,allopathic,92,809,150 mg+600 mg+400 IU,191
4659,Coralcin-D,allopathic,92,255,500 mg+200 IU,196
4660,Coralcin-DX,allopathic,92,255,600 mg+400 IU,196
4661,Coralex,allopathic,92,255,500 mg+200 IU,4
4662,Coralex DX,allopathic,92,255,600 mg+400 IU,4
4663,Coralgen D,allopathic,92,255,500 mg+200 IU,20
4664,Coralium-D,allopathic,92,255,500 mg+200 IU,14
4665,CoralMax-D,allopathic,92,255,500 mg+200 IU,171
4666,CoralMax-DX,allopathic,92,255,600 mg+400 IU,171
4667,CoralTab,allopathic,92,255,500 mg+200 IU,105
4668,CoralTab-DX,allopathic,92,255,600 mg+400 IU,105
4669,Coralvit-D,allopathic,92,255,500 mg+200 IU,226
4670,Corangi,allopathic,92,1153,10 mg,229
4671,Corasis-D,allopathic,92,255,500 mg+200 IU,224
4672,Corbic,allopathic,92,945,500 mg,158
4673,Corcal D,allopathic,92,255,500 mg+200 IU,164
4674,Cordarone,allopathic,92,76,100 mg,222
4675,Cordarone,allopathic,92,76,200 mg,222
4676,Cordef,allopathic,92,456,24 mg,105
4677,Cordef,allopathic,92,456,6 mg,105
4678,Cordema,allopathic,62,1469,5%,89
4679,Corestin,allopathic,92,1406,10 mg,229
4680,Corestin,allopathic,92,1406,20 mg,229
4681,Corestin,allopathic,92,1406,5 mg,229
4682,Corlift,allopathic,92,1656,10 mg,240
4683,Corlift,allopathic,92,1656,2.5 mg,240
4684,Corlift,allopathic,92,1656,5 mg,240
4685,Corofree,allopathic,92,794,200 mg,25
4686,Coroquin,allopathic,92,794,200 mg,37
4687,Corovas,allopathic,92,1406,10 mg,37
4688,Corovas,allopathic,92,1406,20 mg,37
4689,Corovas,allopathic,92,1406,5 mg,37
4690,Corsil-D,allopathic,92,255,500 mg+200 IU,60
4691,Cortaid,allopathic,26,783,100 mg/2 ml,158
4692,Cortan,allopathic,63,1313,1%,106
4693,Cortan,allopathic,69,1311,5 mg/5 ml,106
4694,Cortan,allopathic,92,1311,10 mg,106
4695,Cortan,allopathic,92,1311,20 mg,106
4696,Cortan,allopathic,92,1311,2 mg,106
4697,Cortan,allopathic,92,1311,5 mg,106
4698,Cortef,allopathic,26,783,100 mg/2 ml,25
4699,Cortider,allopathic,11,786,1%,73
4700,Cortiflo,allopathic,92,456,24 mg,161
4701,Cortiflo,allopathic,92,456,6 mg,161
4702,Cortimax,allopathic,70,456,6 mg/5 ml,4
4703,Cortimax,allopathic,92,456,24 mg,4
4704,Cortimax,allopathic,92,456,6 mg,4
4705,Cortimet,allopathic,11,786,1%,136
4706,Cortinex,allopathic,26,783,100 mg/2 ml,240
4707,Cortisol,allopathic,63,1313,1%,25
4708,Cortisol,allopathic,69,1311,5 mg/5 ml,25
4709,Cortisol,allopathic,92,1311,10 mg,25
4710,Cortisol,allopathic,92,1311,20 mg,25
4711,Cortisol,allopathic,92,1311,5 mg,25
4712,Cortucin-N,allopathic,11,187,0.1%+0.5%,74
4713,Corvastin,allopathic,92,1406,10 mg,45
4714,Corvastin,allopathic,92,1406,20 mg,45
4715,Corzil,allopathic,92,140,40 mg,2
4716,Corzil,allopathic,92,140,80 mg,2
4717,Cosarin,allopathic,92,729,750 mg+50 mg,165
4718,Cosat,allopathic,70,1520,(200 mg+40 mg)/5 ml,73
4719,Cosat-DS,allopathic,92,1520,800 mg+160 mg,73
4720,Cosben,allopathic,9,34,400 mg,55
4721,Coscef,allopathic,2,321,500 mg,55
4722,Coscef,allopathic,75,321,125 mg/5 ml,55
4723,Cosclox,allopathic,2,401,500 mg,55
4724,Cosdox,allopathic,2,533,100 mg,55
4725,Cosec,allopathic,4,1199,20 mg,66
4726,Cosec,allopathic,4,1199,40 mg,66
4727,Cosec,allopathic,38,1199,40 mg/vial,66
4728,Cosec-MUPS,allopathic,49,1200,20 mg,66
4729,Cosentyx,allopathic,30,1441,150 mg/ml,156
4730,Cosfenac SR,allopathic,7,494,100 mg,55
4731,Cosfez TR,allopathic,8,641,150 mg+0.5 mg+61.8 mg,55
4732,Cosflu,allopathic,92,652,50 mg,55
4733,Cosium,allopathic,92,380,10 mg,4
4734,Coslev,allopathic,92,945,500 mg,55
4735,Cosmotil,allopathic,92,317,250 mg+62.5 mg,55
4736,Cosmotil,allopathic,92,317,500 mg+125 mg,55
4737,Cosmotrin,allopathic,11,1612,0.03%,35
4738,Cosmozole,allopathic,4,586,20 mg,55
4739,Cosmozole,allopathic,4,586,40 mg,55
4740,Cosnap,allopathic,92,1133,250 mg,55
4741,Cosnap Plus,allopathic,94,1134,500 mg+20 mg,55
4742,Cospra,allopathic,95,1237,20 mg,55
4743,Costa-B,allopathic,92,,100 mg+200 mg+200 mcg,161
4744,Costin,allopathic,92,253,500 mg,84
4745,Cosvit TR,allopathic,8,855,,55
4746,Cosy,allopathic,70,524,5 mg/5 ml,171
4747,Cosy,allopathic,92,524,10 mg,171
4748,Cotadex,allopathic,62,474,0.1%+0.3%,143
4749,Cotrazen,allopathic,70,1520,(200 mg+40 mg)/5 ml,239
4750,Cotrazen,allopathic,92,1520,400 mg+80 mg,239
4751,Cotrazen DS,allopathic,92,1520,800 mg+160 mg,239
4752,Cotrim,allopathic,70,1520,(200 mg+40 mg)/5 ml,217
4753,Cotrim,allopathic,92,1520,400 mg+80 mg,217
4754,Cotrim DS,allopathic,92,1520,800 mg+160 mg,217
4755,Cotrimox,allopathic,70,1520,(200 mg+40 mg)/5 ml,107
4756,Cotrimox,allopathic,92,1520,400 mg+80 mg,107
4757,Cotrimox DS,allopathic,92,1520,800 mg+160 mg,107
4758,Co-Try,allopathic,70,1520,(200 mg+40 mg)/5 ml,5
4759,Co-Try DS,allopathic,92,1520,800 mg+160 mg,5
4760,Cots,allopathic,70,1520,(200 mg+40 mg)/5 ml,165
4761,Cotson,allopathic,26,783,100 mg/2 ml,165
4762,Cotson,allopathic,92,783,10 mg,165
4763,Coufix,allopathic,91,747,(200 mg+15 mg+15 mg)/5 ml,2
4764,Coughcut,allopathic,91,239,7.5 mg/5 ml,173
4765,Co-Valtin,allopathic,92,87,5 mg+160 mg,4
4766,Co-Valtin,allopathic,92,87,5 mg+80 mg,4
4767,Covan,allopathic,37,1647,1 gm/vial,196
4768,Covan,allopathic,37,1647,500 mg/vial,196
4769,Coveram,allopathic,92,1262,5 mg+10 mg,209
4770,Coveram,allopathic,92,1262,5 mg+5 mg,209
4771,Coversyl,allopathic,92,1261,4 mg,209
4772,Coversyl,allopathic,92,1261,8 mg,209
4773,Coversyl Plus,allopathic,92,827,1.25 mg+4 mg,209
4774,Covikil,allopathic,92,794,200 mg,191
4775,Covirin,allopathic,2,1382,200 mg,76
4776,Covishield,allopathic,24,418,,208
4777,Covit-M,allopathic,91,1110,,74
4778,Cox B,allopathic,2,318,100 mg,35
4779,Cox B,allopathic,2,318,200 mg,35
4780,Cox-E,allopathic,92,614,120 mg,185
4781,Cox-E,allopathic,92,614,60 mg,185
4782,Cox-E,allopathic,92,614,90 mg,185
4783,Coxet,allopathic,92,614,120 mg,173
4784,Coxet,allopathic,92,614,90 mg,173
4785,Coxetori,allopathic,92,614,120 mg,18
4786,Coxetori,allopathic,92,614,60 mg,18
4787,Coxfree,allopathic,92,614,120 mg,119
4788,Coxfree,allopathic,92,614,60 mg,119
4789,Coxfree,allopathic,92,614,90 mg,119
4790,Coxia,allopathic,92,614,120 mg,2
4791,Coxia,allopathic,92,614,60 mg,2
4792,Coxia,allopathic,92,614,90 mg,2
4793,Coxib,allopathic,2,318,100 mg,9
4794,Coxib,allopathic,2,318,200 mg,9
4795,Coxitor,allopathic,92,614,120 mg,31
4796,Coxitor,allopathic,92,614,60 mg,31
4797,Coxitor,allopathic,92,614,90 mg,31
4798,Coxpain,allopathic,92,614,120 mg,158
4799,Coxpain,allopathic,92,614,60 mg,158
4800,Coxpain,allopathic,92,614,90 mg,158
4801,Coxpar,allopathic,26,1242,40 mg/vial,106
4802,Coxsafe,allopathic,92,614,120 mg,210
4803,Coxsafe,allopathic,92,614,60 mg,210
4804,Coxsafe,allopathic,92,614,90 mg,210
4805,CoxTop,allopathic,92,614,120 mg,14
4806,CoxTop,allopathic,92,614,60 mg,14
4807,CoxTop,allopathic,92,614,90 mg,14
4808,Cozaril,allopathic,92,982,50 mg,98
4809,Cozen,herbal,2,1008,600 mg,66
4810,Cozid,allopathic,26,313,1 gm/vial,31
4811,Cozid,allopathic,26,313,250 mg/vial,31
4812,Cozid,allopathic,26,313,500 mg/vial,31
4813,Cozid,allopathic,58,1116,2% w/w,74
4814,Cozinil,allopathic,92,389,0.5 mg,197
4815,Cozinil,allopathic,92,389,2 mg,197
4816,Cozopt,allopathic,62,528,2%+0.5%,25
4817,Cozycol,allopathic,94,1037,800 mg,217
4818,Cozyme,herbal,2,408,30 mg,66
4819,Cozyme,herbal,2,408,60 mg,66
4820,CP,allopathic,72,309,20 mg/ml,4
4821,CP,allopathic,75,309,40 mg/5 ml,4
4822,Cpcal,allopathic,92,253,500 mg,55
4823,Cpdom,allopathic,92,524,10 mg,55
4824,Cpefro TR,allopathic,8,640,150 mg+0.5 mg,55
4825,Cpfen,allopathic,92,811,400 mg,55
4826,Cpflox,allopathic,92,364,500 mg,55
4827,Cpmol,allopathic,92,1240,500 mg+65 mg,55
4828,Cpmycin,allopathic,92,580,250 mg,55
4829,Cpvit B,allopathic,2,1669,,55
4830,Cpvit E,herbal,9,1681,200 mg,55
4831,Cpzith,allopathic,75,142,200 mg/5 ml,55
4832,Cpzith,allopathic,92,142,500 mg,55
4833,Cran-B,herbal,2,419,400 mg,106
4834,Cranbiotic,herbal,2,419,400 mg,190
4835,Creso,allopathic,95,586,20 mg,20
4836,Creso,allopathic,95,586,40 mg,20
4837,Creston,allopathic,92,1406,10 mg,73
4838,Creston,allopathic,92,1406,20 mg,73
4839,Creston,allopathic,92,1406,5 mg,73
4840,Creva,allopathic,92,1406,10 mg,191
4841,Creva,allopathic,92,1406,5 mg,191
4842,Crezyme,allopathic,92,1235,325 mg,165
4843,C-Rich,allopathic,9,1676,250 mg,84
4844,Crilomus,allopathic,2,1530,0.5 mg,206
4845,Crilomus,allopathic,2,1530,1 mg,206
4846,Crinone,allopathic,108,,8%,138
4847,Criptine,allopathic,92,228,2.5 mg,196
4848,Crisa,allopathic,58,420,2% w/w,4
4849,Crisaderm,allopathic,58,420,2% w/w,106
4850,Criston,allopathic,30,1664,1 mg/vail,31
4851,Criston,allopathic,30,1664,2 mg/vail,31
4852,Crizocent,allopathic,2,421,250 mg,106
4853,Crizonix,allopathic,2,421,250 mg,31
4854,Crodex,allopathic,11,422,10%,82
4855,Croma,allopathic,9,1086,5 mg,210
4856,Croma,allopathic,14,1086,4 mg,210
4857,Croma,allopathic,92,1086,10 mg,210
4858,Cromolin,allopathic,62,1474,4%,105
4859,Cronix,allopathic,45,422,10%,229
4860,Crotam Plus,allopathic,45,1265,5%+10%,74
4861,Crotamed,allopathic,45,1265,5%+10%,137
4862,CTZ,allopathic,92,324,10 mg,62
4863,Curacid,allopathic,4,586,20 mg,192
4864,Curacid,allopathic,4,586,40 mg,192
4865,Curafin,allopathic,11,88,0.25%,150
4866,Curazith,allopathic,75,142,200 mg/5 ml,222
4867,Curazith,allopathic,92,142,250 mg,222
4868,Curazith,allopathic,92,142,500 mg,222
4869,Curepen,allopathic,39,1036,1 gm/vial,164
4870,Curepen,allopathic,39,1036,500 mg/vial,164
4871,Curex,allopathic,11,422,10%,120
4872,Curin,allopathic,92,939,5 mg,35
4873,Curnoid,herbal,92,424,500 mg,190
4874,Cusef,allopathic,2,321,250 mg,62
4875,Cusef,allopathic,2,321,500 mg,62
4876,Cutisone,allopathic,11,679,0.05%,84
4877,Cutisone,allopathic,58,679,0.01%,84
4878,Cutivate,allopathic,11,679,0.05%,88
4879,Cutivate,allopathic,58,679,0.01%,88
4880,Cuvir,allopathic,61,19,3%,84
4881,C-Vitera,allopathic,9,1676,250 mg,140
4882,CVnor,allopathic,92,81,10 mg,150
4883,CVnor,allopathic,92,81,5 mg,150
4884,CVnor-A,allopathic,92,82,5 mg+50 mg,150
4885,Cyano-B,allopathic,92,,100 mg+200 mg+200 mcg,166
4886,Cyclid,allopathic,26,1327,10 mg/2 ml,106
4887,Cyclid,allopathic,92,1327,5 mg,106
4888,Cyclomide,allopathic,37,429,1 gm/vial,225
4889,Cyclomide,allopathic,37,429,200 mg/vial,225
4890,Cyclopan,allopathic,24,499,20 mg/2 ml,106
4891,Cyclopan,allopathic,91,499,10 mg/5 ml,106
4892,Cyclopan,allopathic,92,499,10 mg,106
4893,Cyclorin,allopathic,59,431,0.05%,105
4894,Cyclotox,allopathic,37,429,1 gm/vial,31
4895,Cyclotox,allopathic,37,429,200 mg/vial,31
4896,Cyclovex,allopathic,61,19,3%,164
4897,Cyclox,allopathic,2,401,500 mg,216
4898,Cykin,allopathic,2,1230,125 mg,85
4899,Cylac,allopathic,103,1425,16.7%+16.7%,180
4900,Cynocort,allopathic,25,1614,40 mg/ml,225
4901,Cynomin,allopathic,24,425,1 mg/ml,113
4902,Cynomin,allopathic,27,425,250 mcg/ml,113
4903,Cynomin-H,allopathic,24,793,1000 mcg/ml,113
4904,Cynovit,allopathic,24,425,1 mg/ml,48
4905,Cynta,allopathic,92,1537,100 mg,101
4906,Cynta,allopathic,92,1537,50 mg,101
4907,Cynta,allopathic,92,1537,75 mg,101
4908,Cyphos,allopathic,37,429,1 gm/vial,66
4909,Cyphos,allopathic,37,429,200 mg/vial,66
4910,Cyporin,allopathic,59,431,0.05%,25
4911,Cyramza,allopathic,37,1366,10 mg/ml,71
4912,Cyrin,allopathic,92,427,10 mg,98
4913,Cystosan,allopathic,2,1257,100 mg,106
4914,Cytabin,allopathic,37,433,1000 mg/vial,31
4915,Cytabin,allopathic,37,433,100 mg/vial,31
4916,Cytabin,allopathic,37,433,500 mg/vial,31
4917,Cytapen-V,allopathic,75,1270,125 mg/5 ml,67
4918,Cytapen-V,allopathic,92,1270,250 mg,67
4919,Cytaplex,allopathic,2,1669,,46
4920,Cytaplex,allopathic,91,1669,,46
4921,Cytaplex-M,allopathic,92,1098,,46
4922,Cytara,allopathic,37,433,1000 mg/vial,101
4923,Cytara,allopathic,37,433,100 mg/vial,101
4924,Cytara,allopathic,37,433,500 mg/vial,101
4925,Cytocarb,allopathic,37,288,10 mg/ml,101
4926,Cytocid,allopathic,9,57,250 mg+400 mg,46
4927,Cytocid,allopathic,70,57,(175 mg+225 mg)/5 ml,46
4928,Cytogem,allopathic,37,710,1 gm/vial,66
4929,Cytogem,allopathic,37,710,200 mg/vial,66
4930,Cytomia,allopathic,37,433,100 mg/vial,66
4931,Cytomis,allopathic,92,1074,100 mcg,106
4932,Cytomis,allopathic,92,1074,200 mcg,106
4933,Cytomis,allopathic,92,1074,600 mcg,106
4934,Cytomis Kit,allopathic,92,1066,200 mg+200 mcg,106
4935,Cytopag,allopathic,92,549,25 mg,2
4936,Cytosor,allopathic,37,433,100 mg/vial,73
4937,Cytosor,allopathic,37,433,500 mg/vial,73
4938,CZ,allopathic,92,324,10 mg,167
4939,C-Zinc,allopathic,91,1703,10 mg/5 ml,46
4940,CZM,allopathic,92,258,,61
4941,D Metro,allopathic,70,1057,200 mg/5 ml,63
4942,D Metro,allopathic,92,1057,400 mg,63
4943,D.P.T Vaccine,allopathic,30,514,0.5 ml,57
4944,D-1000,allopathic,92,410,1000 IU,105
4945,D-2000,allopathic,92,410,2000 IU,105
4946,D-20000,allopathic,2,410,20000 IU,105
4947,D3,allopathic,2,410,20000 IU,2
4948,D3,allopathic,2,410,40000 IU,2
4949,D3,allopathic,24,410,200000 IU/ml,2
4950,D3,allopathic,72,410,200 IU/ml,2
4951,D3,allopathic,92,410,2000 IU,2
4952,D-40000,allopathic,2,410,40000 IU,105
4953,Dabigat,allopathic,2,434,110 mg,106
4954,Dabigat,allopathic,2,434,75 mg,106
4955,Dabiran,allopathic,2,434,110 mg,101
4956,Dabiran,allopathic,2,434,150 mg,101
4957,Dabiran,allopathic,2,434,75 mg,101
4958,Dabixta,allopathic,2,434,110 mg,229
4959,Dabixta,allopathic,2,434,75 mg,229
4960,Dabur Chyawanprash,herbal,70,551,,59
4961,Dacarzin,allopathic,37,435,200 mg/vial,31
4962,Daclacee,allopathic,92,436,60 mg,114
4963,Daclavir,allopathic,92,436,60 mg,31
4964,Daclaxen,allopathic,92,436,60 mg,76
4965,Daclin,allopathic,2,374,150 mg,2
4966,Daclin,allopathic,2,374,300 mg,2
4967,Daclin,allopathic,45,375,1%,2
4968,Dacocent,allopathic,92,438,45 mg,106
4969,Dactus,allopathic,92,722,1 mg,4
4970,Dactus,allopathic,92,722,2 mg,4
4971,Dactus,allopathic,92,722,3 mg,4
4972,Daflon,allopathic,92,1063,450 mg+50 mg,209
4973,Daflon,allopathic,92,1063,900 mg+100 mg,209
4974,Daivonex,allopathic,11,248,0.005% w/w,41
4975,Daivonex,allopathic,58,248,0.005% w/w,41
4976,Daizy,allopathic,92,500,2 mg,217
4977,Dakla,allopathic,92,436,60 mg,101
4978,Dakovir-C,allopathic,92,436,60 mg,35
4979,Dakrin,allopathic,65,1060,2% w/w,84
4980,Dalacin,allopathic,2,374,300 mg,66
4981,Dalacin,allopathic,26,374,300 mg/2 ml,66
4982,Dalacin,allopathic,26,374,600 mg/4 ml,66
4983,Dalacin C,allopathic,2,374,300 mg,175
4984,Dalacin C,allopathic,26,374,600 mg/4 ml,175
4985,Dalacin Plus,allopathic,101,378,1.2%+0.025%,66
4986,Danafil,allopathic,92,1455,100 mg,155
4987,Danafil,allopathic,92,1455,25 mg,155
4988,Danafil,allopathic,92,1455,50 mg,155
4989,Danamet,allopathic,2,440,100 mg,73
4990,Danamet,allopathic,2,440,200 mg,73
4991,Danazol,allopathic,2,440,100 mg,105
4992,Danazol,allopathic,2,440,200 mg,105
4993,Dancel,allopathic,84,892,2%,106
4994,Danflex,allopathic,2,441,25 mg,165
4995,Danflex,allopathic,2,441,50 mg,165
4996,Danib,allopathic,92,448,100 mg,101
4997,Danilo,allopathic,92,614,120 mg,101
4998,Danilo,allopathic,92,614,60 mg,101
4999,Danilo,allopathic,92,614,90 mg,101
5000,Danium,allopathic,92,380,10 mg,
5001,Danlene,allopathic,2,441,25 mg,106
5002,Danta Rakkha,herbal,67,1434,,99
5003,Dantron,allopathic,69,1201,4 mg/5 ml,163
5004,Dantron,allopathic,92,1201,8 mg,163
5005,Danxit,allopathic,92,669,0.5 mg+10 mg,27
5006,Danzol,allopathic,2,440,100 mg,196
5007,Danzol,allopathic,2,440,200 mg,196
5008,Daomin,allopathic,92,1039,500 mg,4
5009,Daomin,allopathic,92,1039,850 mg,4
5010,Daomin XR,allopathic,96,1039,1000 mg,4
5011,Daomin XR,allopathic,96,1039,500 mg,4
5012,Dapaglip,allopathic,92,442,10 mg,106
5013,Dapaglip,allopathic,92,442,5 mg,106
5014,Daparol,allopathic,92,442,5 mg,66
5015,Dapawin,allopathic,92,442,5 mg,31
5016,Dapazin,allopathic,92,442,10 mg,53
5017,Dapazin,allopathic,92,442,5 mg,53
5018,Dapclin,allopathic,22,444,5%,73
5019,Dapclin,allopathic,22,444,7.50%,73
5020,Dapgel,allopathic,22,444,7.50%,240
5021,Daporex,allopathic,92,443,30 mg,75
5022,Daporex,allopathic,92,443,60 mg,75
5023,Dapotin,allopathic,92,443,30 mg,31
5024,Dapoxen,allopathic,92,443,30 mg,165
5025,Dapoxen,allopathic,92,443,60 mg,165
5026,Darbesis,allopathic,80,445,25 mcg/0.42 ml,31
5027,Darbesis,allopathic,80,445,40 mcg/0.4 ml,31
5028,Darbesis,allopathic,80,445,60 mcg/0.3 ml,31
5029,Darbetin,allopathic,80,445,100 mcg/0.5 ml,101
5030,Darbetin,allopathic,80,445,25 mcg/0.42 ml,101
5031,Darbetin,allopathic,80,445,40 mcg/0.4 ml,101
5032,Darbetin,allopathic,80,445,60 mcg/0.3 ml,101
5033,Darboren,allopathic,80,445,25 mcg/0.42 ml,217
5034,Darboren,allopathic,80,445,40 mcg/0.4 ml,217
5035,Darboren,allopathic,80,445,60 mcg/0.3 ml,217
5036,Darifen ER,allopathic,96,446,7.5 mg,4
5037,Darma,allopathic,2,652,150 mg,9
5038,Darven,allopathic,92,355,10 mg,84
5039,Darven,allopathic,92,355,5 mg,84
5040,Darvoni,allopathic,92,437,60 mg+400 mg,31
5041,Dasacent,allopathic,92,448,100 mg,106
5042,Dasacent,allopathic,92,448,140 mg,106
5043,Dasanix,allopathic,92,448,100 mg,31
5044,Dasanix,allopathic,92,448,20 mg,31
5045,Dasanix,allopathic,92,448,50 mg,31
5046,Dasatab,allopathic,92,448,100 mg,73
5047,Dasatab,allopathic,92,448,20 mg,73
5048,Dasatin,allopathic,92,448,100 mg,114
5049,Dasinib,allopathic,92,448,100 mg,66
5050,Daunobin,allopathic,37,451,20 mg/4 ml,101
5051,Davycal,allopathic,92,268,400 mg,157
5052,Daxetin,allopathic,92,443,30 mg,2
5053,Daxetin,allopathic,92,443,60 mg,2
5054,Daxotel,allopathic,37,521,80 mg/vial,66
5055,Dayhista,allopathic,92,1013,50 mg,136
5056,Daykof,allopathic,91,748,(100 mg+1.1 mg+14 mg)/5 ml,31
5057,Dayprox,allopathic,92,1213,600 mg,73
5058,Dazine,allopathic,11,1457,1%,9
5059,D-Balance,allopathic,2,410,20000 IU,217
5060,D-Balance,allopathic,2,410,2000 IU,217
5061,D-Balance,allopathic,2,410,40000 IU,217
5062,D-Balance,allopathic,2,410,50000 IU,217
5063,D-Balance,allopathic,24,410,200000 IU/ml,217
5064,D-Best,allopathic,2,410,40000 IU,173
5065,D-Best,allopathic,24,410,200000 IU/ml,173
5066,D-Butamol,allopathic,91,1419,2 mg/5 ml,
5067,D-Butamol,allopathic,92,1419,2 mg,
5068,D-Butamol,allopathic,92,1419,4 mg,
5069,D-Cap,allopathic,2,410,1000 IU,66
5070,D-Cap,allopathic,2,410,20000 IU,66
5071,D-Cap,allopathic,2,410,2000 IU,66
5072,D-Cap,allopathic,2,410,40000 IU,66
5073,D-Cap,allopathic,2,410,800 IU,66
5074,D-Care,allopathic,2,410,20000 IU,226
5075,D-Care,allopathic,2,410,40000 IU,226
5076,D-Cetamol,allopathic,70,1238,120 mg/5 ml,61
5077,D-Cetamol,allopathic,92,1238,500 mg,61
5078,DCF,allopathic,92,494,50 mg,61
5079,Dclot,allopathic,92,392,75 mg,4
5080,D-cort,allopathic,26,470,5 mg/ml,89
5081,D-Cort,allopathic,62,471,0.10%,89
5082,D-cort,allopathic,92,470,0.5 mg,89
5083,D-cough,allopathic,91,485,10 mg/5 ml,165
5084,DC-Plus,allopathic,92,1240,500 mg+65 mg,61
5085,D-Dopa,allopathic,92,942,100 mg+10 mg,66
5086,D-Dopa,allopathic,92,942,250 mg+25 mg,66
5087,D-Dopamine,allopathic,38,526,200 mg/5 ml,66
5088,DDR,allopathic,4,477,30 mg,4
5089,DDR,allopathic,4,477,60 mg,4
5090,Debac,allopathic,2,651,500 mg,80
5091,Debion,allopathic,92,,100 mg+200 mg+200 mcg,62
5092,Debolin,allopathic,24,410,200000 IU/ml,48
5093,Decabolon,allopathic,24,1129,50 mg/ml,225
5094,Decabutamol,allopathic,91,1419,2 mg/5 ml,61
5095,Deca-Durabolin,allopathic,24,1129,50 mg/ml,161
5096,Decafos,allopathic,26,470,5 mg/ml,225
5097,Decagyl,allopathic,70,1057,200 mg/5 ml,61
5098,Decagyl,allopathic,92,1057,400 mg,61
5099,Decal,allopathic,92,263,300 mg,63
5100,Decalor,allopathic,62,472,0.1%+0.5%,113
5101,Decaren,herbal,2,408,60 mg,196
5102,Decason,allopathic,26,470,5 mg/ml,165
5103,Decason,allopathic,61,471,0.05%,165
5104,Decason,allopathic,62,471,0.10%,165
5105,Decason,allopathic,92,470,0.5 mg,165
5106,Decason C,allopathic,62,472,0.1%+0.5%,165
5107,Decoff,allopathic,91,484,(10 mg+30 mg+1.25 mg)/5 ml,104
5108,Decoff Plus,allopathic,91,483,(20 mg+10 mg+2.5 mg)/5 ml,104
5109,De-Cold,allopathic,91,227,4 mg/5 ml,8
5110,Decomit,allopathic,29,159,100 mcg/puff,35
5111,Decomit,allopathic,29,159,50 mcg/puff,35
5112,Decomit,allopathic,54,160,50 mcg/spray,35
5113,Decomit Plus,allopathic,29,158,(100 mcg+6 mcg)/puff,35
5114,Decomit Plus,allopathic,29,158,(200 mcg+6 mcg)/puff,35
5115,Deconil,allopathic,91,239,7.5 mg/5 ml,171
5116,Deconil SR,allopathic,100,239,50 mg,171
5117,Dedom,allopathic,70,524,5 mg/5 ml,61
5118,Dedom,allopathic,92,524,10 mg,61
5119,Deen,allopathic,92,462,5 mg,119
5120,Deep Heat,allopathic,11,1046,30%+8%,180
5121,Defaz CI,allopathic,8,286,50 mg+0.50 mg+61.80 mg,4
5122,Defcort,allopathic,92,456,24 mg,73
5123,Defcort,allopathic,92,456,6 mg,73
5124,Defera,allopathic,92,454,500 mg,114
5125,Defiron,allopathic,39,862,100 mg/5 ml,217
5126,Deflacort,allopathic,70,456,6 mg/5 ml,217
5127,Deflacort,allopathic,92,456,24 mg,217
5128,Deflacort,allopathic,92,456,30 mg,217
5129,Deflacort,allopathic,92,456,6 mg,217
5130,Deflam,allopathic,92,811,400 mg,63
5131,Deflaxen,allopathic,70,456,6 mg/5 ml,76
5132,Deflaxen,allopathic,92,456,24 mg,76
5133,Deflaxen,allopathic,92,456,6 mg,76
5134,Deflaza,allopathic,70,456,6 mg/5 ml,229
5135,Deflaza,allopathic,92,456,24 mg,229
5136,Deflaza,allopathic,92,456,30 mg,229
5137,Deflaza,allopathic,92,456,6 mg,229
5138,Deflazit,allopathic,70,456,6 mg/5 ml,106
5139,Deflazit,allopathic,92,456,24 mg,106
5140,Deflazit,allopathic,92,456,6 mg,106
5141,Deflox,allopathic,92,364,250 mg,63
5142,Deflox,allopathic,92,364,750 mg,63
5143,Deflox DS,allopathic,75,364,250 mg/5 ml,63
5144,Deflux,allopathic,70,524,5 mg/5 ml,35
5145,Deflux,allopathic,72,524,5 mg/ml,35
5146,Deflux,allopathic,92,524,10 mg,35
5147,Deflux Meltab,allopathic,14,524,10 mg,35
5148,Deformin,allopathic,92,1039,500 mg,239
5149,Deformin,allopathic,92,1039,850 mg,239
5150,Defrol,allopathic,2,410,40000 IU,4
5151,Defrol,allopathic,24,410,200000 IU/ml,4
5152,Defrol,allopathic,69,410,1000 IU/5 ml,4
5153,Defrol,allopathic,92,410,1000 IU,4
5154,Defrol OFT,allopathic,21,410,2000 IU,4
5155,Defungi,allopathic,2,652,150 mg,155
5156,Defungi,allopathic,2,652,50 mg,155
5157,Defzort,allopathic,92,456,24 mg,2
5158,Defzort,allopathic,92,456,6 mg,2
5159,Degram,allopathic,70,1126,300 mg/5 ml,
5160,Degram,allopathic,92,1126,500 mg,
5161,Degut,allopathic,92,524,10 mg,62
5162,Dejac,allopathic,92,443,30 mg,89
5163,Dekalin VT,allopathic,111,461,10 mg,161
5164,Delacin,allopathic,2,533,100 mg,8
5165,Delaflox,allopathic,37,459,300 mg/vial,4
5166,Delanix,allopathic,4,477,30 mg,106
5167,Delanix,allopathic,4,477,60 mg,106
5168,Delanzo,allopathic,4,477,30 mg,161
5169,Delanzo,allopathic,4,477,60 mg,161
5170,Delazide,allopathic,92,721,80 mg,
5171,Delcyst,allopathic,2,452,500 mg,185
5172,Delentin,allopathic,70,1348,50 mg/ml,196
5173,Delentin,allopathic,92,1348,125 mg,196
5174,Deleta,allopathic,92,669,0.5 mg+10 mg,84
5175,Delfex,allopathic,70,642,30 mg/5 ml,62
5176,Delfex,allopathic,92,642,120 mg,62
5177,Delice,allopathic,11,1264,5% w/w,17
5178,Delight,allopathic,2,410,20000 IU,165
5179,Delight,allopathic,24,410,200000 IU/ml,165
5180,Delight,allopathic,92,410,1000 IU,165
5181,Delight,allopathic,92,410,2000 IU,165
5182,Delkof Plus,allopathic,91,484,(10 mg+30 mg+1.25 mg)/5 ml,185
5183,Delosia,allopathic,91,462,2.5 mg/5 ml,180
5184,Delosia,allopathic,92,462,5 mg,180
5185,Delot,allopathic,91,462,2.5 mg/5 ml,20
5186,Delot,allopathic,92,462,5 mg,20
5187,Delotad,allopathic,92,462,5 mg,167
5188,Deloxi,allopathic,4,538,20 mg,73
5189,Deloxi,allopathic,4,538,60 mg,73
5190,Delpark,allopathic,92,1620,1 mg,101
5191,Delpark,allopathic,92,1620,2 mg,101
5192,Delpark,allopathic,92,1620,5 mg,101
5193,Delpino,allopathic,92,878,5 mg,101
5194,Delpino,allopathic,92,878,7.5 mg,101
5195,Delta,allopathic,92,1311,5 mg,42
5196,Deltacort,allopathic,92,1311,5 mg,63
5197,Deltapred,allopathic,92,1311,10 mg,240
5198,Deltapred,allopathic,92,1311,5 mg,240
5199,Deltasone,allopathic,69,1311,5 mg/5 ml,196
5200,Deltasone,allopathic,92,1311,10 mg,196
5201,Deltasone,allopathic,92,1311,20 mg,196
5202,Deltasone,allopathic,92,1311,5 mg,196
5203,Deltora,allopathic,92,896,10 mg,60
5204,Delzo,allopathic,4,477,30 mg,73
5205,Delzo,allopathic,4,477,60 mg,73
5206,Demacro,allopathic,75,142,200 mg/5 ml,61
5207,Demacro,allopathic,92,142,500 mg,61
5208,Demax,allopathic,26,470,5 mg/ml,136
5209,Demax,allopathic,92,470,0.5 mg,136
5210,Demelon,allopathic,2,1399,1.5 mg,229
5211,Demelon,allopathic,2,1399,3 mg,229
5212,Dementa,allopathic,92,1025,5 mg,240
5213,Dementa-D,allopathic,5,1024,14 mg+10 mg,240
5214,Dementa-D,allopathic,5,1024,28 mg+10 mg,240
5215,Demovo,allopathic,94,1134,375 mg+20 mg,62
5216,Demovo,allopathic,94,1134,500 mg+20 mg,62
5217,Demox,allopathic,2,91,250 mg,63
5218,Demox,allopathic,72,91,125 mg/1.25 ml,63
5219,Demox,allopathic,75,91,125 mg/5 ml,63
5220,Demox-500,allopathic,2,91,500 mg,63
5221,Demoxiclave,allopathic,75,90,(125 mg+31.25 mg)/5 ml,66
5222,Demoxiclave,allopathic,92,90,250 mg+125 mg,66
5223,Demoxiclave,allopathic,92,90,500 mg+125 mg,66
5224,Demoxiclave,allopathic,92,90,875 mg+125 mg,66
5225,Demoxiclave Forte,allopathic,75,90,(400 mg+57.50 mg)/5 ml,66
5226,Demoxil,allopathic,2,91,250 mg,66
5227,Demoxil,allopathic,2,91,500 mg,66
5228,Demoxil,allopathic,26,91,1 gm/vial,66
5229,Demoxil,allopathic,75,91,125 mg/5 ml,66
5230,Demoxil DS,allopathic,75,91,250 mg/5 ml,66
5231,Denamine,allopathic,92,345,4 mg,63
5232,Denazit,allopathic,92,669,0.5 mg+10 mg,36
5233,Denicol,allopathic,62,472,0.1%+0.5%,2
5234,Denitine,allopathic,92,1368,150 mg,
5235,Denixil,allopathic,92,389,0.25 mg,196
5236,Denixil,allopathic,92,389,0.5 mg,196
5237,Denixil,allopathic,92,389,1 mg,196
5238,Denixil,allopathic,92,389,2 mg,196
5239,Denosis,allopathic,80,460,120 mg/1.7 ml,106
5240,Denosis,allopathic,80,460,60 mg/ml,106
5241,Denvar,allopathic,2,304,200 mg,101
5242,Denvar,allopathic,2,304,400 mg,101
5243,Denvar,allopathic,75,304,100 mg/5 ml,101
5244,Denvar DS,allopathic,75,304,200 mg/5 ml,101
5245,Deon,allopathic,24,410,200000 IU/ml,197
5246,Deonac TR,allopathic,8,494,100 mg,34
5247,Deotrex,allopathic,91,934,40 mg/5 ml,63
5248,Deotrex,allopathic,92,934,40 mg,63
5249,Deotrim,allopathic,70,1520,(200 mg+40 mg)/5 ml,63
5250,Deotrim,allopathic,92,1520,400 mg+80 mg,63
5251,Deotrim DS,allopathic,92,1520,800 mg+160 mg,63
5252,Depanil,allopathic,92,389,0.5 mg,192
5253,Depanil,allopathic,92,389,2 mg,192
5254,Depian,allopathic,92,458,25 mg,196
5255,Depiquin,allopathic,11,791,4%,229
5256,Deplex,allopathic,2,1669,,61
5257,Deplex,allopathic,91,1669,,61
5258,Depnox SR,allopathic,100,237,150 mg,113
5259,Depo Medrol,allopathic,30,1052,40 mg/ml,175
5260,Depo Medrol,allopathic,30,1052,80 mg/2 ml,175
5261,Depodrol,allopathic,92,1051,16 mg,165
5262,Depodrol,allopathic,92,1051,2 mg,165
5263,Depodrol,allopathic,92,1051,4 mg,165
5264,Depodrol,allopathic,92,1051,8 mg,165
5265,Depol,allopathic,70,1238,120 mg/5 ml,63
5266,Depol,allopathic,92,1238,500 mg,63
5267,Depol Extra,allopathic,92,1240,500 mg+65 mg,63
5268,Depomed,allopathic,26,1053,500 mg/vial,66
5269,Depomed,allopathic,30,1052,40 mg/ml,66
5270,Depomed,allopathic,30,1052,80 mg/2 ml,66
5271,Depomed,allopathic,92,1051,16 mg,66
5272,Depomed,allopathic,92,1051,2 mg,66
5273,Depomed,allopathic,92,1051,4 mg,66
5274,Depomed,allopathic,92,1051,8 mg,66
5275,Depo-pred,allopathic,30,1052,40 mg/ml,240
5276,Depram,allopathic,92,817,25 mg,217
5277,Depresil,allopathic,92,669,0.5 mg+10 mg,192
5278,Deprex,allopathic,92,1191,10 mg,217
5279,Deprex,allopathic,92,1191,5 mg,217
5280,Deprofen,allopathic,92,811,400 mg,
5281,Depyrin,allopathic,92,1238,500 mg,62
5282,De-Rash,allopathic,58,1697,40%,217
5283,Derat,allopathic,92,462,5 mg,173
5284,Derbicil,allopathic,11,1557,1%,106
5285,Derfin,allopathic,11,1557,1%,9
5286,Derisofer,allopathic,38,632,1000 mg/10 ml,240
5287,Derisofer,allopathic,38,632,100 mg/ml,240
5288,Derisofer,allopathic,38,632,500 mg/5 ml,240
5289,Derma,allopathic,2,652,150 mg,9
5290,Derma,allopathic,2,652,50 mg,9
5291,Derma Aid,allopathic,58,1143,(5 mg+500 IU)/gm,67
5292,Derma Aid,allopathic,102,1143,(5 mg+250 IU)/gm,67
5293,Dermabac,allopathic,11,699,2%+1%,48
5294,Dermacom,allopathic,11,384,0.05%+0.75%+2%+1%,105
5295,Dermacort,allopathic,11,382,0.05%,105
5296,Dermacort,allopathic,58,382,0.05%,105
5297,Dermafin,allopathic,92,1557,250 mg,62
5298,Dermaid,herbal,58,1007,,99
5299,Dermalog,allopathic,11,753,0.10%,113
5300,Dermanix,allopathic,11,1264,5% w/w,158
5301,Dermasim,allopathic,11,396,1%,2
5302,Dermasim,allopathic,103,396,1%,2
5303,Dermasim VT,allopathic,111,398,200 mg,2
5304,Dermasim VT,allopathic,111,398,500 mg,2
5305,Dermasoft,allopathic,58,1116,2% w/w,224
5306,Dermasol,allopathic,11,382,0.05%,217
5307,Dermasol,allopathic,58,382,0.05%,217
5308,Dermasol-N,allopathic,11,383,(0.5 mg+5 mg+1 Lac IU)/gm,217
5309,Dermasol-N,allopathic,58,383,(0.5 mg+5 mg+1 Lac IU)/gm,217
5310,Dermasol-S,allopathic,83,381,0.05%,217
5311,Dermastin,allopathic,11,383,(0.5 mg+5 mg+1 Lac IU)/gm,105
5312,Dermastin,allopathic,58,383,(0.5 mg+5 mg+1 Lac IU)/gm,105
5313,Dermatas,allopathic,11,382,0.05%,120
5314,Dermatas N,allopathic,11,383,(0.5 mg+5 mg+1 Lac IU)/gm,120
5315,Dermex,allopathic,11,382,0.05%,165
5316,Dermex,allopathic,58,382,0.05%,165
5317,Dermex NN,allopathic,11,383,(0.5 mg+5 mg+1 Lac IU)/gm,165
5318,Dermex S,allopathic,58,385,0.05%+3%,165
5319,Dermicon,allopathic,2,652,150 mg,26
5320,Dermicon,allopathic,2,652,50 mg,26
5321,Dermidex,allopathic,11,657,0.03%,17
5322,Dermin,allopathic,58,170,6%+3%,113
5323,Dermoban,allopathic,58,1116,2% w/w,165
5324,Dermocin,allopathic,58,1116,2% w/w,25
5325,Dermomix,allopathic,11,384,0.05%+0.75%+2%+1%,106
5326,Dermoset,allopathic,11,382,0.05%,226
5327,Dermovate,allopathic,11,382,0.05%,88
5328,Dermovate,allopathic,58,382,0.05%,88
5329,Dermovate,allopathic,83,381,0.05%,88
5330,Dermupin,allopathic,58,1116,2% w/w,4
5331,Dermus,allopathic,58,1531,0.03%,105
5332,Dersa,allopathic,11,1457,1%,133
5333,Dersole,allopathic,11,382,0.05%,210
5334,Dersole,allopathic,58,382,0.05%,210
5335,Derson,allopathic,58,192,0.10%,119
5336,Derson-CL,allopathic,58,183,0.1%+1%,119
5337,Des,allopathic,91,462,2.5 mg/5 ml,165
5338,Des,allopathic,92,462,5 mg,165
5339,Desatrol,allopathic,91,462,2.5 mg/5 ml,150
5340,Desatrol,allopathic,92,462,5 mg,150
5341,Desbac,allopathic,75,309,40 mg/5 ml,84
5342,Desferal,allopathic,30,455,500 mg/vial,156
5343,Desgud,allopathic,92,462,5 mg,127
5344,Desirox,allopathic,14,453,250 mg,51
5345,Desirox,allopathic,14,453,500 mg,51
5346,Deslex,allopathic,92,462,5 mg,96
5347,Deslona,allopathic,91,462,2.5 mg/5 ml,89
5348,Deslona,allopathic,92,462,5 mg,89
5349,Deslor,allopathic,91,462,2.5 mg/5 ml,171
5350,Deslor,allopathic,92,462,5 mg,171
5351,Deslor Kids,allopathic,72,462,0.5 mg/ml,171
5352,Deslorat,allopathic,92,462,5 mg,27
5353,Deslorin,allopathic,91,462,2.5 mg/5 ml,2
5354,Deslorin,allopathic,92,462,5 mg,2
5355,Deslosil,allopathic,92,462,5 mg,211
5356,Desmark,allopathic,92,462,5 mg,98
5357,Desmin,allopathic,92,462,5 mg,75
5358,Desocort,allopathic,11,466,0.25%,106
5359,Desodin,allopathic,91,462,2.5 mg/5 ml,73
5360,Desodin,allopathic,92,462,5 mg,73
5361,Desol,allopathic,91,462,2.5 mg/5 ml,239
5362,Desolet,allopathic,92,462,5 mg,18
5363,Desolon,allopathic,92,599,0.03 mg+0.15 mg,196
5364,Deson,allopathic,92,470,0.5 mg,239
5365,Desopil 20,allopathic,92,598,0.02 mg+0.15 mg,4
5366,Desopil 30,allopathic,92,599,0.03 mg+0.15 mg,4
5367,Desopra,allopathic,4,477,30 mg,9
5368,Desotem,allopathic,92,462,5 mg,224
5369,Desotop,allopathic,22,465,0.05%,2
5370,Desta,allopathic,92,462,5 mg,226
5371,Destacin,allopathic,92,462,5 mg,192
5372,Destadin,allopathic,92,462,5 mg,187
5373,Destin,allopathic,91,462,2.5 mg/5 ml,229
5374,Destin,allopathic,92,462,5 mg,229
5375,Detac,allopathic,92,1368,150 mg,63
5376,Detolac,allopathic,92,896,10 mg,63
5377,Detomax,allopathic,37,478,200 mcg/2 ml,106
5378,Detonix,allopathic,95,1237,20 mg,63
5379,Detrusin,allopathic,92,1598,1 mg,229
5380,Detrusin,allopathic,92,1598,2 mg,229
5381,Detrusin LA,allopathic,5,1598,2 mg,229
5382,Detrusin LA,allopathic,5,1598,4 mg,229
5383,Dettol,allopathic,11,344,0.3%+0.3%,193
5384,Dettol,allopathic,41,343,1.30%,193
5385,Dettol,allopathic,41,343,4.80%,193
5386,Deu,allopathic,4,1199,20 mg,143
5387,Deu,allopathic,38,1199,40 mg/vial,143
5388,Devas,herbal,91,764,,66
5389,Devoid,allopathic,92,1014,25 mg+50 mg,34
5390,Devolac,allopathic,69,911,3.35 gm/5 ml,63
5391,Devomit,allopathic,92,1014,25 mg+50 mg,212
5392,Dewgel Liquigel,allopathic,62,290,1%,164
5393,Dexa,allopathic,26,470,5 mg/ml,196
5394,Dexa,allopathic,92,470,0.5 mg,196
5395,Dexacol,allopathic,62,472,0.1%+0.5%,164
5396,Dexacort,allopathic,62,471,0.10%,164
5397,Dexadron,allopathic,61,471,0.05%,195
5398,Dexadron,allopathic,62,471,0.10%,195
5399,Dexaflox,allopathic,62,366,0.3%+0.1%,84
5400,Dexagen,allopathic,61,471,0.05%,84
5401,Dexagen,allopathic,62,471,0.10%,84
5402,Dexagen C,allopathic,62,472,0.1%+0.5%,84
5403,Dexagen G,allopathic,62,708,0.3%+0.1%,84
5404,Dexagen T,allopathic,61,474,0.1%+0.3%,84
5405,Dexagen T,allopathic,62,474,0.1%+0.3%,84
5406,Dexaguard,allopathic,62,472,0.1%+0.5%,106
5407,Dexalax,allopathic,4,477,30 mg,62
5408,Dexalax,allopathic,4,477,60 mg,62
5409,Dexam,allopathic,26,470,5 mg/ml,136
5410,Dexam,allopathic,92,470,0.5 mg,136
5411,Dexamet,allopathic,26,470,5 mg/ml,197
5412,Dexamet,allopathic,62,471,0.10%,197
5413,Dexamet,allopathic,92,470,0.5 mg,197
5414,Dexamethason,allopathic,92,470,0.5 mg,42
5415,Dexamin,allopathic,26,470,5 mg/ml,113
5416,Dexamin,allopathic,62,471,0.10%,113
5417,Dexamin,allopathic,92,470,0.5 mg,113
5418,Dexamox,allopathic,62,1091,0.5%+0.1%,25
5419,Dexan,allopathic,26,470,5 mg/ml,48
5420,Dexan,allopathic,62,471,0.10%,48
5421,Dexaqua,allopathic,37,487,5%,35
5422,Dexaqua DS,allopathic,37,487,10%,35
5423,Dexasone,allopathic,92,470,0.5 mg,179
5424,Dexatil,allopathic,75,316,125 mg/5 ml,
5425,Dexatil,allopathic,92,316,250 mg,
5426,Dexchlor,allopathic,62,472,0.1%+0.5%,82
5427,Dexcilo,allopathic,62,366,0.3%+0.1%,173
5428,Dexcor,allopathic,26,470,5 mg/ml,2
5429,Dexcor,allopathic,92,470,0.5 mg,2
5430,Dexend,allopathic,4,477,30 mg,122
5431,Dexend,allopathic,4,477,60 mg,122
5432,Dex-i,allopathic,92,475,300 mg,67
5433,Dexibu,allopathic,92,475,200 mg,84
5434,Dexibu,allopathic,92,475,300 mg,84
5435,Dexibu,allopathic,92,475,400 mg,84
5436,Dexifen,allopathic,70,475,100 mg/5 ml,35
5437,Dexifen,allopathic,92,475,200 mg,35
5438,Dexifen,allopathic,92,475,300 mg,35
5439,Dexifen,allopathic,92,475,400 mg,35
5440,Dexigent,allopathic,4,477,30 mg,36
5441,Dexila,allopathic,4,477,30 mg,92
5442,Dexilend,allopathic,4,477,30 mg,240
5443,Dexilend,allopathic,4,477,60 mg,240
5444,Dexison,allopathic,92,470,0.5 mg,67
5445,Dexit,allopathic,92,669,0.5 mg+10 mg,229
5446,Dexitra,allopathic,91,484,(10 mg+30 mg+1.25 mg)/5 ml,158
5447,Dexkof Plus,allopathic,91,483,(20 mg+10 mg+2.5 mg)/5 ml,210
5448,Dexlan,allopathic,4,477,30 mg,105
5449,Dexlan,allopathic,4,477,60 mg,105
5450,Dexnil,allopathic,4,477,30 mg,34
5451,Dexocof,allopathic,91,483,(20 mg+10 mg+2.5 mg)/5 ml,74
5452,Dexodel Plus,allopathic,91,483,(20 mg+10 mg+2.5 mg)/5 ml,62
5453,Dexogut,allopathic,4,477,30 mg,185
5454,Dexogut,allopathic,4,477,60 mg,185
5455,Dexolin,allopathic,91,483,(20 mg+10 mg+2.5 mg)/5 ml,25
5456,Dexon,allopathic,26,470,5 mg/ml,105
5457,Dexon,allopathic,61,471,0.05%,105
5458,Dexon,allopathic,62,471,0.10%,105
5459,Dexonex,allopathic,26,470,5 mg/ml,217
5460,Dexonex,allopathic,92,470,0.5 mg,217
5461,Dexonex-C,allopathic,62,472,0.1%+0.5%,217
5462,Dexon-G,allopathic,62,708,0.3%+0.1%,105
5463,Dexoprex,allopathic,4,477,30 mg,31
5464,Dexoprex,allopathic,4,477,60 mg,31
5465,Dexoride,allopathic,37,1471,0.9%+5%,35
5466,Dexotix,allopathic,92,486,60 mg+1200 mg,106
5467,Dexotix M,allopathic,91,747,(200 mg+15 mg+15 mg)/5 ml,106
5468,Dexpel,allopathic,91,747,(200 mg+15 mg+15 mg)/5 ml,165
5469,Dexpofen,allopathic,91,485,10 mg/5 ml,73
5470,Dexporil,allopathic,91,483,(20 mg+10 mg+2.5 mg)/5 ml,165
5471,Dexpoten,allopathic,91,484,(10 mg+30 mg+1.25 mg)/5 ml,73
5472,Dexpoten Plus,allopathic,91,483,(20 mg+10 mg+2.5 mg)/5 ml,73
5473,Dexsol,allopathic,91,485,10 mg/5 ml,82
5474,Dextac,allopathic,4,477,30 mg,150
5475,Dextac,allopathic,4,477,60 mg,150
5476,Dextason,allopathic,26,470,5 mg/ml,240
5477,Dextason,allopathic,92,470,0.5 mg,240
5478,Dextor,allopathic,92,470,0.5 mg,73
5479,Dextor-C,allopathic,62,472,0.1%+0.5%,73
5480,Dextor-T,allopathic,62,474,0.1%+0.3%,73
5481,Dextran,allopathic,37,480,10%+5%,109
5482,Dextran,allopathic,37,480,6%+5%,109
5483,Dextran 40,allopathic,37,482,10%+0.9%,109
5484,Dextran 70,allopathic,37,482,6%+0.9%,109
5485,Dextrim,allopathic,91,483,(20 mg+10 mg+2.5 mg)/5 ml,35
5486,Dextrobac,allopathic,62,474,0.1%+0.3%,106
5487,Dextrolac,allopathic,37,488,,170
5488,Dextromethorphan,allopathic,91,485,10 mg/5 ml,16
5489,Dextromethorphan,allopathic,91,485,10 mg/5 ml,35
5490,Dextrop,allopathic,91,484,(10 mg+30 mg+1.25 mg)/5 ml,67
5491,Dextropac,allopathic,37,487,10%,170
5492,Dextropac,allopathic,37,487,25%,170
5493,Dextropac,allopathic,37,487,5%,170
5494,Dextrosal,allopathic,37,1471,0.18%+4.3%,170
5495,Dextrosal,allopathic,37,1471,0.225%+5%,170
5496,Dextrosal,allopathic,37,1471,0.45%+5%,170
5497,Dextrosal,allopathic,37,1471,0.9%+5%,170
5498,Dextrose,allopathic,37,487,10%,109
5499,Dextrose,allopathic,37,487,10%,164
5500,Dextrose,allopathic,37,487,25%,164
5501,Dextrose,allopathic,37,487,5%,164
5502,Dexzole,allopathic,4,477,30 mg,67
5503,Dexzole,allopathic,4,477,60 mg,67
5504,Dezacot,allopathic,70,456,6 mg/5 ml,165
5505,Dezacot,allopathic,92,456,24 mg,165
5506,Dezacot,allopathic,92,456,30 mg,165
5507,Dezacot,allopathic,92,456,6 mg,165
5508,Dezco,allopathic,92,456,24 mg,66
5509,Dezco,allopathic,92,456,6 mg,66
5510,Dezert,allopathic,92,456,6 mg,89
5511,Dezide,allopathic,92,782,25 mg+50 mg,73
5512,Dfc TR,allopathic,8,494,100 mg,18
5513,D-Fen,allopathic,92,1289,0.5 mg,66
5514,D-Fen,allopathic,92,1289,1.5 mg,66
5515,D-Fenac,allopathic,22,494,1% w/w,
5516,D-Fill,allopathic,2,410,20000 IU,84
5517,D-Fill,allopathic,2,410,40000 IU,84
5518,D-film,allopathic,103,1425,16.7%+16.7%,229
5519,D-Fix,allopathic,2,304,200 mg,63
5520,D-Fix,allopathic,75,304,100 mg/5 ml,63
5521,D-Floxin,allopathic,75,364,250 mg/5 ml,
5522,D-Floxin,allopathic,92,364,250 mg,
5523,D-Floxin,allopathic,92,364,500 mg,
5524,DFN,allopathic,92,531,400 mg,211
5525,D-Fo,allopathic,92,1039,850 mg,61
5526,DFX,allopathic,75,364,250 mg/5 ml,62
5527,DFX,allopathic,92,364,500 mg,62
5528,D-gain,allopathic,2,410,20000 IU,31
5529,D-gain,allopathic,2,410,40000 IU,31
5530,D-gain ODT,allopathic,14,410,2000 IU,31
5531,DGM,allopathic,91,747,(200 mg+15 mg+15 mg)/5 ml,31
5532,DHEA,allopathic,92,458,25 mg,4
5533,Dia M,allopathic,92,1039,500 mg,136
5534,Dia M,allopathic,92,1039,850 mg,136
5535,Dia M SR,allopathic,100,1039,500 mg,136
5536,Diablo,allopathic,92,1039,500 mg,60
5537,Diablo,allopathic,92,1039,850 mg,60
5538,Diacana,allopathic,92,274,100 mg,155
5539,Diacer Plus,allopathic,92,729,750 mg+50 mg,31
5540,Diacon,allopathic,92,721,80 mg,20
5541,Diacon,allopathic,92,721,80 mg,140
5542,Diactin,allopathic,92,724,5 mg,35
5543,Diadap,allopathic,92,442,5 mg,165
5544,Diafit,allopathic,92,1039,500 mg,224
5545,Diafit,allopathic,92,1039,850 mg,224
5546,Diafre,allopathic,92,1039,500 mg,148
5547,Diafre,allopathic,92,1039,850 mg,148
5548,Dial,allopathic,92,507,60 mg,153
5549,Dialina,allopathic,92,962,5 mg,37
5550,Dialiptin,allopathic,92,1661,50 mg,66
5551,Dialiptin-M,allopathic,92,1662,50 mg+500 mg,66
5552,Dialiptin-M,allopathic,92,1662,50 mg+850 mg,66
5553,Dialon,allopathic,92,722,1 mg,73
5554,Dialon,allopathic,92,722,2 mg,73
5555,Dialon,allopathic,92,722,3 mg,73
5556,Dialozin,allopathic,92,442,5 mg,114
5557,Dialyte-A,allopathic,13,14,,185
5558,Dialyte-AC,allopathic,13,11,,185
5559,Dialyte-B,allopathic,13,197,,185
5560,Diamicron MR,allopathic,98,721,30 mg,209
5561,Diamicron MR,allopathic,98,721,60 mg,209
5562,Diamin,allopathic,92,1039,500 mg,235
5563,Diamin,allopathic,92,1039,850 mg,235
5564,Diamine Penicillin,allopathic,30,166,12 lac units/vial,196
5565,Diampa,allopathic,92,556,10 mg,196
5566,Diampa,allopathic,92,556,25 mg,196
5567,Diampa M,allopathic,92,558,5 mg+500 mg,196
5568,Dianak,allopathic,37,348,,170
5569,Dianide,allopathic,75,1165,100 mg/5 ml,84
5570,Dianide,allopathic,92,1165,500 mg,84
5571,Dianorm,allopathic,92,1378,1 mg,197
5572,Diapac,allopathic,38,847,350 mg/ml,225
5573,Diapamiro,allopathic,30,848,370 mg/ml,225
5574,Diapamiro,allopathic,30,848,370 mg/ml,225
5575,Diapiotab,allopathic,92,1280,15 mg,136
5576,Diapiotab,allopathic,92,1280,30 mg,136
5577,Diapizi,allopathic,92,724,2.5 mg,136
5578,Diapizi,allopathic,92,724,5 mg,136
5579,Diaplus,allopathic,92,724,5 mg,173
5580,Diaplus XR,allopathic,96,724,5 mg,173
5581,Diaprid,allopathic,92,721,80 mg,9
5582,Diapro,allopathic,92,721,80 mg,35
5583,Diapro MR,allopathic,98,721,30 mg,35
5584,Diapro MR,allopathic,98,721,60 mg,35
5585,Diar,allopathic,75,1165,100 mg/5 ml,2
5586,Diar,allopathic,92,1165,500 mg,2
5587,Diaryl,allopathic,92,722,1 mg,35
5588,Diaryl,allopathic,92,722,2 mg,35
5589,Diaryl,allopathic,92,722,3 mg,35
5590,Diascan,allopathic,38,701,287 mg/ml,225
5591,Diaseal,allopathic,92,721,80 mg,224
5592,Diaset,allopathic,92,1067,25 mg,2
5593,Diaset,allopathic,92,1067,50 mg,2
5594,Diasol,allopathic,37,348,,128
5595,Diastat,allopathic,92,556,10 mg,226
5596,Diastat,allopathic,92,556,25 mg,226
5597,Diasulin,allopathic,80,841,30%+70% in 100 IU/ml,2
5598,Diasulin,allopathic,80,841,30%+70% in 100 IU/ml,2
5599,Diasulin,allopathic,80,841,30%+70% in 40 IU/ml,2
5600,Diasulin,allopathic,80,841,50%+50% in 100 IU/ml,2
5601,Diasulin,allopathic,80,841,50%+50% in 40 IU/ml,2
5602,Diasulin N,allopathic,80,840,100 IU/ml,2
5603,Diasulin N,allopathic,80,840,100 IU/ml,2
5604,Diasulin N,allopathic,80,840,40 IU/ml,2
5605,Diasulin R,allopathic,80,839,100 IU/ml,2
5606,Diasulin R,allopathic,80,839,100 IU/ml,2
5607,Diasulin R,allopathic,80,839,40 IU/ml,2
5608,Diasweet,allopathic,92,118,18 mg,226
5609,Diatrol,allopathic,92,721,80 mg,173
5610,Diatrol MR,allopathic,98,721,30 mg,173
5611,Diatrol MR,allopathic,98,721,60 mg,173
5612,Diatus,allopathic,92,1280,15 mg,150
5613,Diavil,allopathic,92,1661,50 mg,37
5614,Diavir,allopathic,92,722,1 mg,235
5615,Diavix,allopathic,92,914,150 mg+300 mg,35
5616,Diazid,allopathic,92,721,80 mg,155
5617,Diazimet,allopathic,92,490,5 mg,136
5618,Diazox,allopathic,75,1165,100 mg/5 ml,120
5619,Diazox,allopathic,92,1165,500 mg,120
5620,Dibenol,allopathic,92,720,5 mg,217
5621,Dicaltrol,allopathic,2,249,0.25 mcg,66
5622,Dicaltrol Plus,allopathic,92,250,0.25 mcg+252 mg,66
5623,Dicef,allopathic,2,321,250 mg,66
5624,Dicef,allopathic,2,321,500 mg,66
5625,Dicef,allopathic,26,321,1 gm/vial,66
5626,Dicef,allopathic,72,321,125 mg/1.25 ml,66
5627,Dicef,allopathic,75,321,125 mg/5 ml,66
5628,Dicef Forte,allopathic,75,321,250 mg/5 ml,66
5629,Dicephin,allopathic,24,315,1 gm/vial,66
5630,Dicephin,allopathic,24,315,250 mg/vial,66
5631,Dicephin,allopathic,24,315,500 mg/vial,66
5632,Dicephin,allopathic,38,315,1 gm/vial,66
5633,Dicephin,allopathic,38,315,250 mg/vial,66
5634,Dicephin,allopathic,38,315,2 gm/vial,66
5635,Dicephin,allopathic,38,315,500 mg/vial,66
5636,Dicliz Plus,allopathic,94,1352,10 mg+10 mg,25
5637,Dicliz Plus,allopathic,96,1352,20 mg+20 mg,25
5638,Diclo,allopathic,92,494,50 mg,21
5639,Diclo TR,allopathic,8,494,100 mg,21
5640,Diclofast SR,allopathic,7,494,100 mg,14
5641,Diclofen,allopathic,22,494,1% w/w,165
5642,Diclofen,allopathic,24,494,75 mg/3 ml,165
5643,Diclofen,allopathic,62,495,0.10%,164
5644,Diclofen,allopathic,62,495,0.10%,165
5645,Diclofen,allopathic,89,494,100 mg,165
5646,Diclofen,allopathic,89,494,12.5 mg,165
5647,Diclofen,allopathic,89,494,25 mg,165
5648,Diclofen,allopathic,92,494,50 mg,165
5649,Diclofen K,allopathic,92,493,50 mg,165
5650,Diclofen Plus,allopathic,24,496,(75 mg+20 mg)/2 ml,165
5651,Diclofen SR,allopathic,100,494,100 mg,165
5652,DicloGel,allopathic,22,494,1% w/w,106
5653,Diclon,allopathic,62,495,0.10%,46
5654,Diclon,allopathic,62,495,0.10%,195
5655,Diclon SR,allopathic,100,494,100 mg,46
5656,Diclonac,allopathic,24,494,75 mg/3 ml,240
5657,Diclonac Plus,allopathic,24,496,(75 mg+20 mg)/2 ml,240
5658,Diclonac TR,allopathic,8,494,100 mg,240
5659,Diclonil,allopathic,92,494,50 mg,239
5660,Diclonil SR,allopathic,7,494,100 mg,239
5661,Diclorex,allopathic,24,494,75 mg/3 ml,136
5662,Diclorex,allopathic,92,494,25 mg,136
5663,Diclorex,allopathic,92,494,50 mg,136
5664,Diclorex RTD,allopathic,79,494,100 mg,136
5665,Diclovir,allopathic,92,494,50 mg,235
5666,Diclovir SR,allopathic,7,494,100 mg,235
5667,Dicon,allopathic,92,720,5 mg,113
5668,Diconten,allopathic,92,669,0.5 mg+10 mg,66
5669,Dicot,allopathic,11,544,1%+0.1%,66
5670,Didryl,allopathic,91,512,10 mg/5 ml,82
5671,Dieta,allopathic,92,722,2 mg,173
5672,Dieta,allopathic,92,722,3 mg,173
5673,Dieta,allopathic,92,722,4 mg,173
5674,Dieta M,allopathic,96,723,1 mg+500 mg,173
5675,Dieta Plus,allopathic,92,1281,30 mg+2 mg,173
5676,Dieta Plus,allopathic,92,1281,30 mg+4 mg,173
5677,Dietil,allopathic,2,1207,120 mg,73
5678,Difans,herbal,91,759,5 mg,66
5679,Difenac,allopathic,92,494,50 mg,197
5680,Difenac Plus,allopathic,24,496,(75 mg+20 mg)/2 ml,197
5681,Difin,allopathic,91,512,10 mg/5 ml,153
5682,Difitox,allopathic,2,533,100 mg,14
5683,Diflu,allopathic,2,652,150 mg,25
5684,Diflu,allopathic,2,652,200 mg,25
5685,Diflu,allopathic,2,652,50 mg,25
5686,Diflu,allopathic,62,653,0.30%,25
5687,Diflu,allopathic,75,652,50 mg/5 ml,25
5688,Diflucon,allopathic,2,652,50 mg,8
5689,Diflupred,allopathic,59,504,0.05%,84
5690,Difol TR,allopathic,8,640,150 mg+0.5 mg,63
5691,Digac,herbal,91,882,,4
5692,Digecid Plus,allopathic,9,997,480 mg+20 mg,35
5693,Digecid Plus,allopathic,70,997,(480 mg+20 mg)/5 ml,35
5694,Diglic,allopathic,92,721,80 mg,34
5695,Digoxen,allopathic,2,505,0.20 mg,66
5696,Dilamide,allopathic,70,506,250 mg/5 ml,179
5697,Dilamide,allopathic,92,506,500 mg,179
5698,Dilapress,allopathic,92,296,12.5 mg,35
5699,Dilapress,allopathic,92,296,25 mg,35
5700,Dilapress,allopathic,92,296,6.25 mg,35
5701,Dilarof,allopathic,92,1402,500 mcg,229
5702,Dilast,allopathic,92,1602,20 mg,106
5703,Dilate,allopathic,62,1624,1%,106
5704,Dilate Plus,allopathic,62,1626,0.8%+5%,106
5705,Dilatin SR,allopathic,100,508,120 mg,101
5706,Dilatin SR,allopathic,100,508,90 mg,101
5707,Dilator,allopathic,69,152,5 mg/5 ml,73
5708,Dilator,allopathic,92,152,10 mg,73
5709,Dilator,allopathic,92,152,20 mg,73
5710,Dilavir,allopathic,37,1377,5 mg/ml,66
5711,Dilbro UniCap,allopathic,28,822,110 mcg+50 mcg,229
5712,Dilcontin CR,allopathic,93,508,60 mg,146
5713,Dilcontin XL,allopathic,93,508,90 mg,146
5714,Dilgard,allopathic,92,296,12.5 mg,84
5715,Dilgard,allopathic,92,296,25 mg,84
5716,Dilgard,allopathic,92,296,6.25 mg,84
5717,Dilgly UniCap,allopathic,28,738,50 mcg,229
5718,Dilinda,allopathic,28,824,150 mcg,229
5719,Dilinda,allopathic,28,824,300 mcg,229
5720,Diliner DR,allopathic,4,538,20 mg,217
5721,Diliner DR,allopathic,4,538,60 mg,217
5722,Dilitus,allopathic,92,1683,200 mcg,84
5723,Dilitus,allopathic,92,1683,300 mcg,84
5724,Dilocard,allopathic,92,296,12.5 mg,226
5725,Dilocard,allopathic,92,296,6.25 mg,226
5726,Dilock,allopathic,92,494,50 mg,42
5727,Dilock SR,allopathic,100,494,100 mg,42
5728,Dilock TR,allopathic,8,494,100 mg,42
5729,Dilol,allopathic,92,296,12.5 mg,148
5730,Dilol,allopathic,92,296,6.25 mg,148
5731,Diloxide,allopathic,92,506,500 mg,4
5732,Dilriva,allopathic,28,1586,18 mcg,229
5733,Dilti SR,allopathic,100,508,90 mg,67
5734,Diltiazem,allopathic,92,507,30 mg,108
5735,Diltiazem,allopathic,92,507,60 mg,108
5736,Diltizem SR,allopathic,100,508,90 mg,217
5737,Dilup,allopathic,92,696,40 mg+50 mg,2
5738,Dilyt,allopathic,91,66,15 mg/5 ml,158
5739,Dimerol,allopathic,92,721,80 mg,66
5740,Dimerol MR,allopathic,98,721,30 mg,66
5741,Dimerol MR,allopathic,98,721,60 mg,66
5742,Din,allopathic,92,975,10 mg,140
5743,Dinac TR,allopathic,8,494,100 mg,150
5744,Dinafex,allopathic,70,642,30 mg/5 ml,73
5745,Dinafex,allopathic,92,642,120 mg,73
5746,Dinafex,allopathic,92,642,180 mg,73
5747,Dinafex,allopathic,92,642,60 mg,73
5748,Dinakion,allopathic,2,1275,1 mg,66
5749,Dinakion,allopathic,30,1274,10 mg/ml,66
5750,Dinakion MM,allopathic,30,1274,2 mg/0.2 ml,66
5751,Dinoges-EV,allopathic,92,501,2 mg+2 mg,161
5752,Dinogest,allopathic,92,500,2 mg,35
5753,Dinosen,allopathic,92,500,2 mg,106
5754,Dinovo,allopathic,94,1134,375 mg+20 mg,35
5755,Dinovo,allopathic,94,1134,500 mg+20 mg,35
5756,Dinxi,allopathic,92,669,0.5 mg+10 mg,48
5757,Diobis,allopathic,92,208,2.5 mg,127
5758,Diohes,allopathic,92,1063,450 mg+50 mg,165
5759,Diohes DS,allopathic,92,1063,900 mg+100 mg,165
5760,Dionem,allopathic,37,527,500 mg/vial,165
5761,Diorin,allopathic,92,1063,450 mg+50 mg,106
5762,Diovan,allopathic,2,1645,80 mg,156
5763,Diovan,allopathic,92,1645,320 mg,156
5764,Diovan,allopathic,92,1645,40 mg,156
5765,Dip,allopathic,92,475,300 mg,9
5766,Dipa,allopathic,92,1411,10 mg,66
5767,Diphedan,allopathic,70,1271,30 mg/5 ml,16
5768,Diphedan,allopathic,92,1271,100 mg,16
5769,Dipicard,allopathic,92,81,10 mg,127
5770,Dipicard,allopathic,92,81,5 mg,127
5771,Dipicard Plus,allopathic,92,82,5 mg+50 mg,127
5772,Dipine,allopathic,92,81,5 mg,42
5773,Diplin,allopathic,92,962,5 mg,150
5774,Diplin M,allopathic,92,963,2.5 mg+500 mg,150
5775,Diplor,allopathic,92,81,10 mg,105
5776,Diplor,allopathic,92,81,5 mg,105
5777,Diplor Plus,allopathic,92,82,5 mg+25 mg,105
5778,Diplor Plus,allopathic,92,82,5 mg+50 mg,105
5779,Dipred,allopathic,59,504,0.05%,185
5780,Diprosal,allopathic,81,190,0.05%+2%,25
5781,Diproxen,allopathic,22,1133,10% w/w,66
5782,Diproxen,allopathic,92,1133,250 mg,66
5783,Diproxen,allopathic,92,1133,500 mg,66
5784,Diproxen CR,allopathic,100,1133,500 mg,66
5785,Diretic,allopathic,92,696,20 mg+50 mg,66
5786,Diretic-DS,allopathic,92,696,40 mg+50 mg,66
5787,Dirin,allopathic,91,499,10 mg/5 ml,9
5788,Dirin,allopathic,92,499,10 mg,9
5789,Dirozyl,allopathic,70,1057,200 mg/5 ml,4
5790,Dirozyl,allopathic,92,1057,200 mg,4
5791,Dirozyl,allopathic,92,1057,400 mg,4
5792,Dirulina,herbal,2,1504,500 mg,105
5793,Disartan,allopathic,92,85,5 mg+20 mg,66
5794,Disartan,allopathic,92,85,5 mg+40 mg,66
5795,Dismonal,allopathic,92,60,60 mg,165
5796,Disopan,allopathic,26,389,1 mg/ml,106
5797,Disopan,allopathic,92,389,0.5 mg,106
5798,Disopan,allopathic,92,389,1 mg,106
5799,Disopan,allopathic,92,389,2 mg,106
5800,Disprin,allopathic,95,119,300 mg,193
5801,Disprin CV,allopathic,95,119,100 mg,193
5802,Distamin,allopathic,91,345,2 mg/5 ml,
5803,Distamin,allopathic,92,345,4 mg,
5804,Disys,allopathic,92,1645,160 mg,101
5805,Disys,allopathic,92,1645,80 mg,101
5806,Disys Plus,allopathic,92,1646,80 mg+12.5 mg,101
5807,Ditarol,allopathic,92,410,1000 IU,150
5808,Divastin,allopathic,92,128,10 mg,66
5809,Divastin,allopathic,92,128,20 mg,66
5810,Divastin,allopathic,92,128,40 mg,66
5811,Divastin Plus,allopathic,92,83,5 mg+10 mg,66
5812,Diverin,allopathic,91,499,10 mg/5 ml,2
5813,Diverin,allopathic,92,499,10 mg,2
5814,Diverin,allopathic,92,499,20 mg,2
5815,Diversa Gold,allopathic,92,1100,,192
5816,Dix Plus,allopathic,24,496,(75 mg+20 mg)/2 ml,20
5817,Dixar,allopathic,91,485,10 mg/5 ml,2
5818,Dixar Plus,allopathic,91,483,(20 mg+10 mg+2.5 mg)/5 ml,2
5819,Dixicon,allopathic,70,1126,300 mg/5 ml,113
5820,Dix-TR,allopathic,8,494,100 mg,20
5821,DK,herbal,2,1680,400 IU+60 mcg+30 mcg,217
5822,D-Lac,allopathic,69,911,3.35 gm/5 ml,66
5823,D-Lactate,allopathic,92,263,300 mg,
5824,D-Lina,allopathic,92,962,5 mg,63
5825,DLP,allopathic,4,477,30 mg,84
5826,DLP,allopathic,4,477,60 mg,84
5827,DMF,allopathic,92,1039,500 mg,64
5828,DMF,allopathic,92,1039,850 mg,64
5829,Dmigrain,allopathic,92,1289,0.5 mg,155
5830,Dmigrain,allopathic,92,1289,1.5 mg,155
5831,DM-Sone,allopathic,62,471,0.10%,173
5832,DNS,allopathic,37,1471,0.9%+5%,164
5833,Dobelit,allopathic,2,259,500 mg,185
5834,Dobesil,allopathic,2,259,500 mg,106
5835,Dobesil LD,allopathic,76,260,4%+2%+0.025%,106
5836,Dobical,allopathic,2,259,500 mg,165
5837,Dobixin,allopathic,37,532,2 mg/ml,66
5838,Dobumin,allopathic,38,520,12.5 mg/ml,2
5839,Dobutamine,allopathic,38,520,12.5 mg/ml,
5840,Dobutin,allopathic,38,520,12.5 mg/ml,106
5841,Docefrez,allopathic,37,521,20 mg/vial,101
5842,Docefrez,allopathic,37,521,80 mg/vial,101
5843,Docetax,allopathic,37,521,20 mg/vial,225
5844,Docetax,allopathic,37,521,80 mg/vial,225
5845,Docetaxel AqVida,allopathic,37,521,20 mg/vial,23
5846,Docetaxel AqVida,allopathic,37,521,80 mg/vial,23
5847,Docetaxel Axios,allopathic,37,521,20 mg/vial,40
5848,Docetaxel Axios,allopathic,37,521,80 mg/vial,40
5849,Docetaxel HEXAL,allopathic,37,521,20 mg/vial,206
5850,Docetaxel HEXAL,allopathic,37,521,80 mg/vial,206
5851,Docetor,allopathic,37,521,20 mg/vial,73
5852,Docetor,allopathic,37,521,80 mg/vial,73
5853,Docexan,allopathic,37,521,20 mg/vial,31
5854,Docexan,allopathic,37,521,80 mg/vial,31
5855,Docopa,allopathic,92,531,200 mg,25
5856,Docopa,allopathic,92,531,400 mg,25
5857,Doctrim,allopathic,70,1520,(200 mg+40 mg)/5 ml,
5858,Doctrim,allopathic,92,1520,400 mg+80 mg,
5859,Doctrim,allopathic,92,1520,800 mg+160 mg,
5860,Docuset,allopathic,92,523,120 mg,165
5861,Dofixim,allopathic,2,309,100 mg,105
5862,Dofixim,allopathic,75,309,40 mg/5 ml,105
5863,Dofolin,allopathic,92,531,200 mg,75
5864,Dofolin,allopathic,92,531,400 mg,75
5865,Dogrel,allopathic,92,392,75 mg,27
5866,Dogrel Plus,allopathic,92,391,75 mg+75 mg,27
5867,Dola,allopathic,70,1238,120 mg/5 ml,140
5868,Dola,allopathic,92,1238,500 mg,140
5869,Dola Extra,allopathic,92,1240,500 mg+65 mg,140
5870,Dolabi,herbal,92,1137,,99
5871,Dolceta,allopathic,92,,325 mg+37.5 mg,191
5872,Dolocid,allopathic,9,57,250 mg+400 mg,8
5873,Dolocid,allopathic,70,59,(200 mg+250 mg)/5 ml,8
5874,Doloket,allopathic,26,896,30 mg/ml,120
5875,Doloket,allopathic,92,896,10 mg,120
5876,Dolonac,allopathic,92,9,100 mg,54
5877,Dolonac,allopathic,92,9,100 mg,55
5878,Dolonil,allopathic,2,1604,50 mg,4
5879,Dolonil,allopathic,26,1604,100 mg/2 ml,4
5880,Dolonil SR,allopathic,100,1604,100 mg,4
5881,Dolopen,allopathic,2,651,500 mg,225
5882,Dolopen,allopathic,26,651,500 mg/vial,225
5883,Dolopen,allopathic,75,651,125 mg/5 ml,225
5884,Doloran,allopathic,2,1604,50 mg,206
5885,Doloran,allopathic,89,1604,100 mg,206
5886,Doloran Plus,allopathic,92,,325 mg+37.5 mg,206
5887,Doloran PRT,allopathic,99,1604,100 mg,206
5888,Dolorex,allopathic,2,1604,100 mg,37
5889,Dolorex,allopathic,2,1604,50 mg,37
5890,Dolorex,allopathic,26,1604,100 mg/2 ml,37
5891,Doltro,allopathic,92,896,10 mg,229
5892,Dolwin,allopathic,92,1133,500 mg,114
5893,Domaid,allopathic,70,524,5 mg/5 ml,122
5894,Domaid,allopathic,92,524,10 mg,122
5895,Domar,allopathic,70,524,5 mg/5 ml,173
5896,Domar,allopathic,92,524,10 mg,173
5897,Domerin,allopathic,92,524,10 mg,202
5898,Dometic,allopathic,70,524,5 mg/5 ml,163
5899,Dometic,allopathic,92,524,10 mg,163
5900,Domfix,allopathic,70,524,5 mg/5 ml,164
5901,Domfix,allopathic,92,524,10 mg,164
5902,Domidon,allopathic,70,524,5 mg/5 ml,240
5903,Domidon,allopathic,92,524,10 mg,240
5904,Domilin,allopathic,70,524,5 mg/5 ml,84
5905,Domilin,allopathic,92,524,10 mg,84
5906,Domilux,allopathic,70,524,5 mg/5 ml,185
5907,Domilux,allopathic,72,524,5 mg/ml,185
5908,Domilux,allopathic,92,524,10 mg,185
5909,Domin,allopathic,70,524,5 mg/5 ml,165
5910,Domin,allopathic,72,524,5 mg/ml,165
5911,Domin,allopathic,89,524,15 mg,165
5912,Domin,allopathic,89,524,30 mg,165
5913,Domin,allopathic,92,524,10 mg,165
5914,Dominaaf,allopathic,70,524,5 mg/5 ml,149
5915,Dominaaf,allopathic,92,524,10 mg,149
5916,Dominat,allopathic,70,524,5 mg/5 ml,153
5917,Dominat,allopathic,92,524,10 mg,153
5918,Dominol,allopathic,92,524,10 mg,226
5919,Domiren,allopathic,70,524,5 mg/5 ml,196
5920,Domiren,allopathic,72,524,5 mg/ml,196
5921,Domiren,allopathic,92,524,10 mg,196
5922,Domixon,allopathic,92,524,10 mg,45
5923,Dompa,allopathic,92,524,10 mg,207
5924,Dompa-S,allopathic,70,524,5 mg/5 ml,207
5925,Dompa-S,allopathic,92,524,10 mg,207
5926,Dompen,allopathic,92,524,10 mg,140
5927,Domperid,allopathic,92,524,10 mg,186
5928,Domperidon,allopathic,92,524,10 mg,36
5929,Dompi,allopathic,70,524,5 mg/5 ml,9
5930,Dompi,allopathic,92,524,10 mg,9
5931,Domsil,allopathic,70,524,5 mg/5 ml,212
5932,Domsil,allopathic,92,524,10 mg,212
5933,Domstal,allopathic,70,524,5 mg/5 ml,19
5934,Domstal,allopathic,92,524,10 mg,19
5935,Don-A,allopathic,70,524,5 mg/5 ml,4
5936,Don-A,allopathic,72,524,5 mg/ml,4
5937,Don-A,allopathic,92,524,10 mg,4
5938,Donadin,allopathic,11,1303,6% w/w,105
5939,D-One,allopathic,62,471,0.10%,153
5940,Donor,allopathic,92,178,6 mg+200 mg+50 mg,140
5941,Dopac,allopathic,2,533,100 mg,173
5942,Dopadon,allopathic,70,524,5 mg/5 ml,105
5943,Dopadon,allopathic,72,524,5 mg/ml,105
5944,Dopadon,allopathic,92,524,10 mg,105
5945,Dopagut,allopathic,70,524,5 mg/5 ml,53
5946,Dopagut,allopathic,92,524,10 mg,53
5947,Dopamet,allopathic,92,1048,250 mg,165
5948,Dopamine-Rotex,allopathic,38,526,200 mg/5 ml,
5949,Doparkin,allopathic,92,942,100 mg+10 mg,84
5950,Doparkin,allopathic,92,942,250 mg+25 mg,84
5951,Dopegyt,allopathic,92,1048,250 mg,16
5952,Dopen,allopathic,2,91,500 mg,98
5953,Dopen,allopathic,75,91,125 mg/5 ml,98
5954,Doperon,allopathic,70,524,5 mg/5 ml,231
5955,Doperon,allopathic,92,524,10 mg,231
5956,Dophylin,allopathic,91,531,100 mg/5 ml,4
5957,Dophylin,allopathic,92,531,200 mg,4
5958,Dophylin,allopathic,92,531,400 mg,4
5959,Dopin,allopathic,92,81,5 mg,135
5960,Dopon,allopathic,92,524,10 mg,133
5961,Doquin,allopathic,92,364,500 mg,98
5962,Dora,allopathic,91,462,2.5 mg/5 ml,148
5963,Dora,allopathic,92,462,5 mg,148
5964,Dorakid,allopathic,91,1097,,31
5965,Doralin,allopathic,92,462,5 mg,92
5966,Dorel,allopathic,92,392,75 mg,84
5967,Dorel Plus,allopathic,92,391,75 mg+75 mg,84
5968,Dorenta,allopathic,91,512,10 mg/5 ml,73
5969,Dorenta,allopathic,92,512,50 mg,73
5970,Doribac,allopathic,2,651,250 mg,53
5971,Doribac,allopathic,2,651,500 mg,53
5972,Doribac,allopathic,75,651,125 mg/5 ml,53
5973,Doridon,allopathic,72,524,5 mg/ml,135
5974,Doridon,allopathic,92,524,10 mg,135
5975,Doriject,allopathic,37,527,500 mg/vial,185
5976,Dorinem,allopathic,37,527,500 mg/vial,2
5977,Doripen,allopathic,37,527,250 mg/vial,73
5978,Doripen,allopathic,37,527,500 mg/vial,73
5979,Dormax,allopathic,26,1064,15 mg/3 ml,25
5980,Dormax,allopathic,92,1064,7.5 mg,25
5981,Dormicum,allopathic,92,1064,7.5 mg,191
5982,Dormir,allopathic,92,669,0.5 mg+10 mg,215
5983,Dormitol,allopathic,26,1064,15 mg/3 ml,217
5984,Dormitol,allopathic,92,1064,7.5 mg,217
5985,Dorubin,allopathic,37,451,20 mg/4 ml,66
5986,Dos,allopathic,92,257,500 mg+200 IU,46
5987,Dostimid,allopathic,92,1350,60 mg,229
5988,Dot,allopathic,92,536,40 mg,4
5989,Dover,allopathic,92,536,40 mg,153
5990,Doxacil,allopathic,2,533,100 mg,217
5991,Doxacin,allopathic,2,533,100 mg,63
5992,Doxair,allopathic,92,531,200 mg,114
5993,Doxair,allopathic,92,531,400 mg,114
5994,Doxavit,allopathic,94,1352,10 mg+10 mg,161
5995,Doxcline,allopathic,2,533,100 mg,9
5996,Doxecure,allopathic,92,531,200 mg,60
5997,Doxibac,allopathic,2,533,100 mg,185
5998,Doxicap,allopathic,2,533,100 mg,196
5999,Doxicap,allopathic,2,533,50 mg,196
6000,Doxicline,allopathic,2,533,100 mg,240
6001,Doxico,allopathic,2,533,100 mg,221
6002,Doxicon,allopathic,2,533,100 mg,135
6003,Doxiderm,allopathic,11,530,5%,106
6004,Doxiflo,allopathic,92,531,200 mg,37
6005,Doxiflo,allopathic,92,531,400 mg,37
6006,Doxigen,allopathic,2,533,100 mg,84
6007,Doxilin,allopathic,2,533,100 mg,16
6008,Doximar,allopathic,91,531,100 mg/5 ml,2
6009,Doximar,allopathic,92,531,200 mg,2
6010,Doximar,allopathic,92,531,400 mg,2
6011,Doximet,allopathic,2,533,100 mg,136
6012,Doxin,allopathic,2,533,100 mg,165
6013,Doxin,allopathic,2,533,50 mg,165
6014,Doxipan,allopathic,2,533,100 mg,205
6015,Doxirem,allopathic,2,533,100 mg,64
6016,Doxisyn,allopathic,2,533,100 mg,223
6017,Doxiva,allopathic,91,531,100 mg/5 ml,155
6018,Doxiva,allopathic,92,531,200 mg,155
6019,Doxiva,allopathic,92,531,400 mg,155
6020,Doxizen,allopathic,2,533,100 mg,239
6021,Doxobid,allopathic,92,531,200 mg,62
6022,Doxobid,allopathic,92,531,400 mg,62
6023,Doxobron,allopathic,92,531,200 mg,224
6024,Doxobron,allopathic,92,531,400 mg,224
6025,Doxocontin,allopathic,93,531,400 mg,146
6026,Doxofyl,allopathic,91,531,100 mg/5 ml,185
6027,Doxofyl,allopathic,92,531,200 mg,185
6028,Doxofyl,allopathic,92,531,400 mg,185
6029,Doxofyl SR,allopathic,100,531,400 mg,185
6030,Doxolar,allopathic,92,531,200 mg,120
6031,Doxolar,allopathic,92,531,400 mg,120
6032,Doxolator,allopathic,91,531,100 mg/5 ml,240
6033,Doxolator,allopathic,92,531,200 mg,240
6034,Doxolator,allopathic,92,531,400 mg,240
6035,Doxoma,allopathic,91,531,100 mg/5 ml,66
6036,Doxoma,allopathic,92,531,200 mg,66
6037,Doxomate,allopathic,92,531,200 mg,173
6038,Doxomate,allopathic,92,531,400 mg,173
6039,Doxonil,allopathic,91,531,100 mg/5 ml,135
6040,Doxonil,allopathic,92,531,400 mg,135
6041,Doxorif,allopathic,91,531,100 mg/5 ml,210
6042,Doxorif,allopathic,92,531,200 mg,210
6043,Doxorif,allopathic,92,531,400 mg,210
6044,Doxorin,allopathic,91,531,100 mg/5 ml,165
6045,Doxorin,allopathic,92,531,200 mg,165
6046,Doxorin,allopathic,92,531,400 mg,165
6047,Doxorin SR,allopathic,100,531,400 mg,165
6048,Doxorub,allopathic,37,532,2 mg/ml,225
6049,Doxorubicin HEXAL,allopathic,37,532,2 mg/ml,206
6050,Doxotor,allopathic,37,532,2 mg/ml,73
6051,Doxoven,allopathic,91,531,100 mg/5 ml,31
6052,Doxoven,allopathic,92,531,200 mg,31
6053,Doxoven,allopathic,92,531,400 mg,31
6054,Doxpro,allopathic,2,533,100 mg,186
6055,Doxseem,allopathic,2,533,100 mg,207
6056,Doxy-A,allopathic,2,533,100 mg,4
6057,Doxycin,allopathic,2,533,100 mg,54
6058,Doxylin,allopathic,2,533,100 mg,213
6059,Doxysina,allopathic,2,533,100 mg,105
6060,Doxyson,allopathic,2,533,100 mg,104
6061,Doxyzen,allopathic,2,533,100 mg,239
6062,D-Pam,allopathic,92,490,5 mg,84
6063,DP-Done,allopathic,70,524,5 mg/5 ml,46
6064,DP-Done,allopathic,92,524,10 mg,46
6065,D-Pira,allopathic,92,1285,800 mg,66
6066,D-Proton,allopathic,4,477,30 mg,64
6067,DPT Vaccine,allopathic,30,514,0.5 ml,47
6068,D-Revive,allopathic,2,410,20000 IU,122
6069,D-Revive,allopathic,2,410,40000 IU,122
6070,D-Revive,allopathic,92,410,1000 IU,122
6071,D-Revive,allopathic,92,410,2000 IU,122
6072,Dricare,allopathic,103,56,20%,240
6073,Drikof,allopathic,91,485,10 mg/5 ml,48
6074,D-Rise,allopathic,2,410,20000 IU,35
6075,D-Rise,allopathic,2,410,40000 IU,35
6076,D-Rise,allopathic,24,410,200000 IU/ml,35
6077,D-Rise,allopathic,92,410,2000 IU,35
6078,Drometa,allopathic,37,1705,4 mg/5 ml,106
6079,Droniva,allopathic,92,807,150 mg,150
6080,Droscon,allopathic,92,601,0.03 mg+3 mg,4
6081,Droslyn,allopathic,92,535,4 mg,106
6082,Drospi,allopathic,92,535,4 mg,161
6083,Drota,allopathic,92,536,40 mg,98
6084,Drotapan,allopathic,92,536,40 mg,106
6085,Droxigel Plus,allopathic,9,58,200 mg+200 mg+30 mg,141
6086,Droxigel Plus,allopathic,70,58,(200 mg+400 mg+30 mg)/5 ml,141
6087,Droxil,allopathic,2,299,500 mg,192
6088,Droxil,allopathic,72,299,125 mg/1.25 ml,192
6089,Droxil,allopathic,75,299,125 mg/5 ml,192
6090,Drucil,allopathic,39,666,25 mg/ml,101
6091,Drycofix,allopathic,91,239,7.5 mg/5 ml,60
6092,Drylief,allopathic,62,290,1%,25
6093,Dsec,allopathic,4,477,30 mg,66
6094,Dsec,allopathic,4,477,60 mg,66
6095,D-Sefa,herbal,2,1156,500 mg,66
6096,D-Shine,allopathic,2,410,20000 IU,163
6097,D-Shine,allopathic,2,410,40000 IU,163
6098,D-Shine,allopathic,92,410,2000 IU,163
6099,D-Sol,allopathic,52,1468,0.90%,25
6100,D-Star,allopathic,2,410,20000 IU,155
6101,D-Star,allopathic,2,410,40000 IU,155
6102,D-Star,allopathic,92,410,2000 IU,155
6103,D-Toin,allopathic,92,1271,100 mg,66
6104,Duac,allopathic,101,377,1%+5%,88
6105,Dual,allopathic,92,1240,500 mg+65 mg,135
6106,Dualvir,allopathic,92,926,90 mg+400 mg,25
6107,Dubarel,herbal,91,132,,217
6108,Dudon,allopathic,70,524,5 mg/5 ml,120
6109,Dudon,allopathic,92,524,10 mg,120
6110,Duet,allopathic,92,1240,500 mg+65 mg,212
6111,Dugal,allopathic,92,1368,150 mg,195
6112,Dukoral,allopathic,70,1202,3 ml/vial,232
6113,Dulac,allopathic,69,911,3.35 gm/5 ml,48
6114,Dulamet,allopathic,29,1081,(100 mcg+5 mcg)/puff,217
6115,Dulamet,allopathic,29,1081,(200 mcg+5 mcg)/puff,217
6116,Dulong,allopathic,92,443,30 mg,191
6117,Dulox,allopathic,94,538,20 mg,4
6118,Dulox,allopathic,94,538,30 mg,4
6119,Duloxen,allopathic,94,538,20 mg,106
6120,Duloxen,allopathic,94,538,30 mg,106
6121,Duloxen,allopathic,94,538,60 mg,106
6122,Dumaflox,allopathic,75,364,250 mg/5 ml,9
6123,Dumaflox,allopathic,92,364,250 mg,9
6124,Dumaflox,allopathic,92,364,500 mg,9
6125,Dumaflox,allopathic,92,364,750 mg,9
6126,Dumax,allopathic,92,443,30 mg,73
6127,Dumax,allopathic,92,443,60 mg,73
6128,Duo-5,allopathic,92,310,200 mg+125 mg,106
6129,Duo-5 LS,allopathic,92,310,100 mg+62.5 mg,106
6130,Duoblock,allopathic,92,85,5 mg+20 mg,25
6131,Duoblock,allopathic,92,85,5 mg+40 mg,25
6132,Duocard,allopathic,92,355,10 mg,4
6133,Duocard,allopathic,92,355,5 mg,4
6134,Duodart,allopathic,2,1536,0.4 mg+0.5 mg,161
6135,Duofilm,allopathic,103,1425,16.7%+16.7%,218
6136,Duofix,allopathic,94,1134,375 mg+20 mg,164
6137,Duofix,allopathic,94,1134,500 mg+20 mg,164
6138,Duoflam,allopathic,103,1425,16.7%+16.7%,88
6139,Duolax,allopathic,64,999,(300 mg+1.25 ml)/5 ml,217
6140,Duomeal,allopathic,9,57,250 mg+400 mg,5
6141,Duomeal,allopathic,70,57,(175 mg+225 mg)/5 ml,5
6142,Duopres,allopathic,92,85,5 mg+20 mg,106
6143,Duopres,allopathic,92,85,5 mg+40 mg,106
6144,Duovas,allopathic,92,85,5 mg+20 mg,191
6145,Duovas,allopathic,92,85,5 mg+40 mg,191
6146,Duphaston,allopathic,92,540,10 mg,1
6147,Durabolin,allopathic,24,1130,25 mg/ml,161
6148,Duracain,allopathic,33,236,0.5%+8%,225
6149,Duracef,allopathic,2,304,200 mg,150
6150,Duracef,allopathic,2,304,400 mg,150
6151,Duracef,allopathic,72,304,25 mg/ml,150
6152,Duracef,allopathic,75,304,100 mg/5 ml,150
6153,Duracef,allopathic,92,304,200 mg,150
6154,Duracef DS,allopathic,75,304,200 mg/5 ml,150
6155,Duracef-Max,allopathic,75,304,500 mg/5 ml,150
6156,Duralax,allopathic,92,204,5 mg,165
6157,Duran,allopathic,37,1368,50 mg/100 ml,225
6158,Duran,allopathic,91,1368,75 mg/5 ml,225
6159,Duran,allopathic,92,1368,150 mg,225
6160,Duratab,herbal,92,750,,105
6161,Duratocin,allopathic,38,282,100 mcg/ml,31
6162,Durazol,allopathic,9,34,400 mg,140
6163,Durazol,allopathic,70,34,200 mg/5 ml,140
6164,Duric,allopathic,92,43,100 mg,165
6165,Durogesic,allopathic,106,626,25 mcg/hour,112
6166,Durogesic,allopathic,106,626,50 mcg/hour,112
6167,Dutamax,allopathic,2,539,0.5 mg,66
6168,Duvent,allopathic,69,1411,5 mg/5 ml,35
6169,Duvent,allopathic,92,1411,10 mg,35
6170,Duvir,allopathic,92,926,90 mg+400 mg,229
6171,Duxol,allopathic,59,504,0.05%,164
6172,Duzela,allopathic,4,538,20 mg,219
6173,D-Vine,allopathic,2,410,20000 IU,101
6174,D-Vine,allopathic,72,410,200 IU/ml,101
6175,D-Vine,allopathic,92,410,2000 IU,101
6176,D-Vital,allopathic,92,,100 mg+200 mg+200 mcg,
6177,DXC,allopathic,2,533,100 mg,229
6178,Dxproxil,allopathic,75,309,40 mg/5 ml,143
6179,Dyaferon,allopathic,91,639,200 mg/5 ml,
6180,Dydron,allopathic,92,540,10 mg,161
6181,Dydroton,allopathic,92,347,25 mg,229
6182,Dymet,allopathic,70,1057,200 mg/5 ml,223
6183,Dymet,allopathic,92,1057,400 mg,223
6184,Dynase,allopathic,54,139,(137 mcg+50 mcg)/spray,35
6185,Dyno,allopathic,92,324,10 mg,197
6186,Dysma,allopathic,92,1580,50 mg,192
6187,Dysmen,allopathic,92,1019,250 mg,196
6188,Dysmen,allopathic,92,1019,500 mg,196
6189,Dysni,herbal,92,1247,,99
6190,Dysnov,allopathic,70,524,5 mg/5 ml,229
6191,Dysnov,allopathic,72,524,5 mg/ml,229
6192,Dysnov,allopathic,92,524,10 mg,229
6193,Dytor,allopathic,92,1602,2.5 mg,229
6194,Dytor,allopathic,92,1602,5 mg,229
6195,Dyvon,allopathic,58,248,0.005% w/w,217
6196,Dyvon Plus,allopathic,58,182,0.05%+0.005%,217
6197,Dyvon Plus,allopathic,105,182,0.05%+0.005%,217
6198,Dyzin,allopathic,91,324,5 mg/5 ml,17
6199,Dyzin,allopathic,92,324,10 mg,17
6200,E 200,herbal,9,1681,200 IU,42
6201,E 400,herbal,9,1681,400 IU,42
6202,E Tack,allopathic,92,1368,150 mg,194
6203,Ease,allopathic,70,1238,120 mg/5 ml,166
6204,Ease,allopathic,92,1238,500 mg,166
6205,Ease Plus,allopathic,92,1240,500 mg+65 mg,166
6206,Easium,allopathic,26,490,10 mg/2 ml,165
6207,Easium,allopathic,89,490,10 mg,165
6208,Easium,allopathic,92,490,5 mg,165
6209,Easy ORS,allopathic,67,1206,,46
6210,Easy ORS,allopathic,67,1205,19.95 gm,46
6211,Easybak,allopathic,92,147,10 mg,75
6212,Easycal,allopathic,92,268,400 mg,48
6213,EasyFlow,allopathic,6,1535,0.4 mg,155
6214,Eazy Jelly,allopathic,101,795,(1 gm + 1.3 gm)/50 gm,196
6215,Eba,allopathic,92,178,6 mg+200 mg+50 mg,20
6216,Ebahist,allopathic,91,541,5 mg/5 ml,89
6217,Ebahist,allopathic,92,541,10 mg,89
6218,Ebamine,allopathic,91,541,5 mg/5 ml,105
6219,Ebamine,allopathic,92,541,10 mg,105
6220,Ebanex,allopathic,91,541,5 mg/5 ml,165
6221,Ebanex,allopathic,92,541,10 mg,165
6222,Ebanil,allopathic,92,541,10 mg,164
6223,Ebaril,allopathic,91,541,5 mg/5 ml,106
6224,Ebaril,allopathic,92,541,10 mg,106
6225,Ebasten,allopathic,91,541,5 mg/5 ml,2
6226,Ebasten,allopathic,92,541,10 mg,2
6227,Ebasten FT,allopathic,14,541,10 mg,2
6228,Ebatin,allopathic,91,541,5 mg/5 ml,185
6229,Ebatin,allopathic,92,541,10 mg,185
6230,Ebatin Fast,allopathic,14,541,10 mg,185
6231,Ebatrol,allopathic,91,541,5 mg/5 ml,62
6232,Ebatrol,allopathic,92,541,10 mg,62
6233,Ebazam,allopathic,92,380,10 mg,67
6234,Eben,allopathic,70,34,200 mg/5 ml,67
6235,Eben-DS,allopathic,9,34,400 mg,67
6236,Ebion,allopathic,92,,100 mg+200 mg+200 mcg,36
6237,Eburic,allopathic,92,623,40 mg,35
6238,Eburn,allopathic,11,1457,1%,173
6239,Ecal-D3,allopathic,92,257,500 mg+200 IU,74
6240,E-Cap,herbal,2,1681,200 IU,66
6241,E-Cap,herbal,2,1681,400 IU,66
6242,E-Cap,herbal,2,1681,600 IU,66
6243,E-Cap Plus,allopathic,2,1678,250 mg+200 mg,66
6244,E-capro,allopathic,30,74,1 gm/5 ml,67
6245,Ecena,allopathic,92,9,100 mg,67
6246,Eclamag,allopathic,26,1001,5 mg/10 ml,106
6247,Ecless,allopathic,22,1133,10% w/w,106
6248,Ecless,allopathic,70,1133,125 mg/5 ml,106
6249,Eclo,allopathic,11,382,0.05%,84
6250,Eclo,allopathic,58,382,0.05%,84
6251,Ecocort,allopathic,11,544,1%+0.1%,89
6252,E-Cod,allopathic,91,1097,,158
6253,Ecoderm,allopathic,11,543,1%,197
6254,Ecoderm TA,allopathic,11,544,1%+0.1%,197
6255,E-Cof,allopathic,91,1344,(30 mg+100 mg+1.25 mg)/5 ml,67
6256,E-Cof Plus,allopathic,91,748,(100 mg+1.1 mg+14 mg)/5 ml,67
6257,E-Cold,herbal,2,542,450 mg,105
6258,Ecolet,allopathic,11,543,1%,18
6259,Ecolon,allopathic,11,544,1%+0.1%,221
6260,Ecomet,allopathic,11,543,1%,136
6261,Econal,allopathic,11,543,1%,119
6262,Econate,allopathic,11,543,1%,106
6263,Econate Plus,allopathic,11,544,1%+0.1%,106
6264,Econate VT,allopathic,111,543,150 mg,106
6265,Econate-G,allopathic,107,543,1%,106
6266,Ecoplus,allopathic,11,544,1%+0.1%,224
6267,Ecoren,allopathic,11,543,1%,2
6268,Ecoren T,allopathic,11,544,1%+0.1%,2
6269,Ecosone,allopathic,11,544,1%+0.1%,179
6270,Ecosprin,allopathic,95,119,300 mg,4
6271,Ecosprin,allopathic,95,119,75 mg,4
6272,Ecosprin,allopathic,95,119,81 mg,4
6273,Ecosprin Plus,allopathic,92,391,75 mg+75 mg,4
6274,Ecostat,allopathic,11,544,1%+0.1%,210
6275,Ecot,allopathic,11,544,1%+0.1%,135
6276,Ecotin,allopathic,20,,,89
6277,Ecotin,allopathic,92,178,6 mg+200 mg+50 mg,89
6278,Ecotrim,allopathic,11,544,1%+0.1%,35
6279,Ecovit,herbal,2,1681,400 mg,89
6280,Ecovit-S,herbal,2,1681,200 mg,89
6281,Ecox,allopathic,92,614,120 mg,9
6282,Ecox,allopathic,92,614,90 mg,9
6283,Ecozol,allopathic,11,543,1%,165
6284,Ecozol Plus,allopathic,11,544,1%+0.1%,165
6285,Ecozol VT,allopathic,111,543,150 mg,165
6286,EC-Pill,allopathic,92,948,1.5 mg,225
6287,EC-Plus,allopathic,92,1678,200 mg+200 mg,171
6288,Ecsota,allopathic,81,190,0.05%+2%,2
6289,Ectinac,allopathic,92,9,100 mg,231
6290,Ectover,allopathic,92,879,12 mg,92
6291,Ectover,allopathic,92,879,6 mg,92
6292,EC-Vit,allopathic,92,178,6 mg+200 mg+50 mg,239
6293,Eczacort,allopathic,11,789,0.10%,240
6294,Eczena,allopathic,11,503,0.05%,217
6295,Eczena,allopathic,58,503,0.05%,217
6296,Edegra,allopathic,92,1455,100 mg,219
6297,Edegra,allopathic,92,1455,50 mg,219
6298,Edeloss,allopathic,92,696,20 mg+50 mg,106
6299,Edeloss Plus,allopathic,92,696,40 mg+50 mg,106
6300,Edemide,allopathic,92,696,20 mg+50 mg,4
6301,Edemide,allopathic,92,696,40 mg+50 mg,4
6302,Edenil,allopathic,92,696,20 mg+50 mg,73
6303,Edenil,allopathic,92,696,40 mg+50 mg,73
6304,ED-Fex,allopathic,70,642,30 mg/5 ml,74
6305,ED-Fex,allopathic,92,642,120 mg,74
6306,Edical,allopathic,92,253,500 mg,67
6307,Edical-D,allopathic,92,257,500 mg+200 IU,67
6308,Edicef,allopathic,2,320,250 mg,67
6309,Edicef,allopathic,75,320,125 mg/5 ml,67
6310,Edifenac,allopathic,24,494,75 mg/3 ml,67
6311,Edifenac,allopathic,92,494,50 mg,67
6312,Edifenac Plus,allopathic,24,496,(75 mg+20 mg)/2 ml,67
6313,Edifenac-TR,allopathic,8,494,100 mg,67
6314,Edin,allopathic,2,321,250 mg,140
6315,Edin,allopathic,2,321,500 mg,140
6316,Edin,allopathic,72,321,125 mg/1.25 ml,140
6317,Edin,allopathic,75,321,125 mg/5 ml,140
6318,Edin DS,allopathic,75,321,250 mg/5 ml,140
6319,Ediplex,allopathic,91,1669,,67
6320,Ediplex,allopathic,92,1669,,67
6321,Ediplex-ZI,allopathic,91,861,,67
6322,Edisolone,allopathic,63,1313,1%,173
6323,Editin-R,allopathic,26,1368,50 mg/2 ml,67
6324,Editin-R,allopathic,92,1368,150 mg,67
6325,Editoren,allopathic,92,302,200 mg,165
6326,Editoren,allopathic,92,302,400 mg,165
6327,Editrim,allopathic,70,1520,(200 mg+40 mg)/5 ml,67
6328,Editrim-DS,allopathic,92,1520,800 mg+160 mg,67
6329,Edjenta,allopathic,92,962,5 mg,67
6330,Edolac,allopathic,2,612,300 mg,165
6331,Edolac ER,allopathic,96,612,600 mg,165
6332,Edone,allopathic,70,524,5 mg/5 ml,239
6333,Edone,allopathic,92,524,10 mg,239
6334,Edopain,allopathic,2,612,300 mg,106
6335,Edopain ER,allopathic,96,612,600 mg,106
6336,E-Doxy,allopathic,2,533,100 mg,67
6337,Edron,allopathic,92,1086,10 mg,67
6338,Edrumycetin,allopathic,2,332,250 mg,67
6339,Edrumycetin,allopathic,62,331,0.50%,67
6340,Edruplex,allopathic,24,,(100 mg+100 mg+1 mg)/3 ml,67
6341,Edruplex,allopathic,92,,100 mg+200 mg+200 mcg,67
6342,Edruson,allopathic,92,1311,5 mg,67
6343,Edruvit,allopathic,72,1112,,67
6344,Edruvit-M,allopathic,92,1098,,67
6345,Edry,allopathic,75,580,125 mg/5 ml,67
6346,Edysta,allopathic,92,1532,10 mg,229
6347,Edysta,allopathic,92,1532,20 mg,229
6348,Edysta,allopathic,92,1532,2.5 mg,229
6349,Edysta,allopathic,92,1532,5 mg,229
6350,Efaxim,allopathic,92,1388,200 mg,217
6351,Efaxim,allopathic,92,1388,550 mg,217
6352,Efdinir,allopathic,2,301,300 mg,106
6353,Efdinir,allopathic,75,301,125 mg/5 ml,106
6354,E-Fenac,allopathic,92,494,50 mg,194
6355,Efepime,allopathic,26,303,1 gm/vial,240
6356,Efepime,allopathic,26,303,500 mg/vial,240
6357,Efepime,allopathic,38,303,2 gm/vial,240
6358,Effical,allopathic,92,268,400 mg,89
6359,E-fill,herbal,2,1681,200 mg,84
6360,E-fill,herbal,2,1681,400 mg,84
6361,Efirel,allopathic,92,1308,10 mg,165
6362,Efirel,allopathic,92,1308,5 mg,165
6363,Efitaz,allopathic,37,1284,(4 gm+0.5 gm)/vial,191
6364,Eflam,allopathic,92,614,120 mg,20
6365,Eflam,allopathic,92,614,60 mg,20
6366,Eflam,allopathic,92,614,90 mg,20
6367,Efloxin,allopathic,75,364,250 mg/5 ml,74
6368,Efloxin,allopathic,92,364,250 mg,74
6369,Efloxin,allopathic,92,364,500 mg,74
6370,Efloxin,allopathic,92,364,750 mg,74
6371,E-Flu,allopathic,2,651,500 mg,67
6372,E-Flu,allopathic,75,651,125 mg/5 ml,67
6373,Eflucin,allopathic,2,651,250 mg,113
6374,Eflucin,allopathic,2,651,500 mg,113
6375,Eflucin,allopathic,26,651,250 mg/vial,113
6376,Eflucin,allopathic,26,651,500 mg/vial,113
6377,Eflucin,allopathic,75,651,125 mg/5 ml,113
6378,Efodio,allopathic,92,524,10 mg,191
6379,Efol ER,allopathic,5,641,150 mg+0.5 mg+61.8 mg,35
6380,Efopam,allopathic,92,1141,30 mg,73
6381,Efrad,allopathic,2,321,250 mg,67
6382,Efrad,allopathic,2,321,500 mg,67
6383,Efrad,allopathic,75,321,125 mg/5 ml,67
6384,Efynal,herbal,9,1681,200 mg,101
6385,Egaba,allopathic,2,1314,100 mg,75
6386,Egaba,allopathic,2,1314,150 mg,75
6387,Egaba,allopathic,2,1314,50 mg,75
6388,Egaba,allopathic,2,1314,75 mg,75
6389,E-Gel,herbal,2,1681,200 IU,196
6390,E-Gel DS,herbal,2,1681,400 IU,196
6391,Egen,allopathic,26,714,80 mg/2 ml,67
6392,E-Gold,herbal,2,1681,200 IU,192
6393,E-Gold,herbal,2,1681,400 IU,192
6394,Egolix,allopathic,92,548,200 mg,4
6395,Egut,allopathic,70,524,5 mg/5 ml,75
6396,Egut,allopathic,92,524,10 mg,75
6397,E-Hexin,allopathic,91,227,4 mg/5 ml,74
6398,E-Hexin,allopathic,92,227,16 mg,74
6399,Ejalong,allopathic,92,443,30 mg,66
6400,Ejalong,allopathic,92,443,60 mg,66
6401,Eket,allopathic,26,896,30 mg/ml,67
6402,Eket,allopathic,92,896,10 mg,67
6403,Ekzina,allopathic,58,385,0.05%+3%,135
6404,Eladin,allopathic,70,975,5 mg/5 ml,113
6405,Eladin,allopathic,92,975,10 mg,113
6406,Elagox,allopathic,92,548,150 mg,161
6407,Elargen,allopathic,92,198,20 mg,62
6408,E-Lax,allopathic,69,911,3.35 gm/5 ml,67
6409,Elazol,allopathic,92,1684,200 mg,196
6410,Elazol,allopathic,92,1684,50 mg,196
6411,Electrodex,allopathic,37,1471,0.225%+10%,170
6412,Electro-K,allopathic,91,1300,500 mg/5 ml,4
6413,Electro-K,allopathic,92,1300,600 mg,4
6414,Electrosal,allopathic,37,758,,185
6415,Eletam,allopathic,69,935,500 mg/5 ml,229
6416,Eletam,allopathic,92,935,250 mg,229
6417,Eletam,allopathic,92,935,500 mg,229
6418,Elexime,allopathic,75,304,100 mg/5 ml,194
6419,Elfexo,allopathic,70,642,30 mg/5 ml,127
6420,Elfexo,allopathic,92,642,120 mg,127
6421,Elfexo,allopathic,92,642,180 mg,127
6422,E-Lid,allopathic,75,580,125 mg/5 ml,223
6423,Elidox,allopathic,2,533,100 mg,194
6424,Elimate,allopathic,11,1264,5% w/w,106
6425,Elimate Plus,allopathic,45,1265,5%+10%,106
6426,Eliprox,allopathic,92,364,500 mg,194
6427,Elipta,allopathic,92,557,10 mg+5 mg,240
6428,Elipta,allopathic,92,557,25 mg+5 mg,240
6429,Eliroxime,allopathic,75,316,125 mg/5 ml,194
6430,Eliroxime,allopathic,92,316,250 mg,194
6431,Elisa,allopathic,92,602,0.02 mg+3 mg,161
6432,Elivier,allopathic,92,1122,500 mg,106
6433,Elmin,allopathic,9,34,400 mg,113
6434,Elmin-DT,allopathic,9,34,400 mg,113
6435,Elmisan,allopathic,2,1257,100 mg,101
6436,Elo,allopathic,92,975,10 mg,67
6437,Elocef,allopathic,2,321,250 mg,74
6438,Elocef,allopathic,2,321,500 mg,74
6439,Elocef,allopathic,75,321,125 mg/5 ml,74
6440,Elocon,allopathic,11,544,1%+0.1%,17
6441,Elodep,allopathic,92,583,10 mg,4
6442,Elodep,allopathic,92,583,5 mg,4
6443,Elopag,allopathic,92,549,25 mg,76
6444,Elopag,allopathic,92,549,50 mg,76
6445,Elorim,allopathic,11,546,13.90%,217
6446,Eloxatin,allopathic,37,1212,5 mg/ml,222
6447,Eltrom,allopathic,92,549,25 mg,114
6448,Eltrom,allopathic,92,549,50 mg,114
6449,Eltropag,allopathic,92,549,25 mg,106
6450,Eltroxin,allopathic,92,951,50 mcg,88
6451,Eluxan,allopathic,92,550,100 mg,240
6452,Eluxan,allopathic,92,550,75 mg,240
6453,Elvina,allopathic,11,1557,1%,101
6454,Elvina,allopathic,92,1557,250 mg,101
6455,Elygyl,allopathic,70,1057,200 mg/5 ml,204
6456,Elygyl,allopathic,92,1057,400 mg,204
6457,EM,allopathic,75,580,125 mg/5 ml,141
6458,EM,allopathic,92,580,500 mg,141
6459,Ema,allopathic,4,586,20 mg,89
6460,Ema,allopathic,4,586,40 mg,89
6461,Ema,allopathic,38,586,40 mg/vial,89
6462,Ema,allopathic,95,586,20 mg,89
6463,Ema,allopathic,95,586,40 mg,89
6464,Emaprox,allopathic,94,1134,375 mg+20 mg,89
6465,Emaprox,allopathic,94,1134,500 mg+20 mg,89
6466,Emazid,allopathic,92,556,10 mg,73
6467,Emazid,allopathic,92,556,25 mg,73
6468,Emazid L,allopathic,92,557,10 mg+5 mg,73
6469,Emazid L,allopathic,92,557,25 mg+5 mg,73
6470,Emazid M,allopathic,92,558,5 mg+500 mg,73
6471,Embelin,allopathic,92,65,5 mg,106
6472,Emcil,allopathic,92,1288,200 mg,217
6473,Emcon,allopathic,92,948,0.75 mg,196
6474,Emcon 1,allopathic,92,948,1.5 mg,196
6475,Emect,allopathic,92,879,6 mg,54
6476,Emectil,allopathic,91,346,25 mg/5 ml,181
6477,Emedon,allopathic,92,524,10 mg,54
6478,Emedox,allopathic,96,1352,20 mg+20 mg,185
6479,Emego Plus,allopathic,92,1014,25 mg+50 mg,165
6480,Emend,allopathic,2,106,125 mg,165
6481,Emend,allopathic,2,106,40 mg,165
6482,Emenil Plus,allopathic,92,1014,25 mg+50 mg,106
6483,Emep,allopathic,4,586,20 mg,25
6484,Emep,allopathic,4,586,40 mg,25
6485,Emep,allopathic,38,586,40 mg/vial,25
6486,Emep,allopathic,95,586,20 mg,25
6487,Emer,allopathic,30,1269,200 mg/ml,165
6488,Emer,allopathic,69,1269,20 mg/5 ml,165
6489,Emer,allopathic,92,1269,30 mg,165
6490,Emer,allopathic,92,1269,60 mg,165
6491,Emeren,allopathic,26,1201,8 mg/4 ml,196
6492,Emeren,allopathic,69,1201,4 mg/5 ml,196
6493,Emeren,allopathic,92,1201,4 mg,196
6494,Emeren,allopathic,92,1201,8 mg,196
6495,Emeset,allopathic,69,1201,4 mg/5 ml,233
6496,Emeset,allopathic,92,1201,8 mg,233
6497,Emestop,allopathic,2,106,125 mg,106
6498,Emestop,allopathic,2,106,40 mg,106
6499,Emez,allopathic,4,1199,20 mg,67
6500,Emez,allopathic,4,1199,40 mg,67
6501,Emezin,allopathic,92,1015,50 mg,73
6502,Emezin Plus,allopathic,92,1014,25 mg+50 mg,73
6503,Emfogen,allopathic,92,556,10 mg,84
6504,Emfogen,allopathic,92,556,25 mg,84
6505,Emfogen M,allopathic,92,558,5 mg+500 mg,84
6506,Emfolin,allopathic,92,557,10 mg+5 mg,84
6507,Emfolin,allopathic,92,557,25 mg+5 mg,84
6508,Emglif,allopathic,92,556,10 mg,171
6509,Emglif,allopathic,92,556,25 mg,171
6510,Emicort,allopathic,25,1614,40 mg/ml,74
6511,Emidom,allopathic,70,524,5 mg/5 ml,215
6512,Emidom,allopathic,72,524,5 mg/ml,215
6513,Emidom,allopathic,92,524,10 mg,215
6514,Emijoy,allopathic,92,79,12.5 mg+5 mg,35
6515,Emiprox,allopathic,75,309,40 mg/5 ml,235
6516,Emiprox DS,allopathic,75,309,80 mg/5 ml,235
6517,Emirest,allopathic,14,1201,4 mg,180
6518,Emirest,allopathic,69,1201,4 mg/5 ml,180
6519,Emiset,allopathic,69,1201,4 mg/5 ml,9
6520,Emiset,allopathic,92,1201,8 mg,9
6521,Emistat,allopathic,21,1201,4 mg,101
6522,Emistat,allopathic,21,1201,8 mg,101
6523,Emistat,allopathic,26,1201,8 mg/4 ml,101
6524,Emistat,allopathic,69,1201,4 mg/5 ml,101
6525,Emistat,allopathic,92,1201,8 mg,101
6526,Emiston,allopathic,26,1201,8 mg/4 ml,105
6527,Emiston,allopathic,69,1201,4 mg/5 ml,105
6528,Emiston,allopathic,92,1201,8 mg,105
6529,Emitab,allopathic,92,1326,5 mg,216
6530,Emiteron,allopathic,92,1201,8 mg,186
6531,Emitof,allopathic,92,1201,4 mg,192
6532,Emitof,allopathic,92,1201,8 mg,192
6533,Emixef,allopathic,2,304,200 mg,106
6534,Emixef,allopathic,2,304,400 mg,106
6535,Emixef,allopathic,72,304,25 mg/ml,106
6536,Emixef,allopathic,75,304,100 mg/5 ml,106
6537,Emixef,allopathic,92,304,200 mg,106
6538,Emixef DS,allopathic,75,304,200 mg/5 ml,106
6539,Emjard,allopathic,92,556,10 mg,217
6540,Emjard,allopathic,92,556,25 mg,217
6541,Emjard M,allopathic,92,558,5 mg+500 mg,217
6542,Emjenta,allopathic,92,557,10 mg+5 mg,155
6543,Emjenta,allopathic,92,557,25 mg+5 mg,155
6544,Emlino,allopathic,92,557,10 mg+5 mg,4
6545,Emlino,allopathic,92,557,25 mg+5 mg,4
6546,Emlon,allopathic,92,81,10 mg,37
6547,Emlon,allopathic,92,81,5 mg,37
6548,Emlon Plus,allopathic,92,82,5 mg+50 mg,37
6549,Emo-20,allopathic,95,586,20 mg,179
6550,Emodol,allopathic,26,896,30 mg/ml,113
6551,Emodol,allopathic,62,897,0.50%,113
6552,Emodol,allopathic,92,896,10 mg,113
6553,Emogin,allopathic,92,1580,50 mg,215
6554,Emolent,allopathic,11,1688,6%+15%,217
6555,Emolent,allopathic,45,1688,3%+8%,217
6556,Emolent Plus,allopathic,11,961,10%+5%+10%,217
6557,Emonium,allopathic,26,1580,5 mg/2 ml,35
6558,Emonium,allopathic,92,1580,50 mg,35
6559,Emorivir,allopathic,2,1077,200 mg,35
6560,Emosoft,allopathic,58,1688,50%+50%,106
6561,Emov,allopathic,22,494,1% w/w,67
6562,E-mox,allopathic,2,91,250 mg,67
6563,E-mox,allopathic,2,91,500 mg,67
6564,E-mox,allopathic,72,91,125 mg/1.25 ml,67
6565,E-mox,allopathic,75,91,125 mg/5 ml,67
6566,Emox-C,allopathic,92,90,250 mg+125 mg,67
6567,Emox-C,allopathic,92,90,500 mg+125 mg,67
6568,Emoxil,allopathic,2,91,250 mg,74
6569,Emoxil,allopathic,2,91,500 mg,74
6570,Emoxil,allopathic,72,91,125 mg/1.25 ml,74
6571,Emoxil,allopathic,75,91,125 mg/5 ml,74
6572,Empa,allopathic,92,556,10 mg,155
6573,Empa,allopathic,92,556,25 mg,155
6574,Empadi,allopathic,92,556,10 mg,173
6575,Empadi,allopathic,92,556,25 mg,173
6576,Empadus,allopathic,92,556,10 mg,165
6577,Empadus,allopathic,92,556,25 mg,165
6578,Empaglif,allopathic,92,556,10 mg,25
6579,Empaglif,allopathic,92,556,25 mg,25
6580,Empaglif-M,allopathic,92,558,5 mg+500 mg,25
6581,Empalina,allopathic,92,557,10 mg+5 mg,35
6582,Empalina,allopathic,92,557,25 mg+5 mg,35
6583,EmpaMet,allopathic,92,558,5 mg+500 mg,155
6584,Emparol,allopathic,92,556,10 mg,66
6585,Emparol,allopathic,92,556,25 mg,66
6586,Emparol-M,allopathic,92,558,5 mg+500 mg,66
6587,Empatab,allopathic,92,556,10 mg,106
6588,Empatab,allopathic,92,556,25 mg,106
6589,Empatab M,allopathic,92,558,5 mg+500 mg,106
6590,Empavic,allopathic,92,556,10 mg,37
6591,Empavic,allopathic,92,556,25 mg,37
6592,Empazin,allopathic,92,556,10 mg,62
6593,Empazin,allopathic,92,556,25 mg,62
6594,Empazin L,allopathic,92,557,10 mg+5 mg,62
6595,Empazin L,allopathic,92,557,25 mg+5 mg,62
6596,Empazin M,allopathic,92,558,5 mg+500 mg,62
6597,EM-Pill,allopathic,92,1632,30 mg,4
6598,Emprila,allopathic,11,956,2.5%+2.5%,229
6599,Emulyt,allopathic,91,66,15 mg/5 ml,9
6600,Emurea,allopathic,11,1638,10% w/w,240
6601,Emurea,allopathic,11,1639,25% w/w,240
6602,Emycin,allopathic,75,580,125 mg/5 ml,136
6603,Emycin,allopathic,92,580,250 mg,136
6604,Ena,allopathic,92,9,100 mg,26
6605,Enar,allopathic,94,1134,375 mg+20 mg,135
6606,Enar,allopathic,94,1134,500 mg+20 mg,135
6607,Enaril,allopathic,92,559,5 mg,35
6608,Enazif,allopathic,8,286,50 mg+0.50 mg+61.80 mg,235
6609,Enazol Plus,allopathic,11,544,1%+0.1%,37
6610,Enbee,allopathic,92,563,0.5 mg,114
6611,Encarlev,allopathic,92,943,100 mg+25 mg+200 mg,165
6612,Encarlev,allopathic,92,943,150 mg+37.5 mg+200 mg,165
6613,Encarlev,allopathic,92,943,200 mg+50 mg+200 mg,165
6614,Encatrol,allopathic,2,249,0.25 mcg,89
6615,Encilor,allopathic,92,975,10 mg,106
6616,Enclot,allopathic,2,1605,250 mg,165
6617,Enclot,allopathic,2,1605,500 mg,165
6618,Enclot,allopathic,26,1605,500 mg/5 ml,165
6619,Encoprin LD,allopathic,95,119,75 mg,136
6620,Encorate,allopathic,92,1492,200 mg,219
6621,Encorate Chrono,allopathic,93,1492,200 mg,219
6622,Encorate Chrono,allopathic,93,1492,300 mg,219
6623,Encorate Chrono,allopathic,93,1492,500 mg,219
6624,Endamycin,allopathic,2,374,150 mg,75
6625,Endamycin,allopathic,2,374,300 mg,75
6626,Endemali,herbal,75,98,,99
6627,Endofree,allopathic,92,932,2.5 mg,106
6628,Endosis,allopathic,92,500,2 mg,73
6629,Endoxan,allopathic,37,429,1 gm/vial,30
6630,Endoxan,allopathic,37,429,200 mg/vial,30
6631,Endoxan,allopathic,37,429,500 mg/vial,30
6632,Endoxan,allopathic,92,429,50 mg,30
6633,Endurex,herbal,2,1115,,99
6634,Enegra,allopathic,92,1455,50 mg,35
6635,Enema,allopathic,77,1083,(19 gm+7 gm)/118 ml,
6636,Energin,allopathic,92,178,6 mg+200 mg+50 mg,
6637,Enerton,herbal,91,150,,217
6638,Enigma,allopathic,92,1455,100 mg,101
6639,Enigma,allopathic,92,1455,50 mg,101
6640,Enjofil,allopathic,92,1455,100 mg,150
6641,Enjofil,allopathic,92,1455,50 mg,150
6642,Enliven,allopathic,2,815,100 mg,171
6643,Enocam,allopathic,92,1555,20 mg,4
6644,Enocef,allopathic,24,315,1 gm/vial,222
6645,Enocef,allopathic,24,315,250 mg/vial,222
6646,Enocef,allopathic,24,315,500 mg/vial,222
6647,Enocef,allopathic,38,315,1 gm/vial,222
6648,Enocef,allopathic,38,315,250 mg/vial,222
6649,Enocef,allopathic,38,315,500 mg/vial,222
6650,Enoclox,allopathic,2,651,500 mg,141
6651,Enoclox,allopathic,75,651,125 mg/5 ml,141
6652,EnoFab,allopathic,2,625,200 mg,108
6653,Enol,allopathic,92,123,50 mg,67
6654,Enoma,allopathic,80,561,4000 Anti-Xa IU/0.4 ml,37
6655,Enoma,allopathic,80,561,6000 Anti-Xa IU/0.6 ml,37
6656,Enoparin,allopathic,80,561,4000 Anti-Xa IU/0.4 ml,185
6657,Enoparin,allopathic,80,561,6000 Anti-Xa IU/0.6 ml,185
6658,Enoparin,allopathic,80,561,8000 Anti-Xa IU/0.8 ml,185
6659,Enorin,allopathic,80,561,4000 Anti-Xa IU/0.4 ml,73
6660,Enorin,allopathic,80,561,6000 Anti-Xa IU/0.6 ml,73
6661,Enorin,allopathic,80,561,8000 Anti-Xa IU/0.8 ml,73
6662,Enplex-B,allopathic,92,1669,,158
6663,Enrifer,allopathic,39,630,500 mg/10 ml,31
6664,Ensal,allopathic,58,170,6%+3%,196
6665,Enso,allopathic,4,917,15 mg,119
6666,Enso,allopathic,4,917,30 mg,119
6667,Ensure Diabetes Care,allopathic,67,,,1
6668,Ensure Nutrition,allopathic,67,,,1
6669,Ensure Plus,allopathic,67,,,1
6670,Entacyd,allopathic,70,57,(175 mg+225 mg)/5 ml,217
6671,Entacyd Plus,allopathic,9,58,400 mg+400 mg+30 mg,217
6672,Entacyd Plus,allopathic,70,58,(200 mg+400 mg+30 mg)/5 ml,217
6673,Entavir,allopathic,92,563,0.5 mg,66
6674,Entavir,allopathic,92,563,1 mg,66
6675,Enteca,allopathic,92,563,0.5 mg,196
6676,Enterogermina,allopathic,70,145,2 billion/5 ml,222
6677,Entiflox,allopathic,92,364,500 mg,202
6678,Entresto,allopathic,92,1415,24 mg+26 mg,156
6679,Entresto,allopathic,92,1415,49 mg+51 mg,156
6680,Entresto,allopathic,92,1415,97 mg+103 mg,156
6681,Entrovas,allopathic,92,1415,24 mg+26 mg,196
6682,Entrovas,allopathic,92,1415,49 mg+51 mg,196
6683,Entrovas,allopathic,92,1415,97 mg+103 mg,196
6684,Entroza,allopathic,92,94,1 mg,106
6685,Enviral,allopathic,92,563,0.5 mg,165
6686,Enviral,allopathic,92,563,1 mg,165
6687,Envit-M,allopathic,92,1098,,105
6688,Envitor,allopathic,92,938,330 mg,165
6689,Enyl Plus,allopathic,92,1240,500 mg+65 mg,75
6690,Enystin,allopathic,70,1183,100000 unit/ml,74
6691,Epa,allopathic,4,586,20 mg,239
6692,Epa,allopathic,95,586,20 mg,239
6693,Epam,allopathic,92,1166,5 mg,165
6694,Eparin,allopathic,80,561,6000 Anti-Xa IU/0.6 ml,31
6695,Epazel,allopathic,70,57,(175 mg+225 mg)/5 ml,67
6696,Epazel Plus,allopathic,70,58,(400 mg+400 mg+30 mg)/5 ml,67
6697,Ephidin,allopathic,30,566,25 mg/5 ml,185
6698,Epicet,allopathic,37,935,500 mg/5 ml,196
6699,Epicet,allopathic,69,935,500 mg/5 ml,196
6700,Epicet,allopathic,92,935,250 mg,196
6701,Epicet,allopathic,92,935,500 mg,196
6702,Epicet XR,allopathic,96,935,1000 mg,196
6703,Epicet XR,allopathic,96,935,500 mg,196
6704,Epicet XR,allopathic,96,935,750 mg,196
6705,Epicin,allopathic,37,568,2 mg/ml,225
6706,Epiclon,allopathic,92,389,0.5 mg,84
6707,Epiclon,allopathic,92,389,1 mg,84
6708,Epiclon,allopathic,92,389,2 mg,84
6709,Epicure,allopathic,38,223,50 mg/5 ml,106
6710,Epidron,allopathic,30,566,25 mg/5 ml,196
6711,Epilep,allopathic,92,281,200 mg,35
6712,Epilep CR,allopathic,93,281,200 mg,35
6713,Epilim,allopathic,91,1492,200 mg/5 ml,222
6714,Epilim Chrono,allopathic,93,1492,200 mg,222
6715,Epilim Chrono,allopathic,93,1492,300 mg,222
6716,Epilim Chrono,allopathic,93,1492,500 mg,222
6717,Epinast,allopathic,62,567,0.05%,25
6718,Epiruba,allopathic,37,568,2 mg/ml,66
6719,Epirubicin PhaRes,allopathic,37,568,2 mg/ml,176
6720,Epirubicin Sandoz,allopathic,37,568,2 mg/ml,206
6721,Epirubin,allopathic,37,568,2 mg/ml,101
6722,Episindan,allopathic,37,568,2 mg/ml,40
6723,Epitra,allopathic,92,389,0.5 mg,217
6724,Epitra,allopathic,92,389,1 mg,217
6725,Epival Chrono,allopathic,93,1492,200 mg,108
6726,Epival Chrono,allopathic,93,1492,300 mg,108
6727,Epival Chrono,allopathic,93,1492,500 mg,108
6728,Epizam,allopathic,92,389,0.5 mg,9
6729,Epizam,allopathic,92,389,2 mg,9
6730,Epizol,allopathic,4,586,20 mg,153
6731,Epizol,allopathic,4,586,40 mg,153
6732,Epizol-N,allopathic,94,1134,375 mg+20 mg,153
6733,Epizol-N,allopathic,94,1134,500 mg+20 mg,153
6734,EPL,allopathic,2,855,,89
6735,EPL Plus,allopathic,2,287,,89
6736,Epleron,allopathic,92,569,25 mg,106
6737,Epleron,allopathic,92,569,50 mg,106
6738,Eplon,allopathic,2,1694,10 mg,35
6739,Eplon,allopathic,2,1694,5 mg,35
6740,Epnil,allopathic,92,389,0.5 mg,206
6741,Epnil,allopathic,92,389,1 mg,206
6742,Epnil,allopathic,92,389,2 mg,206
6743,E-Pod,allopathic,2,309,200 mg,67
6744,E-Pod,allopathic,75,309,80 mg/5 ml,67
6745,Epoetin,allopathic,40,581,2000 IU,106
6746,Epoetin,allopathic,40,581,3000 IU,106
6747,Epoetin,allopathic,40,581,4000 IU,106
6748,Epoetin,allopathic,40,581,5000 IU,106
6749,Epomax,allopathic,40,581,3000 IU,66
6750,Epomax,allopathic,40,581,5000 IU,66
6751,Eporen,allopathic,40,581,3000 IU,217
6752,Eporen,allopathic,40,581,5000 IU,217
6753,Eposide,allopathic,2,613,50 mg,225
6754,Eposide,allopathic,37,613,100 mg/5 ml,225
6755,Eposin,allopathic,37,613,100 mg/5 ml,177
6756,Eposis,allopathic,40,581,10000 IU,31
6757,Eposis,allopathic,40,581,2000 IU,31
6758,Eposis,allopathic,40,581,3000 IU,31
6759,Eposis,allopathic,40,581,4000 IU,31
6760,Eposis,allopathic,40,581,5000 IU,31
6761,Epoxim,allopathic,75,309,40 mg/5 ml,174
6762,Epoxim,allopathic,92,309,100 mg,174
6763,Epoxim,allopathic,92,309,200 mg,174
6764,Epram,allopathic,92,583,10 mg,108
6765,Epram,allopathic,92,583,5 mg,108
6766,Eprazol,allopathic,95,586,20 mg,122
6767,Eprazol,allopathic,95,586,40 mg,122
6768,Eprel,allopathic,92,565,50 mg,171
6769,Eprex,allopathic,40,582,10000 IU,112
6770,Eprex,allopathic,40,582,2000 IU,112
6771,Eprex,allopathic,40,582,3000 IU,112
6772,Eprex,allopathic,40,582,4000 IU,112
6773,Eprim,herbal,2,617,500 mg,217
6774,Eprim Plus,herbal,2,617,1000 mg,217
6775,E-Proton,allopathic,4,586,20 mg,64
6776,E-Proton,allopathic,4,586,40 mg,64
6777,Eprox,allopathic,92,1133,500 mg,75
6778,Epson,allopathic,92,380,10 mg,239
6779,Eptase,allopathic,73,1508,1.5 million unit,31
6780,Equra,allopathic,11,1638,10% w/w,217
6781,Eracef,allopathic,24,315,1 gm/vial,185
6782,Eracef,allopathic,24,315,250 mg/vial,185
6783,Eracef,allopathic,24,315,500 mg/vial,185
6784,Eracef,allopathic,38,315,1 gm/vial,185
6785,Eracef,allopathic,38,315,2 gm/vial,185
6786,Eracef,allopathic,38,315,500 mg/vial,185
6787,Eradex,allopathic,92,975,10 mg,
6788,Eradra,allopathic,62,960,5%,84
6789,Erafix,allopathic,2,304,200 mg,235
6790,Erafix,allopathic,2,304,400 mg,235
6791,Erafix,allopathic,75,304,100 mg/5 ml,235
6792,Eramin,allopathic,91,345,2 mg/5 ml,179
6793,Eramin,allopathic,92,345,4 mg,179
6794,Erasprin,allopathic,95,119,75 mg,229
6795,Erata,allopathic,92,935,250 mg,206
6796,Erata,allopathic,92,935,500 mg,206
6797,Eraxis,allopathic,37,96,100 mg/vial,175
6798,Eraxit,allopathic,92,669,0.5 mg+10 mg,180
6799,Erazole,allopathic,4,586,20 mg,119
6800,Erazole,allopathic,4,586,40 mg,119
6801,Erazole,allopathic,95,586,20 mg,119
6802,Erazole,allopathic,95,586,40 mg,119
6803,Erbitux,allopathic,37,327,5 mg/ml,138
6804,Erdolin,allopathic,2,572,300 mg,229
6805,Erdolyt,allopathic,2,572,300 mg,240
6806,Erdon,allopathic,22,494,1% w/w,25
6807,Erdon,allopathic,89,494,50 mg,25
6808,Erdon TR,allopathic,8,494,100 mg,25
6809,Erdon-Plus,allopathic,24,496,(75 mg+20 mg)/2 ml,25
6810,Erdostin,allopathic,2,572,300 mg,155
6811,E-Reb,allopathic,95,1358,20 mg,74
6812,Erectomed,allopathic,92,1532,10 mg,137
6813,Erectomed,allopathic,92,1532,20 mg,137
6814,Erectus,allopathic,92,1532,10 mg,53
6815,Erectus,allopathic,92,1532,20 mg,53
6816,Eredex,herbal,2,1692,5.4 mg,217
6817,Erian,allopathic,58,358,(5 mg+5 mg+10.5 mg+10 mg)/gm,217
6818,Erian,allopathic,89,358,5 mg+5 mg+10 mg+10 mg,217
6819,Eridon,allopathic,70,524,5 mg/5 ml,
6820,Eridon,allopathic,92,524,10 mg,
6821,Erinlar,allopathic,2,322,150 mg,85
6822,Erlocent,allopathic,92,576,100 mg,106
6823,Erlocent,allopathic,92,576,150 mg,106
6824,Erlonix,allopathic,92,576,100 mg,31
6825,Erlonix,allopathic,92,576,150 mg,31
6826,Erloren,allopathic,92,576,100 mg,196
6827,Erloren,allopathic,92,576,150 mg,196
6828,Erlotin,allopathic,92,576,100 mg,101
6829,Erlotin,allopathic,92,576,150 mg,101
6830,Ermac,allopathic,75,580,125 mg/5 ml,165
6831,Ermite,allopathic,11,1264,5% w/w,113
6832,ERO,allopathic,75,580,125 mg/5 ml,104
6833,Erocin,allopathic,75,580,125 mg/5 ml,4
6834,Erocin,allopathic,92,580,250 mg,4
6835,Erocin,allopathic,92,580,500 mg,4
6836,Erode,allopathic,75,580,125 mg/5 ml,231
6837,Erofen,allopathic,92,811,400 mg,67
6838,Eroflam,allopathic,92,614,60 mg,171
6839,Eroflam,allopathic,92,614,90 mg,171
6840,Erom,allopathic,75,580,125 mg/5 ml,119
6841,Erom,allopathic,92,580,250 mg,119
6842,Erom,allopathic,92,580,500 mg,119
6843,Eromac,allopathic,75,580,125 mg/5 ml,84
6844,Eromed,allopathic,75,580,125 mg/5 ml,8
6845,Eromycin,allopathic,45,579,3%,217
6846,Eromycin,allopathic,72,580,200 mg/5 ml,217
6847,Eromycin,allopathic,75,580,125 mg/5 ml,217
6848,Eromycin DS,allopathic,92,580,500 mg,217
6849,Eronib,allopathic,92,576,150 mg,66
6850,Erosa,allopathic,75,580,125 mg/5 ml,37
6851,Erosa,allopathic,92,580,250 mg,37
6852,Erosil,allopathic,75,580,125 mg/5 ml,211
6853,Erosite,allopathic,75,580,125 mg/5 ml,210
6854,E-ROX,allopathic,75,580,125 mg/5 ml,63
6855,E-ROX,allopathic,92,580,500 mg,63
6856,E-Rox 500,allopathic,75,580,125 mg/5 ml,63
6857,E-Rox 500,allopathic,92,580,500 mg,63
6858,Erpen,allopathic,26,577,1 gm/vial,196
6859,Ertaco,allopathic,11,1447,2%,4
6860,Ertapen,allopathic,26,577,1 gm/vial,25
6861,Ertinib,allopathic,92,576,100 mg,25
6862,Ertinib,allopathic,92,576,150 mg,25
6863,Ertivix,allopathic,92,563,0.5 mg,219
6864,Ertivix,allopathic,92,563,1 mg,219
6865,Ertoxa,allopathic,92,578,5 mg,240
6866,Erubin,allopathic,37,568,2 mg/ml,31
6867,Erutic,allopathic,92,569,25 mg,66
6868,Ery,allopathic,75,580,125 mg/5 ml,9
6869,Ery,allopathic,92,580,250 mg,9
6870,Ery,allopathic,92,580,500 mg,9
6871,Erybac,allopathic,75,580,125 mg/5 ml,66
6872,Erybac,allopathic,92,580,250 mg,66
6873,Erybac,allopathic,92,580,500 mg,66
6874,Erymex,allopathic,75,580,125 mg/5 ml,105
6875,Erymex,allopathic,92,580,500 mg,105
6876,Erynet,allopathic,75,580,125 mg/5 ml,42
6877,Eryseem,allopathic,75,580,125 mg/5 ml,207
6878,Eryseem-500,allopathic,92,580,500 mg,207
6879,Eryth,allopathic,75,580,125 mg/5 ml,134
6880,Erythin,allopathic,75,580,125 mg/5 ml,2
6881,Erythro,allopathic,75,580,125 mg/5 ml,135
6882,Erythromycin-A,allopathic,75,580,125 mg/5 ml,5
6883,Erythrox,allopathic,75,580,125 mg/5 ml,196
6884,Eryzen,allopathic,75,580,125 mg/5 ml,239
6885,Eryzen,allopathic,92,580,250 mg,239
6886,Eryzen,allopathic,92,580,500 mg,239
6887,E-Saline,allopathic,67,1205,13.95 gm,67
6888,Esamin,allopathic,37,71,5%,143
6889,Escap,allopathic,4,586,20 mg,222
6890,Escap,allopathic,4,586,40 mg,222
6891,Escilex,allopathic,92,583,10 mg,196
6892,Escilex,allopathic,92,583,5 mg,196
6893,Esigerd,allopathic,95,586,20 mg,231
6894,Esipram,allopathic,92,583,10 mg,106
6895,Esipram,allopathic,92,583,5 mg,106
6896,Esita,allopathic,92,583,10 mg,101
6897,Esita,allopathic,92,583,5 mg,101
6898,Eslicar,allopathic,92,584,400 mg,217
6899,Esloric,allopathic,92,43,100 mg,217
6900,Esmax,allopathic,4,586,20 mg,53
6901,Esmax,allopathic,4,586,40 mg,53
6902,Esmax,allopathic,95,586,20 mg,53
6903,Esmeron,allopathic,38,1401,50 mg/5 ml,101
6904,Esmogel,allopathic,4,586,20 mg,36
6905,Esmosec,allopathic,38,586,40 mg/vial,225
6906,Esmosec,allopathic,95,586,20 mg,225
6907,Esmosec,allopathic,95,586,40 mg,225
6908,Esmotac,allopathic,95,586,20 mg,82
6909,Esmotac,allopathic,95,586,40 mg,82
6910,ESO,allopathic,95,586,20 mg,26
6911,ESO,allopathic,95,586,40 mg,26
6912,Esoben,allopathic,4,586,20 mg,34
6913,Esoben,allopathic,4,586,40 mg,34
6914,Esoben,allopathic,95,586,20 mg,34
6915,Esoben,allopathic,95,586,40 mg,34
6916,Esoben MUPS,allopathic,49,587,20 mg,34
6917,Esobest,allopathic,4,586,20 mg,210
6918,Esobest,allopathic,4,586,40 mg,210
6919,Esobest,allopathic,38,586,40 mg/vial,210
6920,Esobest,allopathic,95,586,20 mg,210
6921,Esobest,allopathic,95,586,40 mg,210
6922,Esobest MUPS,allopathic,49,587,20 mg,210
6923,Esobest MUPS,allopathic,49,587,40 mg,210
6924,Esocare,allopathic,4,586,20 mg,157
6925,Esocare,allopathic,4,586,40 mg,157
6926,Esoclip,allopathic,4,586,20 mg,96
6927,Esocon,allopathic,4,586,20 mg,37
6928,Esocon,allopathic,4,586,40 mg,37
6929,Esocon,allopathic,38,586,40 mg/vial,37
6930,Esocon MUPS,allopathic,49,587,20 mg,37
6931,Esodip,allopathic,92,1431,1.25 mg,196
6932,Esodip,allopathic,92,1431,2.5 mg,196
6933,Esodip,allopathic,92,1431,5 mg,196
6934,Esoflux,allopathic,4,586,20 mg,45
6935,Esoflux,allopathic,4,586,40 mg,45
6936,Esofour,allopathic,4,586,20 mg,108
6937,Esofour,allopathic,4,586,40 mg,108
6938,Esofour,allopathic,95,586,20 mg,108
6939,Esofour,allopathic,95,586,40 mg,108
6940,E-Soft,herbal,2,1681,200 IU,173
6941,E-Soft,herbal,2,1681,400 IU,173
6942,Esogap,allopathic,4,586,20 mg,75
6943,Esogap,allopathic,4,586,40 mg,75
6944,Esogap,allopathic,38,586,40 mg/vial,75
6945,Esogap,allopathic,95,586,20 mg,75
6946,Esogap,allopathic,95,586,40 mg,75
6947,Esogel,allopathic,4,586,20 mg,167
6948,Esogel,allopathic,4,586,40 mg,167
6949,Esogel,allopathic,38,586,40 mg/vial,167
6950,Esogut,allopathic,70,524,5 mg/5 ml,37
6951,Esogut,allopathic,72,524,5 mg/ml,37
6952,Esogut,allopathic,92,524,10 mg,37
6953,Esohil,allopathic,4,586,20 mg,92
6954,Esohil,allopathic,4,586,40 mg,92
6955,Esolin,allopathic,95,586,20 mg,197
6956,Esolin,allopathic,95,586,40 mg,197
6957,Esolok,allopathic,4,586,20 mg,105
6958,Esolok,allopathic,4,586,40 mg,105
6959,Esolok,allopathic,38,586,40 mg/vial,105
6960,Esolok,allopathic,95,586,20 mg,105
6961,Esolok,allopathic,95,586,40 mg,105
6962,Esom-E,allopathic,95,586,20 mg,67
6963,Esomenta,allopathic,4,586,20 mg,114
6964,Esomenta,allopathic,4,586,40 mg,114
6965,Esomep,allopathic,4,586,20 mg,2
6966,Esomep,allopathic,4,586,40 mg,2
6967,Esomep,allopathic,38,586,40 mg/vial,2
6968,Esomep,allopathic,95,586,20 mg,2
6969,Esomep,allopathic,95,586,40 mg,2
6970,Esomiloc,allopathic,4,586,20 mg,120
6971,Esomiloc,allopathic,4,586,40 mg,120
6972,Esomiloc,allopathic,95,586,20 mg,120
6973,Esomiloc,allopathic,95,586,40 mg,120
6974,Esomium,allopathic,4,586,20 mg,114
6975,Esomium,allopathic,4,586,40 mg,114
6976,Esomo,allopathic,4,586,20 mg,18
6977,Esomo,allopathic,4,586,40 mg,18
6978,Esomups,allopathic,49,587,20 mg,114
6979,Esomups,allopathic,49,587,40 mg,114
6980,Esona,allopathic,94,1134,375 mg+20 mg,150
6981,Esona,allopathic,94,1134,500 mg+20 mg,150
6982,Esonaaf,allopathic,4,586,20 mg,149
6983,Esonam,allopathic,4,586,20 mg,211
6984,Esonam,allopathic,4,586,40 mg,211
6985,Esonix,allopathic,4,586,20 mg,106
6986,Esonix,allopathic,4,586,40 mg,106
6987,Esonix,allopathic,38,586,20 mg/vial,106
6988,Esonix,allopathic,38,586,40 mg/vial,106
6989,Esonix,allopathic,67,586,20 mg,106
6990,Esonix,allopathic,95,586,20 mg,106
6991,Esonix,allopathic,95,586,40 mg,106
6992,Esonix M,allopathic,49,587,20 mg,106
6993,Esonix M,allopathic,49,587,40 mg,106
6994,Esonor-20,allopathic,95,586,20 mg,199
6995,Esopin,allopathic,95,586,20 mg,98
6996,Esopra,allopathic,4,586,20 mg,9
6997,Esopra,allopathic,4,586,40 mg,9
6998,Esopra,allopathic,95,586,20 mg,9
6999,Esopra,allopathic,95,586,40 mg,9
7000,Esoprex,allopathic,4,586,20 mg,31
7001,Esoprex,allopathic,4,586,40 mg,31
7002,Esoprex,allopathic,38,586,40 mg/vial,31
7003,Esoprex MUPS,allopathic,49,587,20 mg,31
7004,Esoprex MUPS,allopathic,49,587,40 mg,31
7005,Esoprol,allopathic,4,586,40 mg,240
7006,Esoprol,allopathic,38,586,40 mg/vial,240
7007,Esoral,allopathic,4,586,20 mg,73
7008,Esoral,allopathic,4,586,40 mg,73
7009,Esoral,allopathic,38,586,40 mg/vial,73
7010,Esoral,allopathic,67,586,20 mg,73
7011,Esoral,allopathic,95,586,20 mg,73
7012,Esoral,allopathic,95,586,40 mg,73
7013,Esoral MUPS,allopathic,49,587,20 mg,73
7014,Esoral MUPS,allopathic,49,587,40 mg,73
7015,Esosil,allopathic,4,586,20 mg,212
7016,Esotac,allopathic,4,586,20 mg,150
7017,Esotac,allopathic,4,586,40 mg,150
7018,Esotac,allopathic,38,586,40 mg/vial,150
7019,Esotac,allopathic,95,586,20 mg,150
7020,Esotac,allopathic,95,586,40 mg,150
7021,Esotem,allopathic,4,586,20 mg,224
7022,Esotem,allopathic,4,586,40 mg,224
7023,Esotid,allopathic,4,586,20 mg,165
7024,Esotid,allopathic,4,586,40 mg,165
7025,Esotid,allopathic,38,586,40 mg/vial,165
7026,Esotid,allopathic,95,586,20 mg,165
7027,Esotid,allopathic,95,586,40 mg,165
7028,Esotid HP,allopathic,92,588,20 mg+1000 mg+500 mg,165
7029,Esotid MUPS,allopathic,49,587,20 mg,165
7030,Esotid MUPS,allopathic,49,587,40 mg,165
7031,Esotor,allopathic,4,586,20 mg,155
7032,Esotor,allopathic,4,586,40 mg,155
7033,Esotor,allopathic,95,586,20 mg,155
7034,Esotor,allopathic,95,586,40 mg,155
7035,Esotron,allopathic,95,586,20 mg,113
7036,Esover,allopathic,4,586,20 mg,233
7037,Esover,allopathic,4,586,40 mg,233
7038,Esovir,allopathic,95,586,20 mg,235
7039,Esoxen,allopathic,94,1134,375 mg+20 mg,167
7040,Esoxen,allopathic,94,1134,500 mg+20 mg,167
7041,Esoz,allopathic,4,586,20 mg,27
7042,Esoz,allopathic,4,586,40 mg,27
7043,Esoz,allopathic,95,586,20 mg,27
7044,Esozol,allopathic,4,586,20 mg,135
7045,ESP,allopathic,2,684,500 mg+22.5 mg,171
7046,Espana,allopathic,92,614,120 mg,231
7047,Espana,allopathic,92,614,90 mg,231
7048,Espazole,allopathic,4,586,20 mg,24
7049,Espirar,allopathic,28,946,,188
7050,Esprazo,allopathic,4,586,20 mg,173
7051,Esru,allopathic,95,586,20 mg,
7052,Estarex,allopathic,92,583,10 mg,206
7053,Estarex,allopathic,92,583,5 mg,206
7054,Estazol,allopathic,9,34,400 mg,105
7055,Estazol,allopathic,70,34,200 mg/5 ml,105
7056,Estracon,allopathic,92,415,0.625 mg,196
7057,Estracon,allopathic,107,414,0.625 mg/gm,196
7058,Esypan,allopathic,92,389,0.5 mg,212
7059,Esypan,allopathic,92,389,2 mg,212
7060,E-Tab,herbal,9,1681,200 IU,4
7061,Etacept,allopathic,80,595,25 mg/0.5 ml,101
7062,Etacept,allopathic,80,595,50 mg/ml,101
7063,E-Tan,allopathic,92,982,50 mg,67
7064,Eteen,allopathic,91,541,5 mg/5 ml,75
7065,Eteen,allopathic,92,541,10 mg,75
7066,Etform,allopathic,92,1039,500 mg,206
7067,Ethibion,allopathic,24,,(100 mg+100 mg+1 mg)/3 ml,74
7068,Ethibion,allopathic,92,,100 mg+200 mg+200 mcg,74
7069,Ethidin,allopathic,92,1368,150 mg,74
7070,Ethifen,allopathic,91,899,1 mg/5 ml,74
7071,Ethifen,allopathic,92,899,1 mg,74
7072,Ethinor,allopathic,92,1178,5 mg,73
7073,Ethiplex,allopathic,91,1669,,74
7074,Ethiplex-Z,allopathic,91,1671,,74
7075,Ethiplex-Z,allopathic,92,1671,,74
7076,Ethiplex-ZI,allopathic,91,861,,74
7077,Ethivit-B,allopathic,92,1669,,74
7078,Ethivit-M,allopathic,92,1098,,74
7079,Ethro,allopathic,75,580,125 mg/5 ml,179
7080,Etizin,allopathic,91,324,5 mg/5 ml,67
7081,Etizin,allopathic,92,324,10 mg,67
7082,Etnol,allopathic,92,123,100 mg,37
7083,Etnol,allopathic,92,123,50 mg,37
7084,Eto,allopathic,92,614,120 mg,62
7085,Eto,allopathic,92,614,60 mg,62
7086,Eto,allopathic,92,614,90 mg,62
7087,Etoben,allopathic,92,614,120 mg,34
7088,Etoben,allopathic,92,614,90 mg,34
7089,Etocox,allopathic,92,614,120 mg,84
7090,Etocox,allopathic,92,614,60 mg,84
7091,Etocox,allopathic,92,614,90 mg,84
7092,Etofax,allopathic,92,614,120 mg,181
7093,Etofax,allopathic,92,614,60 mg,181
7094,Etofax,allopathic,92,614,90 mg,181
7095,Etoflam,allopathic,92,614,120 mg,114
7096,Etoflam,allopathic,92,614,60 mg,114
7097,Etoflam,allopathic,92,614,90 mg,114
7098,Etogesic SR,allopathic,100,612,600 mg,4
7099,Etol,allopathic,91,1419,2 mg/5 ml,67
7100,Etolac,allopathic,26,896,30 mg/ml,105
7101,Etolac,allopathic,26,896,60 mg/2 ml,105
7102,Etolac,allopathic,62,897,0.50%,105
7103,Etolac,allopathic,92,896,10 mg,105
7104,Etonil,allopathic,92,614,120 mg,180
7105,Etonil,allopathic,92,614,60 mg,180
7106,Etonil,allopathic,92,614,90 mg,180
7107,Etonov,allopathic,92,614,60 mg,160
7108,Etonov,allopathic,92,614,90 mg,160
7109,Etopira,allopathic,92,1600,25 mg,229
7110,Etopira,allopathic,92,1600,50 mg,229
7111,Etorac,allopathic,26,896,30 mg/ml,106
7112,Etorac,allopathic,26,896,60 mg/2 ml,106
7113,Etorac,allopathic,92,896,10 mg,106
7114,Etorgin,allopathic,92,614,120 mg,54
7115,Etorgin,allopathic,92,614,90 mg,54
7116,Etorica,allopathic,92,614,120 mg,122
7117,Etorica,allopathic,92,614,60 mg,122
7118,Etorica,allopathic,92,614,90 mg,122
7119,Etoricoxib,allopathic,92,614,120 mg,42
7120,Etoricoxib,allopathic,92,614,120 mg,239
7121,Etoricoxib,allopathic,92,614,60 mg,42
7122,Etoricoxib,allopathic,92,614,60 mg,239
7123,Etoricoxib,allopathic,92,614,90 mg,42
7124,Etoricoxib,allopathic,92,614,90 mg,186
7125,Etoricoxib,allopathic,92,614,90 mg,239
7126,Etoriflex,allopathic,92,614,60 mg,215
7127,Etoriflex,allopathic,92,614,90 mg,215
7128,Etorix,allopathic,92,614,120 mg,73
7129,Etorix,allopathic,92,614,60 mg,73
7130,Etorix,allopathic,92,614,90 mg,73
7131,Etoshine,allopathic,92,614,120 mg,219
7132,Etoshine,allopathic,92,614,60 mg,219
7133,Etoshine,allopathic,92,614,90 mg,219
7134,Etosis,allopathic,92,614,120 mg,167
7135,Etosis,allopathic,92,614,90 mg,167
7136,Etostar,allopathic,92,614,120 mg,163
7137,Etostar,allopathic,92,614,90 mg,163
7138,Etovan,allopathic,92,614,120 mg,25
7139,Etovan,allopathic,92,614,60 mg,25
7140,Etovan,allopathic,92,614,90 mg,25
7141,Etox,allopathic,92,614,60 mg,98
7142,Etox,allopathic,92,614,90 mg,98
7143,Etoxib,allopathic,92,614,60 mg,89
7144,Etoxib,allopathic,92,614,90 mg,89
7145,ETP,allopathic,92,549,25 mg,31
7146,ETP,allopathic,92,549,50 mg,31
7147,Etrax,allopathic,91,934,40 mg/5 ml,2
7148,Etrax,allopathic,92,934,40 mg,2
7149,Etriam,allopathic,11,544,1%+0.1%,73
7150,Etrib,allopathic,92,614,60 mg,155
7151,Etrib,allopathic,92,614,90 mg,155
7152,Etrifal Ustukhudus,herbal,75,925,,99
7153,Etrocin,allopathic,75,580,125 mg/5 ml,35
7154,Etrocin,allopathic,92,580,500 mg,35
7155,Eucera,allopathic,11,1638,10% w/w,229
7156,Eucilone,allopathic,25,1614,40 mg/ml,180
7157,Eucon,allopathic,26,1368,50 mg/2 ml,173
7158,Eucon,allopathic,92,1368,150 mg,173
7159,Eucot,allopathic,26,783,100 mg/2 ml,180
7160,Eucron,allopathic,92,721,80 mg,75
7161,Eudaxen,allopathic,92,491,50 mg,76
7162,Eudrate,allopathic,11,1638,10% w/w,106
7163,Eukrim,allopathic,11,1638,10% w/w,35
7164,Eumovate,allopathic,11,386,0.05%,88
7165,Eumovate,allopathic,58,386,0.05%,88
7166,Euphor,allopathic,92,670,0.5 mg+10 mg,37
7167,Eupi,allopathic,4,1199,20 mg,180
7168,Eupi,allopathic,4,1199,40 mg,180
7169,Eupi,allopathic,38,1199,40 mg/vial,180
7170,Eurix,allopathic,75,316,125 mg/5 ml,74
7171,Eurix,allopathic,92,316,250 mg,74
7172,Eurix,allopathic,92,316,500 mg,74
7173,Eurix CV,allopathic,75,317,(125 mg+31.25 mg)/5 ml,74
7174,Eurix CV,allopathic,92,317,250 mg+62.5 mg,74
7175,Eurix CV,allopathic,92,317,500 mg+125 mg,74
7176,Euro Gel,allopathic,23,597,66%+3.5%,75
7177,Euro Hand Sanitizer,allopathic,23,868,75%+0.125%+1.45%,75
7178,Euro Oral Salaine,allopathic,67,1205,13.95 gm,75
7179,Eurocal,allopathic,92,253,500 mg,75
7180,Eurocal-D,allopathic,92,257,500 mg+200 IU,75
7181,Eurofil,allopathic,92,1455,50 mg,158
7182,Eurolac,allopathic,26,896,30 mg/ml,75
7183,Eurolac,allopathic,26,896,60 mg/2 ml,75
7184,Eurolac,allopathic,92,896,10 mg,75
7185,Europlex,allopathic,91,1669,,75
7186,Europlex-Z,allopathic,91,1671,,75
7187,EuroSeas,allopathic,91,1097,,75
7188,Eurovit-C,allopathic,9,1676,250 mg,75
7189,Eusef,allopathic,2,321,500 mg,89
7190,Eusef,allopathic,26,321,1 gm/vial,89
7191,Eusef,allopathic,26,321,500 mg/vial,89
7192,Eusef,allopathic,72,321,125 mg/1.25 ml,89
7193,Eusef,allopathic,75,321,125 mg/5 ml,89
7194,Eusef DS,allopathic,75,321,250 mg/5 ml,89
7195,Eusoft,allopathic,11,1638,10% w/w,142
7196,Euthycin,allopathic,92,951,50 mcg,106
7197,Euticin,allopathic,67,692,3 gm/sachet,106
7198,EV Plex B,allopathic,91,1669,,194
7199,EV Plex B,allopathic,92,1669,,194
7200,Evagren,allopathic,92,1524,,106
7201,Eval,allopathic,91,1492,250 mg/5 ml,229
7202,Eval,allopathic,92,1492,250 mg,229
7203,Eval CR,allopathic,93,1492,200 mg,229
7204,Eval CR,allopathic,93,1492,300 mg,229
7205,Eval CR,allopathic,93,1492,500 mg,229
7206,Evalin,allopathic,92,490,5 mg,25
7207,Evania,allopathic,92,556,10 mg,101
7208,Evania,allopathic,92,556,25 mg,101
7209,Evarin,allopathic,92,1012,135 mg,62
7210,Evascon,allopathic,92,507,30 mg,196
7211,Evascon,allopathic,92,507,60 mg,196
7212,Everfresh,allopathic,62,290,1%,82
7213,Evidon,herbal,9,1681,200 mg,
7214,Evit,herbal,2,1681,200 mg,217
7215,Evit,herbal,2,1681,400 mg,217
7216,Evit-C,allopathic,9,1676,250 mg,74
7217,Evo,allopathic,37,945,500 mg/100 ml,35
7218,Evo,allopathic,69,945,125 mg/5 ml,35
7219,Evo,allopathic,92,945,250 mg,35
7220,Evo,allopathic,92,945,500 mg,35
7221,Evo,allopathic,92,945,750 mg,35
7222,Evo TS,allopathic,62,944,1.50%,35
7223,Evocin,allopathic,92,945,500 mg,104
7224,Evofix,allopathic,2,304,200 mg,76
7225,Evofix,allopathic,2,304,400 mg,76
7226,Evofix,allopathic,75,304,100 mg/5 ml,76
7227,Evoloxin,allopathic,92,945,500 mg,98
7228,Evonex,allopathic,92,945,500 mg,113
7229,EVV,herbal,9,1681,200 mg,179
7230,Exac,allopathic,92,1368,150 mg,98
7231,Exalin,allopathic,92,1411,10 mg,164
7232,Exalin OS,allopathic,69,1411,5 mg/5 ml,164
7233,Excef,allopathic,2,304,200 mg,48
7234,Excef,allopathic,2,304,400 mg,48
7235,Excef,allopathic,75,304,100 mg/5 ml,48
7236,Exelon,allopathic,2,1399,1.5 mg,156
7237,Exelon,allopathic,2,1399,3 mg,156
7238,Exelon,allopathic,2,1399,4.5 mg,156
7239,Exelon,allopathic,106,1399,13.3 mg/24 h (15 cm),156
7240,Exelon,allopathic,106,1399,4.6 mg/24 h (5 cm),156
7241,Exelon,allopathic,106,1399,9.5 mg/24 h (10 cm),156
7242,Exephin,allopathic,24,315,1 gm/vial,106
7243,Exephin,allopathic,24,315,250 mg/vial,106
7244,Exephin,allopathic,24,315,500 mg/vial,106
7245,Exephin,allopathic,38,315,1 gm/vial,106
7246,Exephin,allopathic,38,315,250 mg/vial,106
7247,Exephin,allopathic,38,315,2 gm/vial,106
7248,Exephin,allopathic,38,315,500 mg/vial,106
7249,Exforge,allopathic,92,87,10 mg+160 mg,156
7250,Exforge,allopathic,92,87,5 mg+160 mg,156
7251,Exformin ER,allopathic,96,1039,1000 mg,219
7252,Exformin ER,allopathic,96,1039,500 mg,219
7253,Exib,allopathic,92,614,60 mg,187
7254,Exiben,allopathic,2,304,200 mg,34
7255,Exiben,allopathic,2,304,400 mg,34
7256,Exiben,allopathic,75,304,100 mg/5 ml,34
7257,Exicof,allopathic,91,510,(14 mg+6.5 mg+2 mg)/5 ml,196
7258,Exifil,allopathic,92,1455,100 mg,108
7259,Exifil,allopathic,92,1455,50 mg,108
7260,Exilok,allopathic,4,586,20 mg,164
7261,Exilok,allopathic,4,586,40 mg,164
7262,Exilok,allopathic,38,586,40 mg/vial,164
7263,Exilok,allopathic,95,586,20 mg,164
7264,Exilok,allopathic,95,586,40 mg,164
7265,Exinil,allopathic,11,544,1%+0.1%,4
7266,Exipain,allopathic,92,9,100 mg,164
7267,Exipro,allopathic,95,1237,20 mg,127
7268,Exipro,allopathic,95,1237,40 mg,127
7269,Exiron,allopathic,39,862,100 mg/5 ml,210
7270,Exitra,allopathic,91,1344,(30 mg+100 mg+1.25 mg)/5 ml,158
7271,Exium,allopathic,4,586,20 mg,191
7272,Exium,allopathic,4,586,40 mg,191
7273,Exium,allopathic,38,586,40 mg/vial,191
7274,Exium MUPS,allopathic,49,587,20 mg,191
7275,Exium MUPS,allopathic,49,587,40 mg,191
7276,Exler,allopathic,92,541,10 mg,191
7277,Exmart-20,allopathic,95,586,20 mg,145
7278,Exolev,allopathic,92,945,500 mg,206
7279,Exome,allopathic,95,586,20 mg,48
7280,Exonid,allopathic,70,642,30 mg/5 ml,225
7281,Exonid,allopathic,92,642,120 mg,225
7282,Exonid,allopathic,92,642,180 mg,225
7283,Exopan,allopathic,95,1237,20 mg,67
7284,Exophan,allopathic,91,485,10 mg/5 ml,21
7285,Exor,allopathic,4,586,20 mg,171
7286,Exor,allopathic,4,586,40 mg,171
7287,Exor,allopathic,38,586,40 mg/vial,171
7288,Exovate,allopathic,11,382,0.05%,35
7289,Exovate,allopathic,58,382,0.05%,35
7290,Exovate N,allopathic,11,383,(0.5 mg+5 mg+1 Lac IU)/gm,35
7291,Exovate N,allopathic,58,383,(0.5 mg+5 mg+1 Lac IU)/gm,35
7292,Expansol,allopathic,37,796,6%+0.9%,106
7293,Expecto,allopathic,91,227,4 mg/5 ml,25
7294,Expillin,allopathic,91,345,2 mg/5 ml,82
7295,Expillin,allopathic,92,345,4 mg,82
7296,Expoten,allopathic,91,1344,(30 mg+100 mg+1.25 mg)/5 ml,73
7297,Expres,allopathic,92,583,10 mg,222
7298,Expres,allopathic,92,583,5 mg,222
7299,Expreso,allopathic,91,747,(200 mg+15 mg+15 mg)/5 ml,240
7300,Extil Plus,allopathic,91,748,(100 mg+1.1 mg+14 mg)/5 ml,108
7301,Extopel,allopathic,91,748,(100 mg+1.1 mg+14 mg)/5 ml,84
7302,Extracef,allopathic,2,321,250 mg,25
7303,Extracef,allopathic,2,321,500 mg,25
7304,Extracef,allopathic,72,321,125 mg/1.25 ml,25
7305,Extracef,allopathic,75,321,125 mg/5 ml,25
7306,Extracef,allopathic,75,321,250 mg/5 ml,25
7307,Extranil,allopathic,26,1327,10 mg/2 ml,84
7308,Extranil,allopathic,92,1327,5 mg,84
7309,Extravit B,allopathic,92,1669,,205
7310,Extravit M,allopathic,92,1098,,205
7311,Extravit Plus,allopathic,2,856,,205
7312,Extravit X,allopathic,92,178,6 mg+200 mg+50 mg,205
7313,Extreme,allopathic,92,443,30 mg,48
7314,Exuten,allopathic,92,669,0.5 mg+10 mg,179
7315,Exworm,allopathic,9,34,400 mg,127
7316,Exworm,allopathic,70,34,200 mg/5 ml,127
7317,Exzilor,allopathic,92,669,0.5 mg+10 mg,219
7318,Eye Gel,allopathic,112,798,2%,164
7319,Eye Relief,allopathic,62,863,99.05%,185
7320,Eyebet,allopathic,62,191,0.10%,106
7321,Eyebrom,allopathic,62,226,0.09%,66
7322,Eyecaf,allopathic,62,36,0.25%,165
7323,Eyedew,allopathic,62,291,0.5%+0.9%,4
7324,Eyefen,allopathic,62,226,0.09%,4
7325,Eyefresh,allopathic,62,804,0.30%,164
7326,Eyelia,allopathic,62,218,0.03%,101
7327,Eyemist,allopathic,60,292,0.25%+0.3%,165
7328,Eyemox,allopathic,62,1089,0.50%,4
7329,Eyemox-D,allopathic,62,1091,0.5%+0.1%,4
7330,Eyephen,allopathic,62,331,0.50%,101
7331,Eyephen Plus,allopathic,62,472,0.1%+0.5%,101
7332,Eye-Q,allopathic,20,,,153
7333,Eyerin,allopathic,62,1303,5% v/v,164
7334,Eyetear,allopathic,62,1303,5% v/v,66
7335,Eyetin,allopathic,62,176,1.50%,4
7336,Eyetrop,allopathic,62,1624,1%,20
7337,Eyevi,allopathic,20,,,217
7338,Eylon,allopathic,62,664,0.1%+0.025%,105
7339,Eytex,allopathic,61,474,0.1%+0.3%,153
7340,Eytex,allopathic,62,474,0.1%+0.3%,153
7341,Eytob,allopathic,62,1590,0.30%,150
7342,EZ-20,allopathic,4,586,20 mg,141
7343,Ezair,allopathic,92,1086,10 mg,158
7344,Ezemove,allopathic,92,9,100 mg,90
7345,E-Zen,herbal,9,1681,200 mg,239
7346,Ezeta,allopathic,92,619,10 mg,35
7347,Ezetim,allopathic,92,619,10 mg,106
7348,Ezetrol,allopathic,92,619,10 mg,229
7349,Ezevent,allopathic,92,1086,10 mg,114
7350,Ezex,allopathic,11,386,0.05%,217
7351,Ezex,allopathic,58,386,0.05%,217
7352,Ezide,allopathic,92,721,80 mg,67
7353,Eziflo,allopathic,6,1535,0.4 mg,37
7354,Eziflo-D,allopathic,2,1536,0.4 mg+0.5 mg,37
7355,Ezipas,allopathic,6,1535,0.4 mg,127
7356,Eziride,allopathic,9,803,150 mcg,165
7357,Ezith,allopathic,75,142,200 mg/5 ml,67
7358,Ezith,allopathic,92,142,250 mg,67
7359,Ezith,allopathic,92,142,500 mg,67
7360,Ezitor,allopathic,92,127,10 mg+10 mg,150
7361,Ezitor,allopathic,92,127,20 mg+10 mg,150
7362,Ezolid,allopathic,92,964,400 mg,2
7363,Ezolid,allopathic,92,964,600 mg,2
7364,Ezy,allopathic,2,318,100 mg,73
7365,Ezy,allopathic,2,318,200 mg,73
7366,EzyColon,allopathic,67,1487,(10 mg+3.5 gm+12 gm)/sachet,180
7367,EzyColon,allopathic,74,1487,(10 mg+3.5 gm+12 gm)/160 ml,180
7368,Ezyfeel,allopathic,92,1486,10 mg,75
7369,Ezykof,allopathic,91,1344,(30 mg+100 mg+1.25 mg)/5 ml,185
7370,Ezykof Plus,allopathic,91,748,(100 mg+1.1 mg+14 mg)/5 ml,185
7371,Ezylax,allopathic,69,911,3.35 gm/5 ml,171
7372,Ezylife,allopathic,69,1486,5 mg/5 ml,180
7373,Ezylife,allopathic,92,1486,10 mg,180
7374,Ezylife Kids,allopathic,69,1486,5 mg/5 ml,180
7375,Ezymas,allopathic,92,565,50 mg,157
7376,Ezymilk,allopathic,72,906,0.11 gm/ml,106
7377,Ezyout,allopathic,69,1486,5 mg/5 ml,120
7378,F+F,allopathic,8,640,150 mg+0.5 mg,239
7379,Fabetor,allopathic,92,614,120 mg,178
7380,Fabetor,allopathic,92,614,60 mg,178
7381,Fabetor,allopathic,92,614,90 mg,178
7382,Facid,allopathic,11,1480,2%,73
7383,Facid,allopathic,58,1480,2%,73
7384,Facid,allopathic,92,1479,250 mg,73
7385,Facid BT,allopathic,11,694,2%+0.1%,73
7386,Facid HC,allopathic,11,699,2%+1%,73
7387,Facticin,allopathic,92,712,320 mg,217
7388,Factiq,allopathic,92,712,320 mg,143
7389,Falcon,allopathic,2,652,150 mg,74
7390,Falcon,allopathic,2,652,50 mg,74
7391,Famicef,allopathic,26,316,750 mg/vial,4
7392,Famicef,allopathic,38,316,1.5 gm/vial,4
7393,Famicef,allopathic,75,316,125 mg/5 ml,4
7394,Famicef,allopathic,92,316,250 mg,4
7395,Famicef,allopathic,92,316,500 mg,4
7396,Famicef DS,allopathic,75,316,250 mg/5 ml,4
7397,Famiclav,allopathic,75,317,(125 mg+31.25 mg)/5 ml,4
7398,Famiclav,allopathic,92,317,250 mg+62.5 mg,4
7399,Famiclav,allopathic,92,317,500 mg+125 mg,4
7400,Famina,allopathic,2,856,,212
7401,Famina Z,allopathic,2,287,,212
7402,Famodin,allopathic,75,621,40 mg/5 ml,4
7403,Famodin,allopathic,92,621,20 mg,4
7404,Famodin,allopathic,92,621,40 mg,4
7405,Famogen,allopathic,75,621,40 mg/5 ml,84
7406,Famoloc,allopathic,75,621,40 mg/5 ml,37
7407,Famoloc,allopathic,92,621,20 mg,37
7408,Famoloc,allopathic,92,621,40 mg,37
7409,Famomax,allopathic,75,621,40 mg/5 ml,35
7410,Famomax,allopathic,92,621,20 mg,35
7411,Famomax,allopathic,92,621,40 mg,35
7412,Famonix,allopathic,75,621,40 mg/5 ml,53
7413,Famotack,allopathic,75,621,40 mg/5 ml,217
7414,Famotack,allopathic,92,621,20 mg,217
7415,Famotack,allopathic,92,621,40 mg,217
7416,Famotid,allopathic,75,621,40 mg/5 ml,66
7417,Famotid,allopathic,92,621,20 mg,66
7418,Famotin,allopathic,92,621,20 mg,
7419,Famotin,allopathic,92,621,40 mg,
7420,Famvir,allopathic,92,620,250 mg,206
7421,Fap,allopathic,92,1238,500 mg,31
7422,Fap Plus,allopathic,92,1240,500 mg+65 mg,31
7423,Fapdol,allopathic,92,,325 mg+37.5 mg,31
7424,Fapiravir,allopathic,92,622,200 mg,101
7425,Fapravir,allopathic,92,622,200 mg,196
7426,Fardox,allopathic,2,533,100 mg,179
7427,Farin,allopathic,92,1685,1 mg,53
7428,Farin,allopathic,92,1685,2 mg,53
7429,Farin,allopathic,92,1685,5 mg,53
7430,Farlan,allopathic,92,652,150 mg,62
7431,Farlan,allopathic,92,652,50 mg,62
7432,Farmorubicin,allopathic,37,568,2 mg/ml,175
7433,Fast,allopathic,70,1238,120 mg/5 ml,4
7434,Fast,allopathic,72,1238,80 mg/ml,4
7435,Fast,allopathic,89,1238,125 mg,4
7436,Fast,allopathic,89,1238,250 mg,4
7437,Fast,allopathic,89,1238,500 mg,4
7438,Fast,allopathic,92,1238,500 mg,4
7439,Fast Plus,allopathic,92,1240,500 mg+65 mg,4
7440,Fast XR,allopathic,96,1238,665 mg,4
7441,Fastact,allopathic,70,642,30 mg/5 ml,90
7442,Fastact,allopathic,92,642,120 mg,90
7443,Fastcut,allopathic,11,1046,30%+8%,173
7444,Fastdol,allopathic,92,,325 mg+37.5 mg,4
7445,Fastel,allopathic,92,642,120 mg,191
7446,Fastel,allopathic,92,642,180 mg,191
7447,Fatisol,allopathic,37,845,10%,185
7448,Favigan,allopathic,92,622,200 mg,240
7449,Favilar,allopathic,92,622,200 mg,185
7450,Favinil,allopathic,92,622,200 mg,217
7451,Favipir,allopathic,92,622,200 mg,73
7452,Favipira,allopathic,92,622,200 mg,31
7453,Favira,allopathic,92,622,200 mg,66
7454,Favirab,allopathic,24,1359,1000 IU/5 ml,222
7455,Faviravir,allopathic,92,622,200 mg,2
7456,Favirest,allopathic,92,622,200 mg,76
7457,Favitab,allopathic,92,622,200 mg,105
7458,Favivir,allopathic,92,622,200 mg,165
7459,Faxilin,allopathic,2,651,250 mg,120
7460,Faxilin,allopathic,2,651,500 mg,120
7461,Faxilin,allopathic,75,651,125 mg/5 ml,120
7462,FBC,allopathic,8,855,,173
7463,FD-120,allopathic,92,642,120 mg,82
7464,FD-60,allopathic,92,642,60 mg,82
7465,Fea,allopathic,70,1238,120 mg/5 ml,150
7466,Fea,allopathic,92,1238,500 mg,150
7467,Fea Plus,allopathic,92,1240,500 mg+65 mg,150
7468,Fea XR,allopathic,96,1238,665 mg,150
7469,Febox,allopathic,92,623,40 mg,66
7470,Febulas,allopathic,92,623,40 mg,62
7471,Feburen,allopathic,92,623,40 mg,196
7472,Feburen,allopathic,92,623,80 mg,196
7473,Febus,allopathic,92,623,40 mg,2
7474,Febus,allopathic,92,623,80 mg,2
7475,Febustat,allopathic,92,623,80 mg,106
7476,Febux,allopathic,92,623,40 mg,25
7477,Febux,allopathic,92,623,40 mg,143
7478,Fecilax,herbal,17,1346,(3.5 gm+7.5 mg)/5.38 gm,4
7479,Fecon BC,allopathic,2,855,,9
7480,Fecon TR,allopathic,8,640,150 mg+0.5 mg,9
7481,Fecon-Z,allopathic,8,641,150 mg+0.5 mg+61.8 mg,9
7482,Fedrin,allopathic,30,566,25 mg/5 ml,113
7483,Feelbe TR,allopathic,8,641,150 mg+0.5 mg+61.8 mg,98
7484,Feelfree,allopathic,108,907,1.8%+1%+0.4%,150
7485,Feelnor MR,allopathic,98,1622,35 mg,106
7486,Fefa TR,allopathic,8,641,150 mg+0.5 mg+61.8 mg,153
7487,Fefovit,allopathic,2,855,,88
7488,Fefun,allopathic,70,1183,100000 unit/ml,17
7489,Feglo-FZ,allopathic,92,635,48 mg+0.5 mg+22.5 mg,2
7490,Fegra,allopathic,92,642,120 mg,48
7491,Felo,allopathic,92,147,10 mg,108
7492,Felo,allopathic,92,147,5 mg,108
7493,Feluric,allopathic,92,623,40 mg,101
7494,Feluric,allopathic,92,623,80 mg,101
7495,Femanol,allopathic,92,669,0.5 mg+10 mg,119
7496,Femara,allopathic,92,932,2.5 mg,156
7497,Femastin,allopathic,92,592,1 mg,217
7498,Femastin,allopathic,107,593,0.10%,217
7499,Fematos,allopathic,39,630,100 mg/2 ml,84
7500,Fematos,allopathic,39,630,1 gm/20 ml,84
7501,Fematos,allopathic,39,630,500 mg/10 ml,84
7502,Femavit Forte,allopathic,2,287,,157
7503,Femex,allopathic,91,66,15 mg/5 ml,89
7504,Femicap,allopathic,2,637,200 mg+200 mcg,113
7505,Femicon,allopathic,92,1180,0.3 mg+0.03 mg+75 mg,114
7506,Femikit,allopathic,92,1066,200 mg+200 mcg,73
7507,Feminor,allopathic,92,1178,5 mg,4
7508,Femipil,allopathic,92,606,0.03 mg+0.15 mg+75 mg,35
7509,Femitab,allopathic,92,637,200 mg+200 mcg,113
7510,Femiton,herbal,92,1082,500 mg,4
7511,Femixit,allopathic,92,669,0.5 mg+10 mg,143
7512,Femorose,herbal,2,617,1000 mg,106
7513,Femzole,allopathic,92,932,2.5 mg,35
7514,Fenacin,allopathic,92,9,100 mg,153
7515,Fenadin,allopathic,70,642,30 mg/5 ml,196
7516,Fenadin,allopathic,92,642,120 mg,196
7517,Fenadin,allopathic,92,642,180 mg,196
7518,Fenadin,allopathic,92,642,60 mg,196
7519,Fenamic,allopathic,70,1019,50 mg/5 ml,35
7520,Fenargic,allopathic,92,642,120 mg,192
7521,Fenasol,allopathic,62,226,0.09%,119
7522,Fenat,allopathic,62,898,0.03%,66
7523,Fenat,allopathic,91,899,1 mg/5 ml,66
7524,Fenat,allopathic,92,899,1 mg,66
7525,Fenaton,allopathic,92,1019,500 mg,66
7526,Fenatrol,allopathic,2,625,200 mg,66
7527,Fenatrol,allopathic,92,625,145 mg,66
7528,Fenaxo,allopathic,70,642,30 mg/5 ml,119
7529,Fenaxo,allopathic,92,642,120 mg,119
7530,Fenaxo,allopathic,92,642,180 mg,119
7531,Fenaxo,allopathic,92,642,60 mg,119
7532,Fenazine,allopathic,27,671,25 mg/ml,106
7533,Fengel,allopathic,22,494,1% w/w,179
7534,Fengel,allopathic,92,494,50 mg,179
7535,Fengel SR,allopathic,100,494,100 mg,179
7536,Fenimex,allopathic,26,1268,45.5 mg/2 ml,225
7537,Fenitab,allopathic,92,1498,200 mg,73
7538,Fenobac,allopathic,69,147,5 mg/5 ml,73
7539,Fenobac,allopathic,92,147,10 mg,73
7540,Fenobac,allopathic,92,147,5 mg,73
7541,Fenobate,allopathic,2,625,200 mg,196
7542,Fenocap,allopathic,2,625,200 mg,171
7543,Fenocol,allopathic,2,625,200 mg,174
7544,Fenofex,allopathic,70,642,30 mg/5 ml,106
7545,Fenofex,allopathic,92,642,120 mg,106
7546,Fenofex,allopathic,92,642,180 mg,106
7547,Fenofex,allopathic,92,642,60 mg,106
7548,Fenogard,allopathic,2,625,200 mg,14
7549,Fenolid,allopathic,2,625,200 mg,84
7550,Fenorat,allopathic,2,625,200 mg,173
7551,Fenox,allopathic,92,642,120 mg,114
7552,Fentanyl,allopathic,30,626,100 mcg/2 ml,196
7553,Fentanyl Hexal,allopathic,106,626,25 mcg/hour,
7554,Fenticona,allopathic,107,627,2% w/w,155
7555,Fentigal,allopathic,107,627,2% w/w,210
7556,Fentigal VT,allopathic,111,628,600 mg,210
7557,Fentikol,allopathic,107,627,2% w/w,135
7558,Fentizol VT,allopathic,111,628,600 mg,217
7559,Fentyl,allopathic,30,626,100 mcg/2 ml,185
7560,Feocron,allopathic,8,286,50 mg+0.50 mg+61.80 mg,158
7561,Feocron Plus,allopathic,2,287,,158
7562,Feofer,allopathic,39,862,100 mg/5 ml,73
7563,Feofer DS,allopathic,39,862,200 mg/10 ml,73
7564,Feofol,allopathic,8,640,150 mg+0.5 mg,73
7565,Feofol-Cl,allopathic,2,285,50 mg+0.5 mg,73
7566,Feol TR,allopathic,8,641,150 mg+0.5 mg+61.8 mg,135
7567,FeonA FZ,allopathic,92,860,47 mg+0.5 mg+22.5 mg,62
7568,FeonA FZ,allopathic,92,635,48 mg+0.5 mg+22.5 mg,62
7569,FeonA Z,allopathic,2,856,,62
7570,Feosil-Z,allopathic,8,641,150 mg+0.5 mg+61.8 mg,212
7571,Feozin,allopathic,92,684,5 mg+20 mg,73
7572,Fer,allopathic,2,285,50 mg+0.5 mg,167
7573,Ferasirrox,allopathic,14,453,250 mg,229
7574,Feraz,allopathic,8,641,150 mg+0.5 mg+61.8 mg,17
7575,Ferdin,allopathic,92,642,120 mg,202
7576,Ferigun,allopathic,2,637,200 mg+500 mcg,136
7577,Ferigun S,allopathic,91,639,200 mg/5 ml,136
7578,Ferimax,allopathic,39,862,100 mg/5 ml,106
7579,Ferimax,allopathic,39,862,200 mg/10 ml,106
7580,Ferimax,allopathic,39,862,50 mg/2.5 ml,106
7581,Ferina,allopathic,2,637,200 mg+200 mcg,96
7582,Ferinject,allopathic,39,630,100 mg/2 ml,234
7583,Ferinject,allopathic,39,630,500 mg/10 ml,234
7584,Ferintus,allopathic,39,630,100 mg/2 ml,35
7585,Ferintus,allopathic,39,630,500 mg/10 ml,35
7586,Feripon,allopathic,92,454,500 mg,66
7587,Ferisen,allopathic,39,630,100 mg/2 ml,101
7588,Ferisen,allopathic,39,630,1 gm/20 ml,101
7589,Ferisen,allopathic,39,630,500 mg/10 ml,101
7590,Feristar,allopathic,39,862,100 mg/5 ml,196
7591,Ferium,allopathic,39,630,500 mg/10 ml,196
7592,Ferix-V,allopathic,8,286,50 mg+0.50 mg+61.80 mg,196
7593,Feriz TR,allopathic,8,641,150 mg+0.5 mg+61.8 mg,136
7594,Fermid,allopathic,92,387,50 mg,82
7595,Fero Plus,allopathic,92,637,200 mg+400 mcg,17
7596,Fero TR,allopathic,8,637,200 mg+200 mcg,17
7597,Feroblood,allopathic,91,639,200 mg/5 ml,29
7598,Ferocit TR,allopathic,8,640,150 mg+0.5 mg,4
7599,Ferocit-Z,allopathic,8,641,150 mg+0.5 mg+61.8 mg,4
7600,Ferocom,allopathic,2,856,,204
7601,Ferodin,herbal,2,1120,500 mg,4
7602,Ferofe Z TR,allopathic,8,637,200 mg+200 mcg,8
7603,Ferofol,allopathic,92,637,200 mg+350 mcg,104
7604,Ferofolin TR,allopathic,8,641,150 mg+0.5 mg+61.8 mg,32
7605,Ferofol-Z,allopathic,8,641,150 mg+0.5 mg+61.8 mg,46
7606,Ferogurd,allopathic,8,641,150 mg+0.5 mg+61.8 mg,204
7607,Ferolet BC,allopathic,2,855,,194
7608,Ferolet TR Plus,allopathic,8,641,150 mg+0.5 mg+61.8 mg,194
7609,Ferol-TR,allopathic,8,641,150 mg+0.5 mg+61.8 mg,165
7610,Feromat,allopathic,91,639,200 mg/5 ml,179
7611,Feroplus,allopathic,70,636,100 mg/5 ml,173
7612,Feroplus TR,allopathic,8,637,200 mg+200 mcg,173
7613,Feroplus Z SR,allopathic,7,641,150 mg+0.5 mg+61.8 mg,173
7614,Feropreg TR,allopathic,8,286,50 mg+0.50 mg+61.80 mg,17
7615,Feroson,allopathic,70,636,100 mg/5 ml,104
7616,Feroson,allopathic,70,637,100 mg/5 ml,104
7617,Feroson TR,allopathic,8,640,150 mg+0.5 mg,104
7618,Feroson-TR,allopathic,8,637,200 mg+500 mcg,104
7619,Ferospan,allopathic,8,640,150 mg+0.5 mg,66
7620,Ferotab,allopathic,92,857,188 mg+0.50 mg+61.8 mg,233
7621,Feroven,allopathic,39,862,100 mg/5 ml,171
7622,Ferovit TR,allopathic,8,855,,104
7623,Ferovit TR,allopathic,8,641,150 mg+0.5 mg+61.8 mg,104
7624,Ferox,allopathic,39,630,100 mg/2 ml,2
7625,Ferox,allopathic,39,630,500 mg/10 ml,2
7626,Feroz,allopathic,8,641,150 mg+0.5 mg+61.8 mg,29
7627,Ferozi,allopathic,8,641,150 mg+0.5 mg+61.8 mg,66
7628,Ferozi-CI,allopathic,8,286,50 mg+0.50 mg+61.80 mg,66
7629,Ferritin-TR,allopathic,8,640,150 mg+0.5 mg,16
7630,Ferroglobin,allopathic,91,639,200 mg/5 ml,4
7631,Ferrolin TR,allopathic,8,641,150 mg+0.5 mg+61.8 mg,171
7632,Ferron-TR,allopathic,8,637,200 mg+200 mcg,120
7633,Ferrosobin G,allopathic,91,638,300 mg/5 ml,207
7634,Ferro-Z TR,allopathic,8,641,150 mg+0.5 mg+61.8 mg,67
7635,Ferrum,allopathic,91,639,200 mg/5 ml,141
7636,Fertil,allopathic,92,387,50 mg,35
7637,Fertimax,allopathic,2,101,,78
7638,Fer-V,allopathic,2,287,,167
7639,Fer-Z,allopathic,8,286,50 mg+0.50 mg+61.80 mg,167
7640,Fesler,allopathic,70,642,30 mg/5 ml,143
7641,Fesler,allopathic,92,642,120 mg,143
7642,Fesler,allopathic,92,642,180 mg,143
7643,Festam,allopathic,22,895,2.5% w/w,173
7644,Feva,allopathic,70,1238,120 mg/5 ml,5
7645,Feva,allopathic,72,1238,80 mg/ml,5
7646,Feva,allopathic,89,1238,125 mg,5
7647,Feva,allopathic,89,1238,250 mg,5
7648,Feva,allopathic,89,1238,500 mg,5
7649,Feva,allopathic,92,1238,500 mg,5
7650,Feva Plus,allopathic,92,1240,500 mg+65 mg,5
7651,Fevac,allopathic,70,1238,120 mg/5 ml,171
7652,Fevac,allopathic,92,1238,500 mg,171
7653,Fevac Extend,allopathic,96,1238,665 mg,171
7654,Fevedol,allopathic,92,,325 mg+37.5 mg,66
7655,Feverin,allopathic,92,1160,100 mg,84
7656,Fevigra,allopathic,92,650,100 mg,150
7657,Feviz Plus,allopathic,2,859,,185
7658,Fevnil,herbal,91,900,,99
7659,Fevrex Plus,allopathic,92,1240,500 mg+65 mg,160
7660,Fexadyne,allopathic,92,642,120 mg,24
7661,Fexan,allopathic,92,1388,200 mg,66
7662,Fexan,allopathic,92,1388,550 mg,66
7663,Fexirin,allopathic,92,642,120 mg,235
7664,Fexirin,allopathic,92,642,180 mg,235
7665,Fexo,allopathic,70,642,30 mg/5 ml,217
7666,Fexo,allopathic,92,642,120 mg,217
7667,Fexo,allopathic,92,642,180 mg,217
7668,Fexo,allopathic,92,642,60 mg,217
7669,Fexocold,allopathic,92,642,120 mg,60
7670,Fexocon,allopathic,70,642,30 mg/5 ml,53
7671,Fexocon,allopathic,92,642,120 mg,53
7672,Fexocon,allopathic,92,642,180 mg,53
7673,Fexodin,allopathic,70,642,30 mg/5 ml,173
7674,Fexodin,allopathic,92,642,120 mg,173
7675,Fexofast,allopathic,70,642,30 mg/5 ml,66
7676,Fexofast,allopathic,92,642,120 mg,66
7677,Fexofast,allopathic,92,642,180 mg,66
7678,Fexofast,allopathic,92,642,60 mg,66
7679,Fexofeda,allopathic,92,642,120 mg,75
7680,Fexofeda,allopathic,92,642,180 mg,75
7681,Fexofen,allopathic,70,642,30 mg/5 ml,215
7682,Fexofen,allopathic,92,642,120 mg,215
7683,Fexofen,allopathic,92,642,180 mg,215
7684,Fexole,allopathic,92,642,120 mg,36
7685,Fexomax,allopathic,92,642,60 mg,160
7686,Fexomin,allopathic,70,642,30 mg/5 ml,105
7687,Fexomin,allopathic,92,642,120 mg,105
7688,Fexomin,allopathic,92,642,180 mg,105
7689,Fexomin,allopathic,92,642,60 mg,105
7690,Fexon,allopathic,92,642,120 mg,27
7691,Fexon,allopathic,92,642,180 mg,27
7692,Fexona,allopathic,70,642,30 mg/5 ml,89
7693,Fexona,allopathic,92,642,120 mg,89
7694,Fexona,allopathic,92,642,180 mg,89
7695,Fexonaaf,allopathic,70,642,30 mg/5 ml,149
7696,Fexonaaf,allopathic,92,642,120 mg,149
7697,Fexoral,allopathic,70,642,30 mg/5 ml,185
7698,Fexoral,allopathic,92,642,120 mg,185
7699,Fexoral,allopathic,92,642,180 mg,185
7700,Fexorush,allopathic,92,642,180 mg,60
7701,Fexotab,allopathic,92,642,120 mg,233
7702,Fexotab,allopathic,92,642,180 mg,233
7703,Fexozen,allopathic,92,642,120 mg,239
7704,Fexozen,allopathic,92,642,60 mg,239
7705,Fexsil,allopathic,70,642,30 mg/5 ml,211
7706,Fexsil,allopathic,92,669,0.5 mg+10 mg,211
7707,Fexsil,allopathic,92,642,120 mg,211
7708,Fexsil,allopathic,92,642,180 mg,211
7709,Fexten,allopathic,70,642,30 mg/5 ml,155
7710,Fexten,allopathic,92,642,120 mg,155
7711,Fexten,allopathic,92,642,60 mg,155
7712,Fextive,allopathic,92,642,120 mg,226
7713,Fe-Z,allopathic,8,641,150 mg+0.5 mg+61.8 mg,141
7714,Fezifol-TR,allopathic,8,641,150 mg+0.5 mg+61.8 mg,231
7715,Fezin-CI,allopathic,8,286,50 mg+0.50 mg+61.80 mg,197
7716,Feziplex,allopathic,91,861,,4
7717,Fezol,allopathic,92,932,2.5 mg,4
7718,Fezovit,allopathic,91,861,,
7719,F-Gurd,allopathic,11,183,0.05%+1%,74
7720,Fiberlax,allopathic,17,872,3.5 gm/5.4 gm,106
7721,Fiberlax Ultra,herbal,16,874,(3.5 gm+135 mg)/sachet,106
7722,Fibi,allopathic,92,1238,500 mg,145
7723,Fibi Plus,allopathic,92,1240,500 mg+65 mg,145
7724,Fibi Plus,allopathic,92,1240,500 mg+65 mg,223
7725,Fibolac,allopathic,67,909,10 gm/sachet,191
7726,Fibosyl,allopathic,17,872,3.5 gm/5.4 gm,25
7727,Fibosyl,allopathic,17,872,3.5 gm/sachet,25
7728,Fibre,allopathic,2,625,200 mg,226
7729,Fibrino,allopathic,2,1605,500 mg,73
7730,Fibrino,allopathic,26,1605,500 mg/5 ml,73
7731,Fibropress,allopathic,92,1633,5 mg,161
7732,Fibrostat,allopathic,2,1605,500 mg,89
7733,Fibrostat,allopathic,26,1605,500 mg/5 ml,89
7734,Fibroz,allopathic,2,1162,100 mg,31
7735,Fibroz,allopathic,2,1162,150 mg,31
7736,Ficef,allopathic,2,299,500 mg,229
7737,Ficef,allopathic,75,299,125 mg/5 ml,229
7738,Ficlox,allopathic,2,401,500 mg,222
7739,Ficlox,allopathic,30,401,500 mg/vial,222
7740,Ficlox,allopathic,75,401,125 mg/5 ml,222
7741,Fightex,allopathic,92,316,250 mg,96
7742,Fightex,allopathic,92,316,500 mg,96
7743,Filastin,allopathic,40,643,300 mcg/0.5 ml,106
7744,Filazine,allopathic,92,502,100 mg,104
7745,Filfresh,allopathic,92,1022,3 mg,217
7746,Filgen,allopathic,40,643,300 mcg/0.5 ml,25
7747,Filgrast,allopathic,40,643,300 mcg/0.5 ml,31
7748,Filin,allopathic,38,75,125 mg/5 ml,165
7749,Filin,allopathic,92,75,100 mg,165
7750,Filmet,allopathic,37,1057,500 mg/100 ml,35
7751,Filmet,allopathic,70,1057,200 mg/5 ml,35
7752,Filmet,allopathic,92,1057,400 mg,35
7753,Filmet DS,allopathic,92,1057,800 mg,35
7754,Filodox,allopathic,91,531,100 mg/5 ml,150
7755,Filodox,allopathic,92,531,200 mg,150
7756,Filodox,allopathic,92,531,400 mg,150
7757,Filodox SR,allopathic,100,531,400 mg,150
7758,Filtear,allopathic,62,1292,0.4%+0.3%,106
7759,Filwel Gold,allopathic,92,1100,,217
7760,Filwel Kids,allopathic,91,1097,,217
7761,Filwel Silver,allopathic,92,1103,,217
7762,Filwel Teen Hm,allopathic,92,1105,,217
7763,Filwel Teen Hr,allopathic,92,1106,,217
7764,Fimoxyclav,allopathic,38,90,(1 gm+200 mg)/20 ml,222
7765,Fimoxyclav,allopathic,38,90,(500 mg+100 mg)/10 ml,222
7766,Fimoxyclav,allopathic,75,90,(125 mg+31.25 mg)/5 ml,222
7767,Fimoxyclav,allopathic,92,90,250 mg+125 mg,222
7768,Fimoxyclav,allopathic,92,90,500 mg+125 mg,222
7769,Fimoxyclav,allopathic,92,90,875 mg+125 mg,222
7770,Fimoxyclav BID,allopathic,75,90,(400 mg+57.50 mg)/5 ml,222
7771,Fimoxyl,allopathic,2,91,250 mg,222
7772,Fimoxyl,allopathic,2,91,500 mg,222
7773,Fimoxyl,allopathic,72,91,125 mg/1.25 ml,222
7774,Fimoxyl,allopathic,75,91,125 mg/5 ml,222
7775,Fimoxyl DS,allopathic,75,91,250 mg/5 ml,222
7776,Fineron,allopathic,92,646,10 mg,76
7777,Finix,allopathic,4,1358,20 mg,165
7778,Finix,allopathic,87,1358,10 mg,165
7779,Finix,allopathic,95,1358,20 mg,165
7780,Finorex,allopathic,92,646,10 mg,240
7781,Finorex,allopathic,92,646,20 mg,240
7782,Fintop,allopathic,11,240,1%,66
7783,Fiprox,allopathic,92,364,250 mg,222
7784,Fiprox,allopathic,92,364,500 mg,222
7785,Fiprox,allopathic,92,364,750 mg,222
7786,Firmac,allopathic,75,580,125 mg/5 ml,106
7787,Firmac,allopathic,92,580,250 mg,106
7788,Firmac,allopathic,92,580,500 mg,106
7789,Firmagon,allopathic,80,457,120 mg/vial,79
7790,Firmagon,allopathic,80,457,80 mg/vial,79
7791,Firmvit,allopathic,92,1113,,165
7792,Fit Plus,allopathic,92,637,200 mg+200 mcg,197
7793,Fivita,allopathic,2,855,,37
7794,Fix-A,allopathic,2,304,200 mg,4
7795,Fix-A,allopathic,72,304,25 mg/ml,4
7796,Fix-A,allopathic,75,304,100 mg/5 ml,4
7797,Fix-A DS,allopathic,2,304,400 mg,4
7798,Fix-A DS,allopathic,75,304,200 mg/5 ml,4
7799,Fixal,allopathic,70,642,30 mg/5 ml,165
7800,Fixal,allopathic,92,642,120 mg,165
7801,Fixal,allopathic,92,642,180 mg,165
7802,Fixal,allopathic,92,642,30 mg,165
7803,Fixal,allopathic,92,642,60 mg,165
7804,Fixbac,allopathic,2,304,200 mg,114
7805,Fixbac,allopathic,2,304,400 mg,114
7806,Fixbac,allopathic,72,304,25 mg/ml,114
7807,Fixbac,allopathic,75,304,100 mg/5 ml,114
7808,Fixbac DS,allopathic,75,304,200 mg/5 ml,114
7809,Fixcef,allopathic,75,316,125 mg/5 ml,150
7810,Fixcef,allopathic,92,316,250 mg,150
7811,Fixcef,allopathic,92,316,500 mg,150
7812,Fixcef Plus,allopathic,92,317,250 mg+62.5 mg,150
7813,Fixcef Plus,allopathic,92,317,500 mg+125 mg,150
7814,Fixen,allopathic,70,642,30 mg/5 ml,210
7815,Fixen,allopathic,92,642,120 mg,210
7816,Fixen,allopathic,92,642,180 mg,210
7817,Fixgut,allopathic,70,524,5 mg/5 ml,20
7818,Fixgut,allopathic,92,524,10 mg,20
7819,Fixim,allopathic,2,304,200 mg,195
7820,Fixim,allopathic,75,304,100 mg/5 ml,195
7821,Fixocard,allopathic,92,82,5 mg+25 mg,106
7822,Fixocard,allopathic,92,82,5 mg+50 mg,106
7823,Fixolin,allopathic,91,531,100 mg/5 ml,35
7824,Fixolin,allopathic,92,531,200 mg,35
7825,Fixolin,allopathic,92,531,400 mg,35
7826,Fixonac,allopathic,92,9,100 mg,75
7827,Fixotim,allopathic,2,304,200 mg,64
7828,Fixotim,allopathic,2,304,400 mg,64
7829,Fixotim,allopathic,75,304,100 mg/5 ml,64
7830,Fixpro,allopathic,2,304,200 mg,155
7831,Fixpro,allopathic,2,304,400 mg,155
7832,Fixpro,allopathic,75,304,100 mg/5 ml,155
7833,Fixpro DS,allopathic,75,304,200 mg/5 ml,155
7834,Fixvel,allopathic,92,1494,400 mg+100 mg,31
7835,Fizi,allopathic,92,656,10 mg,31
7836,Fizi,allopathic,92,656,5 mg,31
7837,FizyCal-D,allopathic,18,266,1358.196 mg+600 mg+400 IU,106
7838,FizyCal-M,allopathic,18,258,,106
7839,Fizyth,allopathic,92,142,500 mg,174
7840,Fizz-CI,allopathic,2,287,,226
7841,Fizz-TR,allopathic,8,641,150 mg+0.5 mg+61.8 mg,226
7842,Flac,allopathic,2,651,250 mg,42
7843,Flac,allopathic,2,651,500 mg,42
7844,Flac,allopathic,75,651,125 mg/5 ml,42
7845,Flacol,allopathic,9,1459,40 mg,217
7846,Flacol,allopathic,72,1459,67 mg/ml,217
7847,Flacort,allopathic,70,456,6 mg/5 ml,25
7848,Flacort,allopathic,92,456,24 mg,25
7849,Flacort,allopathic,92,456,6 mg,25
7850,Flagyl,allopathic,70,1057,200 mg/5 ml,222
7851,Flagyl,allopathic,92,1057,200 mg,222
7852,Flagyl,allopathic,92,1057,400 mg,222
7853,Flam,allopathic,92,811,400 mg,213
7854,Flamex,allopathic,70,811,100 mg/5 ml,2
7855,Flamex,allopathic,92,811,200 mg,2
7856,Flamex,allopathic,92,811,400 mg,2
7857,Flamic,allopathic,70,1019,50 mg/5 ml,89
7858,Flamic,allopathic,92,1019,250 mg,89
7859,Flamic,allopathic,92,1019,500 mg,89
7860,Flamitrol,allopathic,62,471,0.10%,82
7861,Flamyd,allopathic,37,1057,500 mg/100 ml,106
7862,Flamyd,allopathic,70,1057,200 mg/5 ml,106
7863,Flamyd,allopathic,92,1057,250 mg,106
7864,Flamyd,allopathic,92,1057,500 mg,106
7865,Flamyd,allopathic,108,1057,0.75%,106
7866,Flamzin,allopathic,11,1457,1%,54
7867,Flatameal DS,allopathic,70,58,(200 mg+400 mg+30 mg)/5 ml,35
7868,Flatulex,allopathic,72,1459,67 mg/ml,165
7869,Flatunil,allopathic,72,1459,67 mg/ml,4
7870,Flatus,allopathic,72,1459,67 mg/ml,120
7871,Flavit,allopathic,92,1669,,17
7872,Flavit-M,allopathic,92,1098,,17
7873,Flavona,allopathic,2,652,50 mg,197
7874,Flavox,allopathic,92,648,100 mg,215
7875,Flavox,allopathic,92,648,200 mg,215
7876,Fleco,allopathic,92,9,100 mg,5
7877,Flegnil,allopathic,91,284,125 mg/5 ml,171
7878,Flegnil DS,allopathic,91,284,250 mg/5 ml,171
7879,Flemo,allopathic,4,1634,40 mg,217
7880,Flexi,allopathic,92,9,100 mg,217
7881,Flexi SR,allopathic,100,9,200 mg,217
7882,Flexibac,allopathic,69,147,5 mg/5 ml,31
7883,Flexibac,allopathic,92,147,10 mg,31
7884,Flexibac,allopathic,92,147,25 mg,31
7885,Flexibac,allopathic,92,147,5 mg,31
7886,Flexidol,allopathic,92,9,100 mg,114
7887,Flexifen,allopathic,92,147,10 mg,106
7888,Flexifen,allopathic,92,147,25 mg,106
7889,Flexifen,allopathic,92,147,5 mg,106
7890,Flexilax,allopathic,92,147,10 mg,217
7891,Flexilax,allopathic,92,147,5 mg,217
7892,Fleximoov,allopathic,11,1046,15%+10%,101
7893,Fleximoov,allopathic,11,1046,30%+8%,101
7894,Flexiril,allopathic,92,147,10 mg,76
7895,Flexiril,allopathic,92,147,5 mg,76
7896,Flexivan,allopathic,92,9,100 mg,155
7897,Flexivan ER,allopathic,96,9,200 mg,155
7898,Flexor,allopathic,92,427,10 mg,106
7899,Flexor,allopathic,92,427,5 mg,106
7900,Fliban,allopathic,92,650,100 mg,217
7901,Flindof,allopathic,92,531,200 mg,217
7902,Flindof,allopathic,92,531,400 mg,217
7903,Flintex,allopathic,91,66,15 mg/5 ml,172
7904,Flixocort,allopathic,29,676,125 mcg/metered dose,101
7905,Flixocort,allopathic,29,676,250 mcg/metered dose,101
7906,Flixonase,allopathic,54,677,50 mcg/spray,88
7907,Flocet,allopathic,37,1189,200 mg/100 ml,165
7908,Flocet,allopathic,92,1189,200 mg,165
7909,Flocet,allopathic,92,1189,400 mg,165
7910,Flocip,allopathic,75,364,250 mg/5 ml,18
7911,Flocip,allopathic,92,364,500 mg,18
7912,Flogem,allopathic,92,712,320 mg,165
7913,Flomont,allopathic,92,1086,10 mg,153
7914,Flomox,allopathic,37,1088,400 mg/250 ml,164
7915,Flomox,allopathic,62,1089,0.50%,164
7916,Flomox D,allopathic,62,1091,0.5%+0.1%,164
7917,Flomox XG,allopathic,62,1092,0.5%+0.4%,164
7918,Flomyst F,allopathic,29,680,(125 mcg+5 mcg)/puff,35
7919,Flomyst F,allopathic,29,680,(250 mcg+10 mcg)/puff,35
7920,Flomyst F,allopathic,29,680,(50 mcg+5 mcg)/puff,35
7921,F-Lon,allopathic,63,665,0.10%,66
7922,Flonasin,allopathic,54,139,(137 mcg+50 mcg)/spray,217
7923,Flonaspray,allopathic,54,677,50 mcg/spray,217
7924,Flonor,allopathic,6,1535,0.4 mg,158
7925,Flontin,allopathic,37,364,200 mg/100 ml,196
7926,Flontin,allopathic,75,364,250 mg/5 ml,196
7927,Flontin,allopathic,92,364,250 mg,196
7928,Flontin,allopathic,92,364,500 mg,196
7929,Flontin,allopathic,92,364,750 mg,196
7930,Florazol,allopathic,70,1057,200 mg/5 ml,155
7931,Florazol,allopathic,92,1057,400 mg,155
7932,Florest,allopathic,92,682,50 mg,76
7933,Florium,allopathic,92,656,10 mg,106
7934,Florium,allopathic,92,656,5 mg,106
7935,Floriva-F,allopathic,28,1426,50 mcg+500 mcg,165
7936,Floriva-F,allopathic,29,1426,(25 mcg+250 mcg)/puff,165
7937,Florixe,allopathic,11,1264,5% w/w,54
7938,Floriz,herbal,92,202,1000 mcg,190
7939,Florobex,allopathic,62,177,0.60%,105
7940,Florocin,allopathic,75,364,250 mg/5 ml,155
7941,Florocin,allopathic,92,364,500 mg,155
7942,Floromox,allopathic,61,1089,0.50%,105
7943,Floromox,allopathic,62,1089,0.50%,105
7944,Floromox,allopathic,92,1090,400 mg,105
7945,Floromox XG,allopathic,62,1092,0.5%+0.4%,105
7946,Floromox-D,allopathic,62,1091,0.5%+0.1%,105
7947,Flosin,allopathic,2,1456,4 mg,114
7948,Flosin,allopathic,2,1456,8 mg,114
7949,Flostat,allopathic,92,623,40 mg,108
7950,Flovix,allopathic,62,944,0.50%,164
7951,Flovix TS,allopathic,62,944,1.50%,164
7952,Flovo,allopathic,92,945,500 mg,61
7953,Flowrap,allopathic,2,1456,4 mg,101
7954,Flowrap,allopathic,2,1456,8 mg,101
7955,Flox,allopathic,2,651,250 mg,98
7956,Flox,allopathic,2,651,500 mg,98
7957,Flox,allopathic,75,651,125 mg/5 ml,98
7958,Floxabid,allopathic,37,364,200 mg/100 ml,2
7959,Floxabid,allopathic,62,365,0.30%,2
7960,Floxabid,allopathic,92,364,250 mg,2
7961,Floxabid,allopathic,92,364,500 mg,2
7962,Floxabid,allopathic,92,364,750 mg,2
7963,Floxabid DS,allopathic,75,364,250 mg/5 ml,2
7964,Floxacin,allopathic,62,365,0.30%,150
7965,Floxacin,allopathic,75,364,250 mg/5 ml,150
7966,Floxacin,allopathic,92,364,250 mg,150
7967,Floxacin,allopathic,92,364,500 mg,150
7968,Floxalone,allopathic,62,1089,0.50%,66
7969,Floxalone,allopathic,92,1090,400 mg,66
7970,Floxalone-DX,allopathic,62,1091,0.5%+0.1%,66
7971,Floxapen,allopathic,2,651,250 mg,84
7972,Floxapen,allopathic,2,651,500 mg,84
7973,Floxapen,allopathic,75,651,125 mg/5 ml,84
7974,Floxason,allopathic,2,651,250 mg,104
7975,Floxason,allopathic,75,651,125 mg/5 ml,104
7976,Floxason-DS,allopathic,2,651,500 mg,104
7977,Floximox,allopathic,62,1089,0.50%,26
7978,Floxin,allopathic,92,364,250 mg,179
7979,Floxin,allopathic,92,364,500 mg,179
7980,Floxin DS,allopathic,92,364,250 mg/5 ml,179
7981,Floxipar,allopathic,92,1500,200 mg,4
7982,Floxy,allopathic,92,364,500 mg,224
7983,Fluact,allopathic,2,652,150 mg,127
7984,Fluact,allopathic,2,652,50 mg,127
7985,Fluact,allopathic,75,652,50 mg/5 ml,127
7986,Fluanxol,allopathic,30,668,20 mg/ml,130
7987,Fluanxol,allopathic,30,668,40 mg/2 ml,130
7988,Fluanxol,allopathic,92,668,0.5 mg,130
7989,Fluanxol,allopathic,92,668,1 mg,130
7990,Fluarix,allopathic,24,820,0.5 ml/prefilled syringe,88
7991,Flubac,allopathic,2,651,250 mg,185
7992,Flubac,allopathic,2,651,500 mg,185
7993,Flubac,allopathic,75,651,125 mg/5 ml,185
7994,Flubac DS,allopathic,75,651,250 mg/5 ml,185
7995,Flubest,allopathic,2,652,150 mg,113
7996,Flubest,allopathic,2,652,50 mg,113
7997,Flubest,allopathic,75,652,50 mg/5 ml,113
7998,Flubex,allopathic,2,651,250 mg,35
7999,Flubex,allopathic,2,651,500 mg,35
8000,Flubex,allopathic,75,651,125 mg/5 ml,35
8001,Flubex DS,allopathic,75,651,250 mg/5 ml,35
8002,Flubion,allopathic,2,651,500 mg,96
8003,Flubiotic,allopathic,2,651,250 mg,150
8004,Flubiotic,allopathic,2,651,500 mg,150
8005,Flubiotic,allopathic,75,651,125 mg/5 ml,150
8006,Fluc,allopathic,2,651,500 mg,27
8007,Fluc,allopathic,75,651,125 mg/5 ml,27
8008,Flucanex,allopathic,2,652,150 mg,114
8009,Flucanex,allopathic,2,652,50 mg,114
8010,Flucare,herbal,2,95,200 mg,105
8011,Flucid,allopathic,2,652,50 mg,145
8012,Flucil,allopathic,2,651,250 mg,55
8013,Flucil,allopathic,2,651,500 mg,55
8014,Flucil,allopathic,75,651,125 mg/5 ml,55
8015,Flucillin,allopathic,2,651,250 mg,136
8016,Flucillin,allopathic,2,651,500 mg,136
8017,Flucillin,allopathic,75,651,125 mg/5 ml,136
8018,Flucin,allopathic,2,651,250 mg,140
8019,Flucin,allopathic,2,651,500 mg,140
8020,Flucin,allopathic,75,651,125 mg/5 ml,140
8021,Flucin DS,allopathic,75,651,250 mg/5 ml,140
8022,Fluclox,allopathic,2,651,250 mg,2
8023,Fluclox,allopathic,2,651,500 mg,2
8024,Fluclox,allopathic,26,651,250 mg/vial,2
8025,Fluclox,allopathic,26,651,500 mg/vial,2
8026,Fluclox,allopathic,75,651,125 mg/5 ml,2
8027,Fluclox DS,allopathic,75,651,250 mg/5 ml,2
8028,Flucloxi,allopathic,2,651,250 mg,63
8029,Flucloxi,allopathic,2,651,500 mg,63
8030,Flucloxi,allopathic,75,651,125 mg/5 ml,63
8031,Flucloxin,allopathic,2,651,250 mg,73
8032,Flucloxin,allopathic,2,651,500 mg,73
8033,Flucloxin,allopathic,26,651,500 mg/vial,73
8034,Flucloxin,allopathic,75,651,125 mg/5 ml,73
8035,Flucocin,allopathic,2,651,500 mg,75
8036,Flucocin DS,allopathic,75,651,250 mg/5 ml,75
8037,Flucoder,allopathic,2,652,150 mg,73
8038,Flucoder,allopathic,2,652,200 mg,73
8039,Flucoder,allopathic,2,652,50 mg,73
8040,Flucoder,allopathic,75,652,50 mg/5 ml,73
8041,Flucolet,allopathic,2,652,150 mg,18
8042,Flucolet,allopathic,2,652,50 mg,18
8043,Flucolet,allopathic,75,652,50 mg/5 ml,18
8044,Flucon,allopathic,2,652,150 mg,165
8045,Flucon,allopathic,2,652,200 mg,165
8046,Flucon,allopathic,2,652,50 mg,165
8047,Flucon,allopathic,75,652,50 mg/5 ml,165
8048,Fluconaaf,allopathic,2,652,150 mg,149
8049,Fluconaaf,allopathic,2,652,50 mg,149
8050,Fluconal,allopathic,75,652,50 mg/5 ml,4
8051,Fluconal,allopathic,92,652,150 mg,4
8052,Fluconal,allopathic,92,652,50 mg,4
8053,Fluconazole,allopathic,2,652,150 mg,42
8054,Fluconazole,allopathic,2,652,50 mg,36
8055,Fluconazole,allopathic,2,652,50 mg,42
8056,Flucopen,allopathic,2,651,250 mg,215
8057,Flucopen,allopathic,2,651,500 mg,215
8058,Flucopen,allopathic,75,651,125 mg/5 ml,215
8059,Flucoron,allopathic,2,652,50 mg,199
8060,Flucort,allopathic,63,665,0.10%,82
8061,Fluco-S,allopathic,2,652,150 mg,207
8062,Fluco-S,allopathic,2,652,50 mg,207
8063,Flucostan,allopathic,2,652,50 mg,240
8064,Flucostin,allopathic,92,652,50 mg,231
8065,Fluda,allopathic,2,652,50 mg,158
8066,Fluda,allopathic,75,652,50 mg/5 ml,158
8067,Fludara,allopathic,37,654,50 mg/2 ml,86
8068,Fludara,allopathic,92,654,10 mg,86
8069,Fludarabin Hexal,allopathic,37,654,50 mg/2 ml,206
8070,Fluderm,allopathic,92,652,150 mg,34
8071,Fluderm,allopathic,92,652,50 mg,34
8072,Fludex,allopathic,2,652,150 mg,135
8073,Fludex,allopathic,2,652,50 mg,135
8074,Fludin,allopathic,62,1619,1%,25
8075,Flufex,allopathic,92,642,120 mg,64
8076,Fluflam,allopathic,63,665,0.10%,73
8077,Flufun,allopathic,2,652,150 mg,27
8078,Flufun,allopathic,2,652,50 mg,27
8079,Flugal,allopathic,2,652,150 mg,217
8080,Flugal,allopathic,2,652,200 mg,217
8081,Flugal,allopathic,75,652,50 mg/5 ml,217
8082,Flugard,allopathic,2,652,150 mg,180
8083,Flugard,allopathic,2,652,50 mg,180
8084,Flujale,allopathic,2,652,50 mg,46
8085,Flu-K,allopathic,2,651,250 mg,119
8086,Flu-K,allopathic,2,651,500 mg,119
8087,Flu-K,allopathic,75,651,125 mg/5 ml,119
8088,Flukin,allopathic,2,651,250 mg,180
8089,Flukin,allopathic,2,651,500 mg,180
8090,Flukin,allopathic,75,651,125 mg/5 ml,180
8091,Flukin DS,allopathic,75,651,250 mg/5 ml,180
8092,Fluking,allopathic,2,651,250 mg,48
8093,Fluking,allopathic,2,651,500 mg,48
8094,Fluking,allopathic,75,651,125 mg/5 ml,48
8095,Flukzol,allopathic,2,652,50 mg,210
8096,Fluma,allopathic,2,652,150 mg,141
8097,Fluma,allopathic,2,652,50 mg,141
8098,Flumark,allopathic,2,651,500 mg,8
8099,Flumark,allopathic,75,651,125 mg/5 ml,8
8100,Flumart,allopathic,2,652,150 mg,63
8101,Flumart,allopathic,2,652,50 mg,63
8102,Flumazole,allopathic,2,652,150 mg,14
8103,Flumazole,allopathic,2,652,50 mg,14
8104,Flumed,allopathic,2,651,250 mg,135
8105,Flumed,allopathic,2,651,500 mg,135
8106,Flumed,allopathic,75,651,125 mg/5 ml,135
8107,Flumelone N,allopathic,62,662,0.1%+0.5%,195
8108,Flumetanol,allopathic,15,379,1%+0.02%,25
8109,Flumeth,allopathic,63,665,0.10%,153
8110,Flumetol,allopathic,28,1426,50 mcg+250 mcg,101
8111,Flumetol,allopathic,28,1426,50 mcg+500 mcg,101
8112,Flumetol,allopathic,29,1426,(25 mcg+125 mcg)/puff,101
8113,Flumetol,allopathic,29,1426,(25 mcg+250 mcg)/puff,101
8114,Flumetol (with device),allopathic,28,1426,50 mcg+100 mcg,101
8115,Flumetol (with device),allopathic,28,1426,50 mcg+250 mcg,101
8116,Flumetra,allopathic,92,669,0.5 mg+10 mg,235
8117,Flumin,allopathic,69,1331,5 mg/5 ml,54
8118,Flumyc,allopathic,2,652,150 mg,75
8119,Flumyc,allopathic,2,652,50 mg,75
8120,Flumyc,allopathic,75,652,50 mg/5 ml,75
8121,Flunac,allopathic,2,652,150 mg,66
8122,Flunac,allopathic,2,652,50 mg,66
8123,Flunac,allopathic,75,652,50 mg/5 ml,66
8124,Flunapen,allopathic,2,652,150 mg,53
8125,Flunapen,allopathic,2,652,50 mg,53
8126,Flunarin,allopathic,92,656,10 mg,20
8127,Flunarin,allopathic,92,656,5 mg,20
8128,Flunazol,allopathic,2,652,150 mg,179
8129,Flunazol,allopathic,2,652,50 mg,179
8130,Flunazol,allopathic,75,652,50 mg/5 ml,179
8131,Flunid,allopathic,2,651,250 mg,74
8132,Flunid,allopathic,2,651,500 mg,74
8133,Flunid,allopathic,75,651,125 mg/5 ml,74
8134,Flunol,allopathic,2,652,150 mg,215
8135,Flunol,allopathic,2,652,50 mg,215
8136,Flunol,allopathic,75,652,50 mg/5 ml,215
8137,Flupagen,allopathic,27,671,25 mg/ml,84
8138,Flupen,allopathic,2,651,250 mg,66
8139,Flupen,allopathic,2,651,500 mg,66
8140,Flupen,allopathic,75,651,125 mg/5 ml,66
8141,Fluphenazine,allopathic,27,671,25 mg/ml,
8142,Flupion,allopathic,58,679,0.01%,17
8143,Flupro,allopathic,11,679,0.05%,224
8144,Fluracedyl,allopathic,39,666,25 mg/ml,177
8145,Fluracil,allopathic,39,666,25 mg/ml,66
8146,Flurane,allopathic,86,864,100 ml,225
8147,Flurate,allopathic,63,665,0.10%,173
8148,Flurif,allopathic,2,651,500 mg,210
8149,Flurium,allopathic,92,656,10 mg,35
8150,Flurium,allopathic,92,656,5 mg,35
8151,Flurizin,allopathic,92,656,10 mg,217
8152,Flurizin,allopathic,92,656,5 mg,217
8153,Flurocin,allopathic,62,661,2%,195
8154,Flurodent,allopathic,48,1478,0.02%,155
8155,Fluroid,allopathic,63,665,0.10%,165
8156,Fluroid G,allopathic,61,663,0.1%+0.3%,165
8157,Fluroid G,allopathic,63,663,0.1%+0.3%,165
8158,Flurolon,allopathic,63,665,0.10%,84
8159,Fluromet,allopathic,63,665,0.10%,185
8160,Flurone,allopathic,63,665,0.10%,37
8161,Flurotor,allopathic,39,666,25 mg/ml,73
8162,Fluroxan,allopathic,39,666,25 mg/ml,31
8163,Flusaf,allopathic,2,652,150 mg,226
8164,Flusaf,allopathic,2,652,50 mg,226
8165,Flustaph,allopathic,2,651,250 mg,171
8166,Flustaph,allopathic,2,651,500 mg,171
8167,Flustaph,allopathic,75,651,125 mg/5 ml,171
8168,Flustar,allopathic,2,651,250 mg,196
8169,Flustar,allopathic,2,651,500 mg,196
8170,Flustar,allopathic,75,651,125 mg/5 ml,196
8171,Flustar DS,allopathic,75,651,250 mg/5 ml,196
8172,Flustat,allopathic,91,324,5 mg/5 ml,61
8173,Flustat,allopathic,92,324,10 mg,61
8174,Flutam,allopathic,2,651,250 mg,127
8175,Flutam,allopathic,2,651,500 mg,127
8176,Flutam DS,allopathic,75,651,250 mg/5 ml,127
8177,Flutec,allopathic,2,651,250 mg,19
8178,Flutec,allopathic,75,651,125 mg/5 ml,19
8179,Flutec-DS,allopathic,2,651,500 mg,19
8180,Flutica,allopathic,11,679,0.05%,25
8181,Flutica,allopathic,54,675,27.5 mcg/spray,25
8182,Fluticare,allopathic,11,679,0.05%,105
8183,Fluticare,allopathic,58,679,0.01%,105
8184,Fluticon,allopathic,54,677,50 mcg/spray,4
8185,Flutide,allopathic,29,680,(125 mcg+5 mcg)/puff,229
8186,Flutide,allopathic,29,680,(250 mcg+10 mcg)/puff,229
8187,Flutiderm,allopathic,58,679,0.01%,66
8188,Flutinex,allopathic,2,652,150 mg,167
8189,Flutinex,allopathic,2,652,50 mg,167
8190,Flutinex,allopathic,75,652,50 mg/5 ml,167
8191,Flutisal,allopathic,28,1426,50 mcg+100 mcg,106
8192,Flutisal,allopathic,28,1426,50 mcg+250 mcg,106
8193,Flutisal,allopathic,28,1426,50 mcg+500 mcg,106
8194,Flutispray,allopathic,54,677,50 mcg/spray,150
8195,Flutispray Plus,allopathic,54,139,(137 mcg+50 mcg)/spray,150
8196,Flutivate,allopathic,11,679,0.05%,114
8197,Flutrip,allopathic,92,670,0.5 mg+10 mg,84
8198,Fluvas,allopathic,2,681,20 mg,212
8199,Fluvate,allopathic,54,677,50 mcg/spray,165
8200,Fluvate,allopathic,58,679,0.01%,165
8201,Fluvent,allopathic,54,677,50 mcg/spray,2
8202,Fluver,allopathic,92,656,10 mg,2
8203,Fluver,allopathic,92,656,5 mg,2
8204,Fluvigan,allopathic,92,622,200 mg,155
8205,Fluvin OD,allopathic,92,652,150 mg,88
8206,Fluvin OD,allopathic,92,652,50 mg,88
8207,Flux,allopathic,2,651,250 mg,165
8208,Flux,allopathic,2,651,500 mg,165
8209,Flux,allopathic,26,651,500 mg/vial,165
8210,Flux,allopathic,75,651,125 mg/5 ml,165
8211,Flux DS,allopathic,75,651,250 mg/5 ml,165
8212,Fluxi,allopathic,75,651,125 mg/5 ml,240
8213,Fluxicap,allopathic,2,651,250 mg,240
8214,Fluxicap,allopathic,2,651,500 mg,240
8215,Fluxin,allopathic,2,651,250 mg,16
8216,Fluxin,allopathic,2,651,500 mg,16
8217,Fluxin,allopathic,75,651,125 mg/5 ml,16
8218,Fluxit,allopathic,92,669,0.5 mg+10 mg,165
8219,Fluzin,allopathic,92,656,10 mg,4
8220,Fluzin,allopathic,92,656,5 mg,4
8221,Fluzo,allopathic,92,652,150 mg,173
8222,Fluzo,allopathic,92,652,50 mg,173
8223,Fluzole,allopathic,92,652,150 mg,89
8224,Fluzole,allopathic,92,652,50 mg,89
8225,Flxzen,allopathic,2,651,250 mg,239
8226,Flxzen,allopathic,2,651,500 mg,239
8227,Flxzen,allopathic,75,651,125 mg/5 ml,239
8228,FMR,allopathic,92,669,0.5 mg+10 mg,114
8229,Fobunid,allopathic,28,233,100 mcg+6 mcg,73
8230,Fobunid,allopathic,28,233,200 mcg+6 mcg,73
8231,Fodexil,allopathic,2,299,500 mg,217
8232,Fodexil,allopathic,92,299,1000 mg,217
8233,Folac,allopathic,92,683,5 mg,16
8234,Folate,allopathic,92,683,5 mg,5
8235,Folbion,allopathic,92,,25 mg+2.5 mg+1 mg,173
8236,Folcasin,allopathic,26,261,10 mg/ml,40
8237,Folcid,allopathic,92,683,5 mg,181
8238,Folex Plus,allopathic,8,641,150 mg+0.5 mg+61.8 mg,74
8239,Folic Acid,allopathic,92,683,5 mg,17
8240,Folic Acid,allopathic,92,683,5 mg,32
8241,Folic ZI,allopathic,8,286,50 mg+0.50 mg+61.80 mg,165
8242,Folicard,allopathic,92,,25 mg+2.5 mg+1 mg,150
8243,Folicid,allopathic,26,261,10 mg/ml,225
8244,Folic-Son,allopathic,92,683,5 mg,42
8245,Folic-Z,allopathic,92,684,5 mg+20 mg,165
8246,Folin SR,allopathic,7,640,150 mg+0.5 mg,215
8247,Folinex,allopathic,26,261,10 mg/ml,31
8248,Foliron TR,allopathic,8,641,150 mg+0.5 mg+61.8 mg,148
8249,Folison,allopathic,92,683,5 mg,113
8250,Folita,allopathic,92,261,5 mg,217
8251,Folix,allopathic,92,261,5 mg,4
8252,Folized,allopathic,8,641,150 mg+0.5 mg+61.8 mg,84
8253,Follifactor,allopathic,27,685,75 IU/vial,238
8254,Folneed,allopathic,92,684,5 mg+20 mg,106
8255,Folus,allopathic,92,683,5 mg,143
8256,Folvit TR,allopathic,8,855,,73
8257,Folvit-Cl,allopathic,2,856,,73
8258,Foly,allopathic,26,261,10 mg/ml,66
8259,Foly,allopathic,92,261,15 mg,66
8260,Folzin,allopathic,92,684,5 mg+20 mg,173
8261,Folzin-CI,allopathic,8,286,50 mg+0.50 mg+61.80 mg,173
8262,Fomox,allopathic,62,1089,0.50%,143
8263,Fomox XG,allopathic,62,1092,0.5%+0.4%,143
8264,Fona,allopathic,11,24,0.10%,217
8265,Fona,allopathic,22,24,0.30%,217
8266,Fona Plus,allopathic,22,25,0.1%+2.5%,217
8267,Fondy,allopathic,92,642,120 mg,161
8268,Fondy,allopathic,92,642,180 mg,161
8269,Fonidel,allopathic,62,689,2.5 mg/0.5 ml,217
8270,Foos,allopathic,70,1464,(500 mg+100 mg)/5 ml,120
8271,Forane,allopathic,86,864,100 ml,1
8272,Forbon,allopathic,92,253,500 mg,114
8273,Forgen,allopathic,26,303,1 gm/vial,25
8274,Forgen,allopathic,26,303,500 mg/vial,25
8275,Forgen,allopathic,38,303,2 gm/vial,25
8276,Formatide,allopathic,28,233,100 mcg+6 mcg,229
8277,Formatide,allopathic,28,233,200 mcg+6 mcg,229
8278,Formatide,allopathic,28,233,400 mcg+12 mcg,229
8279,Formatide,allopathic,29,233,(160 mcg+4.5 mcg)/Puff,229
8280,Formatide,allopathic,29,233,(80 mcg+4.5 mcg)/Puff,229
8281,Formet,allopathic,92,1039,500 mg,37
8282,Formet,allopathic,92,1039,850 mg,37
8283,Formet L,allopathic,92,963,2.5 mg+500 mg,37
8284,Formet V,allopathic,92,1662,50 mg+500 mg,37
8285,Formet XR,allopathic,96,1039,500 mg,37
8286,Formet XR,allopathic,96,1039,750 mg,37
8287,Formocort,allopathic,28,233,100 mcg+6 mcg,101
8288,Formocort,allopathic,28,233,200 mcg+6 mcg,101
8289,Formocort,allopathic,28,233,400 mcg+12 mcg,101
8290,Formocort,allopathic,29,233,(160 mcg+4.5 mcg)/puff,101
8291,ForMum,allopathic,2,1107,,191
8292,Forteo,allopathic,80,1561,20 mcg/80 mcl,101
8293,Fortior,allopathic,2,374,300 mg,178
8294,Fortison,allopathic,11,699,2%+1%,106
8295,Fosamin,allopathic,67,692,3 gm/sachet,35
8296,Fosfa,allopathic,37,813,2 gm/vial,66
8297,Fosfen,allopathic,30,1271,150 mg/2 ml,185
8298,Fosfocin,allopathic,67,692,3 gm/sachet,2
8299,Fosfogen,allopathic,67,692,3 gm/sachet,101
8300,Fosfomax,allopathic,67,692,3 gm/sachet,217
8301,Fossical-D,allopathic,92,255,500 mg+200 IU,25
8302,Fossical-DX,allopathic,92,255,600 mg+400 IU,25
8303,Fostat,allopathic,92,623,40 mg,171
8304,Fosul,allopathic,2,684,500 mg+22.5 mg,221
8305,Fourgen,allopathic,26,303,1 gm/vial,37
8306,Fourgen,allopathic,26,303,500 mg/vial,37
8307,Fourgen,allopathic,38,303,2 gm/vial,37
8308,Foviral,allopathic,92,1554,300 mg,2
8309,Fozifol,allopathic,8,641,150 mg+0.5 mg+61.8 mg,75
8310,F-Pro,allopathic,54,677,50 mcg/spray,66
8311,F-Pro Plus,allopathic,54,139,(137 mcg+50 mcg)/spray,66
8312,Frabex,allopathic,2,1605,500 mg,217
8313,Frabex,allopathic,26,1605,500 mg/5 ml,217
8314,Fragmin,allopathic,80,439,5000 IU/0.2 ml,175
8315,Fragmin,allopathic,80,439,7500 IU/0.3 ml,175
8316,Fravir,allopathic,92,622,200 mg,171
8317,Freecid Plus,allopathic,70,58,(200 mg+400 mg+30 mg)/5 ml,167
8318,Freecof,allopathic,91,484,(10 mg+30 mg+1.25 mg)/5 ml,25
8319,Freegest,allopathic,9,1086,4 mg,37
8320,Freegest,allopathic,9,1086,5 mg,37
8321,Freegest,allopathic,92,1086,10 mg,37
8322,Freemax,allopathic,92,9,100 mg,161
8323,Freespa,allopathic,92,1580,50 mg,14
8324,FreFast,allopathic,11,1047,30%+10%+4%,173
8325,Frelax,allopathic,64,999,(300 mg+1.25 ml)/5 ml,35
8326,Frenia,allopathic,69,1395,1 mg/ml,106
8327,Frenia,allopathic,92,1395,1 mg,106
8328,Frenia,allopathic,92,1395,2 mg,106
8329,Frenia,allopathic,92,1395,4 mg,106
8330,Frenvas,allopathic,92,128,10 mg,191
8331,Frenvas,allopathic,92,128,20 mg,191
8332,Frenvas,allopathic,92,128,40 mg,191
8333,Frenxit,allopathic,92,669,0.5 mg+10 mg,35
8334,Fresh,allopathic,92,670,0.5 mg+10 mg,153
8335,Freshfil,allopathic,62,290,1%,106
8336,Freshlook,allopathic,22,25,0.1%+2.5%,240
8337,Freshtear,allopathic,62,1292,0.4%+0.3%,73
8338,Freshtear P,allopathic,62,1292,0.4%+0.3%,73
8339,Freten,allopathic,92,224,3 mg,62
8340,Frexit,allopathic,92,669,0.5 mg+10 mg,26
8341,Frisium,allopathic,92,380,10 mg,222
8342,Fritt,allopathic,92,1133,250 mg,215
8343,Fritt,allopathic,92,1133,500 mg,215
8344,Frodex,herbal,92,63,,99
8345,Frucard,allopathic,92,696,20 mg+50 mg,150
8346,Frucard,allopathic,92,696,40 mg+50 mg,150
8347,Fructin,allopathic,37,693,10%w/v,35
8348,Fructose,allopathic,37,693,10%w/v,164
8349,Fructose,allopathic,37,693,10%w/v,170
8350,Frudema,allopathic,92,695,40 mg,173
8351,Frulac,allopathic,92,696,20 mg+50 mg,171
8352,Frulac,allopathic,92,696,40 mg+50 mg,171
8353,Frunep,allopathic,92,695,250 mg,229
8354,Frusin,allopathic,26,695,20 mg/2 ml,165
8355,Frusin,allopathic,91,695,20 mg/5 ml,165
8356,Frusin,allopathic,92,695,40 mg,165
8357,Frusin Plus,allopathic,92,696,20 mg+50 mg,165
8358,Frusin Plus,allopathic,92,696,40 mg+50 mg,165
8359,Frusiton,allopathic,92,696,20 mg+50 mg,89
8360,Frusiton,allopathic,92,696,40 mg+50 mg,89
8361,Fruson,allopathic,92,696,20 mg+50 mg,105
8362,Fruspa,allopathic,92,696,20 mg+50 mg,239
8363,FSH,allopathic,27,685,150 IU/vial,196
8364,FSH,allopathic,27,685,75 IU/vial,185
8365,F-Son,allopathic,54,675,27.5 mcg/spray,66
8366,Fucicort,allopathic,11,694,2%+0.1%,126
8367,Fucidin,allopathic,92,1479,250 mg,126
8368,Fucidin Leo,allopathic,11,1480,2%,126
8369,Fucidin Leo,allopathic,58,1480,2%,126
8370,Fucil,allopathic,2,651,500 mg,153
8371,Fucil,allopathic,75,651,125 mg/5 ml,153
8372,Fucimax,allopathic,92,1479,250 mg,106
8373,Fucithalmic,allopathic,113,697,1%,126
8374,Fuclav,allopathic,75,317,(125 mg+31.25 mg)/5 ml,66
8375,Fuclav,allopathic,92,317,125 mg+31.25 mg,66
8376,Fuclav,allopathic,92,317,250 mg+62.5 mg,66
8377,Fuclav,allopathic,92,317,500 mg+125 mg,66
8378,Fucort,allopathic,11,699,2%+1%,158
8379,Fulfeel,allopathic,92,1455,50 mg,171
8380,Fulimet,allopathic,92,669,0.5 mg+10 mg,108
8381,Fulphila,allopathic,80,1249,6 mg/0.6 ml,35
8382,Fulrest,allopathic,92,669,0.5 mg+10 mg,14
8383,Fulspec,allopathic,39,1036,250 mg/vial,4
8384,Fulspec,allopathic,39,1036,500 mg/vial,4
8385,Funga,allopathic,2,652,150 mg,
8386,Funga,allopathic,2,652,50 mg,
8387,Fungakil,allopathic,11,657,0.03%,16
8388,Fungakil,allopathic,58,657,0.03%,16
8389,Fungard,allopathic,2,652,150 mg,54
8390,Fungard,allopathic,2,652,50 mg,54
8391,Fungata,allopathic,75,652,50 mg/5 ml,37
8392,Fungata,allopathic,92,652,150 mg,37
8393,Fungata,allopathic,92,652,50 mg,37
8394,Fungi MH,allopathic,11,1062,2%+1%,67
8395,Fungicort,allopathic,11,544,1%+0.1%,105
8396,Fungidal,allopathic,11,1061,2%,217
8397,Fungidal-HC,allopathic,11,1062,2%+1%,217
8398,Fungi-F,allopathic,2,652,50 mg,67
8399,Fungifix,allopathic,2,652,50 mg,64
8400,Fungimin,allopathic,11,1061,2%,120
8401,Fungimin,allopathic,65,1060,2% w/w,120
8402,Fungin,allopathic,11,396,1%,105
8403,Fungin,allopathic,15,394,1%,105
8404,Fungin-B,allopathic,11,183,0.05%+1%,105
8405,Funginil,allopathic,2,652,150 mg,186
8406,Funginil,allopathic,2,652,50 mg,186
8407,Fungirox,allopathic,11,352,1%,196
8408,Fungison,allopathic,11,544,1%+0.1%,48
8409,Fungistat,allopathic,11,1613,,66
8410,Fungistat,allopathic,58,1613,,66
8411,Fungistin,allopathic,70,1183,100000 unit/ml,35
8412,Fungitac,allopathic,11,1447,2%,240
8413,Fungitrol,allopathic,2,652,150 mg,192
8414,Fungitrol,allopathic,2,652,50 mg,192
8415,Fungitrol,allopathic,75,652,50 mg/5 ml,192
8416,Fungizol,allopathic,15,394,1%,195
8417,Fungizol,allopathic,61,395,1%,195
8418,Funzole,allopathic,2,652,150 mg,143
8419,Funzole,allopathic,2,652,50 mg,143
8420,Funzole,allopathic,75,652,50 mg/5 ml,143
8421,Furasep,allopathic,11,1169,0.20%,35
8422,Furex,allopathic,26,316,250 mg/vial,66
8423,Furex,allopathic,26,316,750 mg/vial,66
8424,Furex,allopathic,38,316,1.5 gm/vial,66
8425,Furex,allopathic,75,316,125 mg/5 ml,66
8426,Furex,allopathic,92,316,250 mg,66
8427,Furex,allopathic,92,316,500 mg,66
8428,Furia,allopathic,70,642,30 mg/5 ml,167
8429,Furia,allopathic,92,642,120 mg,167
8430,Furia,allopathic,92,642,180 mg,167
8431,Furia,allopathic,92,642,60 mg,167
8432,Furo Plus,allopathic,92,696,20 mg+50 mg,31
8433,Furocef,allopathic,26,316,1 gm/vial,196
8434,Furocef,allopathic,26,316,250 mg/vial,196
8435,Furocef,allopathic,26,316,750 mg/vial,196
8436,Furocef,allopathic,38,316,1.5 gm/vial,196
8437,Furocef,allopathic,75,316,125 mg/5 ml,196
8438,Furocef,allopathic,92,316,125 mg,196
8439,Furocef,allopathic,92,316,250 mg,196
8440,Furocef,allopathic,92,316,500 mg,196
8441,Furocef DS,allopathic,75,316,250 mg/5 ml,196
8442,Furoclav,allopathic,75,317,(125 mg+31.25 mg)/5 ml,196
8443,Furoclav,allopathic,92,317,250 mg+62.5 mg,196
8444,Furoclav,allopathic,92,317,500 mg+125 mg,196
8445,Furoget,allopathic,75,316,125 mg/5 ml,87
8446,Furoget,allopathic,92,316,250 mg,87
8447,Furoget,allopathic,92,316,500 mg,87
8448,Furoget CV,allopathic,75,317,(125 mg+31.25 mg)/5 ml,87
8449,Furoget CV,allopathic,92,317,250 mg+62.5 mg,87
8450,Furoget CV,allopathic,92,317,500 mg+125 mg,87
8451,Furonaaf-CV,allopathic,75,317,(125 mg+31.25 mg)/5 ml,149
8452,Furonaaf-CV,allopathic,92,317,250 mg+62.5 mg,149
8453,Furonaaf-CV,allopathic,92,317,500 mg+125 mg,149
8454,Furotec,allopathic,92,316,500 mg,19
8455,Furotil,allopathic,26,316,750 mg/vial,101
8456,Furotil,allopathic,38,316,1.5 gm/vial,101
8457,Furotil,allopathic,75,316,125 mg/5 ml,101
8458,Furotil,allopathic,92,316,125 mg,101
8459,Furotil,allopathic,92,316,250 mg,101
8460,Furotil,allopathic,92,316,500 mg,101
8461,Furotil Plus,allopathic,75,317,(125 mg+31.25 mg)/5 ml,101
8462,Furotil Plus,allopathic,92,317,125 mg+31.25 mg,101
8463,Furotil Plus,allopathic,92,317,250 mg+62.5 mg,101
8464,Furotil Plus,allopathic,92,317,500 mg+125 mg,101
8465,Furotixol,allopathic,75,316,125 mg/5 ml,210
8466,Furotixol,allopathic,92,316,250 mg,210
8467,Furotixol,allopathic,92,316,500 mg,210
8468,Furotone,allopathic,92,696,20 mg+50 mg,158
8469,Furoxamid,allopathic,92,506,500 mg,136
8470,Fusate,allopathic,11,1480,2%,18
8471,Fusibac-H,allopathic,11,699,2%+1%,66
8472,Fusicort,allopathic,11,699,2%+1%,165
8473,Fusicort Max,allopathic,11,698,2%+0.1%,165
8474,Fusid,allopathic,26,695,20 mg/2 ml,217
8475,Fusid,allopathic,92,695,40 mg,217
8476,Fusid Plus,allopathic,92,696,20 mg+50 mg,217
8477,Fusid Plus,allopathic,92,696,40 mg+50 mg,217
8478,Fusidate,allopathic,58,1480,2%,25
8479,Fusidate H,allopathic,11,699,2%+1%,25
8480,Fusidic Plus,allopathic,58,699,2%+1%,35
8481,Fusigal,allopathic,11,694,2%+0.1%,210
8482,Fusimed BT,allopathic,11,694,2%+0.1%,135
8483,Fusithal,allopathic,113,697,1%,25
8484,Fusitop-HC,allopathic,11,699,2%+1%,217
8485,Fusten,allopathic,11,396,1%,120
8486,Fuxtil,allopathic,26,316,750 mg/vial,180
8487,Fuxtil,allopathic,38,316,1.5 gm/vial,180
8488,Fuxtil,allopathic,75,316,125 mg/5 ml,180
8489,Fuxtil,allopathic,92,316,250 mg,180
8490,Fuxtil,allopathic,92,316,500 mg,180
8491,Fuxtil CV,allopathic,75,317,(125 mg+31.25 mg)/5 ml,180
8492,Fuxtil CV,allopathic,92,317,250 mg+62.5 mg,180
8493,Fuxtil CV,allopathic,92,317,500 mg+125 mg,180
8494,FXR,allopathic,92,1185,10 mg,31
8495,FXR,allopathic,92,1185,5 mg,31
8496,Fylox,allopathic,92,531,200 mg,191
8497,Fylox,allopathic,92,531,400 mg,191
8498,F-Zol,allopathic,2,652,150 mg,185
8499,F-Zol,allopathic,2,652,200 mg,185
8500,F-Zol,allopathic,2,652,50 mg,185
8501,F-Zol,allopathic,37,652,200 mg/100 ml,185
8502,F-Zol,allopathic,75,652,50 mg/5 ml,185
8503,G Benzathine Penicil,allopathic,30,166,12 lac units/vial,91
8504,G Benzathine Penicil,allopathic,30,166,6 lac units/vial,91
8505,G Cephalexin,allopathic,2,320,250 mg,91
8506,G Cephalexin,allopathic,75,320,125 mg/5 ml,91
8507,Gaba,allopathic,92,700,300 mg,196
8508,Gaba-Aid,allopathic,2,1314,25 mg,122
8509,Gaba-Aid,allopathic,2,1314,50 mg,122
8510,Gaba-Aid,allopathic,2,1314,75 mg,122
8511,Gabahil,allopathic,92,700,100 mg,92
8512,Gabahil,allopathic,92,700,300 mg,92
8513,Gabalon,allopathic,2,1314,50 mg,135
8514,Gabamax,allopathic,92,700,300 mg,31
8515,Gabamet,allopathic,2,1314,25 mg,215
8516,Gabamet,allopathic,2,1314,50 mg,215
8517,Gabamet,allopathic,2,1314,75 mg,215
8518,Gabantin,allopathic,92,700,100 mg,219
8519,Gabantin,allopathic,92,700,300 mg,219
8520,GABA-P,allopathic,2,1314,25 mg,196
8521,GABA-P,allopathic,2,1314,50 mg,196
8522,GABA-P,allopathic,2,1314,75 mg,196
8523,Gaba-P CR,allopathic,93,1314,165 mg,196
8524,Gaba-P CR,allopathic,93,1314,330 mg,196
8525,Gaba-P CR,allopathic,93,1314,82.5 mg,196
8526,Gabapen,allopathic,92,700,100 mg,106
8527,Gabapen,allopathic,92,700,300 mg,106
8528,Gabapre,allopathic,2,1314,25 mg,34
8529,Gabapre,allopathic,2,1314,50 mg,34
8530,Gabarol,allopathic,2,1314,100 mg,2
8531,Gabarol,allopathic,2,1314,150 mg,2
8532,Gabarol,allopathic,2,1314,25 mg,2
8533,Gabarol,allopathic,2,1314,50 mg,2
8534,Gabarol CR,allopathic,93,1314,165 mg,2
8535,Gabarol CR,allopathic,93,1314,82.5 mg,2
8536,Gabastar,allopathic,92,700,100 mg,217
8537,Gabastar,allopathic,92,700,300 mg,217
8538,Gabatec,allopathic,2,1314,100 mg,240
8539,Gabatec,allopathic,2,1314,150 mg,240
8540,Gabatec,allopathic,2,1314,25 mg,240
8541,Gabatec,allopathic,2,1314,50 mg,240
8542,Gabatec,allopathic,2,1314,75 mg,240
8543,Gabatin,allopathic,92,700,300 mg,229
8544,Gabon,allopathic,92,700,300 mg,4
8545,Gaco water for Inj.,allopathic,41,1686,5 ml/ampoule,82
8546,Gacozema,allopathic,58,519,0.1%+1%+2%,82
8547,Gadoscan,allopathic,38,701,287 mg/ml,185
8548,G-Albendazole,allopathic,9,34,200 mg,91
8549,G-Albendazole,allopathic,9,34,400 mg,91
8550,Galet,allopathic,92,1661,50 mg,226
8551,Galet M,allopathic,92,1662,50 mg+500 mg,226
8552,Galet M,allopathic,92,1662,50 mg+850 mg,226
8553,Galfin,allopathic,2,652,150 mg,84
8554,Galfin,allopathic,2,652,50 mg,84
8555,Galvus,allopathic,92,1661,50 mg,156
8556,Galvus Met,allopathic,92,1662,50 mg+500 mg,156
8557,Galvus Met,allopathic,92,1662,50 mg+850 mg,156
8558,G-Amlo,allopathic,92,81,10 mg,91
8559,G-Amlo,allopathic,92,81,5 mg,91
8560,G-Amoxicillin,allopathic,2,91,250 mg,91
8561,G-Amoxicillin,allopathic,2,91,500 mg,91
8562,G-Amoxicillin,allopathic,26,91,500 mg/vial,91
8563,G-Amoxicillin,allopathic,72,91,125 mg/1.25 ml,91
8564,G-Amoxicillin,allopathic,75,91,125 mg/5 ml,91
8565,Gansovir,allopathic,60,703,0.15%,153
8566,G-Antacid,allopathic,9,57,250 mg+500 mg,91
8567,G-Antacid,allopathic,70,57,(200 mg+125 mg)/5 ml,91
8568,G-Antacid MH,allopathic,9,58,400 mg+400 mg+30 mg,91
8569,G-Antihistamine,allopathic,91,345,2 mg/5 ml,91
8570,G-Antihistamine,allopathic,92,345,4 mg,91
8571,G-Antiseptic,allopathic,85,338,0.3%+3%,91
8572,Gap,allopathic,4,1199,20 mg,75
8573,Gap,allopathic,4,1199,40 mg,75
8574,Gap,allopathic,38,1199,40 mg/vial,75
8575,Gardasil,allopathic,24,,0.5 ml,144
8576,Gardi,allopathic,92,524,10 mg,24
8577,Garlicap,herbal,2,704,10 mg,66
8578,Garlin,herbal,2,704,10 mg,217
8579,Garllium,herbal,2,704,385 mg,196
8580,Gascon,allopathic,9,1464,500 mg+100 mg,173
8581,Gascon,allopathic,70,1465,(500 mg+267 mg+160 mg)/10 ml,173
8582,Gaslev,allopathic,95,1237,20 mg,226
8583,Gasnil,allopathic,72,1459,67 mg/ml,73
8584,Gaspain,allopathic,95,1237,20 mg,74
8585,Gaspain,allopathic,95,1237,40 mg,74
8586,G-Aspirin,allopathic,95,119,100 mg,91
8587,G-Aspirin,allopathic,95,119,300 mg,91
8588,Gaspro,allopathic,4,586,20 mg,74
8589,Gaspro,allopathic,4,586,40 mg,74
8590,Gaspro,allopathic,38,586,40 mg/vial,74
8591,Gastab,allopathic,91,1368,75 mg/5 ml,155
8592,Gastab,allopathic,92,1368,150 mg,155
8593,Gastalfet,allopathic,92,1511,1000 mg,35
8594,Gastalfet,allopathic,92,1511,500 mg,35
8595,Gastid,allopathic,9,997,480 mg+20 mg,73
8596,Gastid,allopathic,70,997,(480 mg+20 mg)/5 ml,73
8597,Gastisol,allopathic,70,1464,(500 mg+100 mg)/5 ml,37
8598,Gastolin,allopathic,70,59,(200 mg+250 mg)/5 ml,32
8599,Gastrazole,allopathic,95,1358,20 mg,14
8600,Gastril,allopathic,4,1199,20 mg,74
8601,Gastril,allopathic,38,1199,40 mg/vial,74
8602,Gastroaid,herbal,92,629,500 mg,190
8603,Gastrocon,allopathic,9,1464,500 mg+100 mg,229
8604,Gastrocon,allopathic,70,1464,(500 mg+100 mg)/5 ml,229
8605,Gastrocon-A,allopathic,9,1464,500 mg+100 mg,229
8606,Gastrocon-A,allopathic,70,1464,(500 mg+100 mg)/5 ml,229
8607,Gastrocon-DA,allopathic,70,1465,(500 mg+213 mg+325 mg)/10 ml,229
8608,Gastrocon-R,allopathic,70,1465,(500 mg+267 mg+160 mg)/10 ml,229
8609,GastroLax,allopathic,16,873,,106
8610,Gastroloc,allopathic,92,1368,150 mg,31
8611,Gatibac,allopathic,62,706,0.30%,185
8612,Gaticin,allopathic,92,707,400 mg,66
8613,Gatidex,allopathic,62,708,0.3%+0.1%,164
8614,Gatiflox,allopathic,62,706,0.30%,106
8615,Gatiflox ES,allopathic,62,706,0.50%,106
8616,Gatigen,allopathic,62,706,0.30%,84
8617,Gatimet,allopathic,92,707,400 mg,136
8618,Gatinox,allopathic,92,707,400 mg,73
8619,Gatipro,allopathic,62,706,0.30%,164
8620,Gatipro,allopathic,62,706,0.50%,164
8621,Gatison,allopathic,62,708,0.3%+0.1%,25
8622,Gatizen,allopathic,92,707,200 mg,239
8623,Gatizen,allopathic,92,707,400 mg,239
8624,G-Atorvast,allopathic,92,128,10 mg,91
8625,G-Atorvast,allopathic,92,128,20 mg,91
8626,Gatpro 400,allopathic,92,707,400 mg,63
8627,G-Atropine,allopathic,30,131,0.6 mg/ml,91
8628,G-Atropine,allopathic,62,131,1%,91
8629,Gatsina,allopathic,62,706,0.30%,105
8630,Gatsina,allopathic,92,707,400 mg,105
8631,Gavicid,allopathic,70,1465,(500 mg+267 mg+160 mg)/10 ml,210
8632,Gavicool,allopathic,70,1465,(500 mg+213 mg+325 mg)/10 ml,180
8633,Gaviflux,allopathic,70,1465,(500 mg+267 mg+160 mg)/10 ml,31
8634,Gavigin,allopathic,70,1465,(500 mg+267 mg+160 mg)/10 ml,235
8635,Gavilac,allopathic,70,1465,(500 mg+213 mg+325 mg)/10 ml,2
8636,Gavimax,allopathic,70,1465,(500 mg+267 mg+160 mg)/10 ml,108
8637,Gavinate,allopathic,70,1465,(500 mg+267 mg+160 mg)/10 ml,122
8638,Gavinor,allopathic,70,1465,(500 mg+267 mg+160 mg)/10 ml,66
8639,Gavipex,allopathic,70,1465,(500 mg+267 mg+160 mg)/10 ml,20
8640,Gaviplus,allopathic,70,1465,(500 mg+267 mg+160 mg)/10 ml,224
8641,Gavirad,allopathic,70,1465,(500 mg+267 mg+160 mg)/10 ml,191
8642,Gavis,allopathic,70,1465,(500 mg+267 mg+160 mg)/10 ml,34
8643,Gaviscon,allopathic,70,1465,(500 mg+267 mg+160 mg)/10 ml,193
8644,Gavisol,allopathic,70,1465,(500 mg+267 mg+160 mg)/10 ml,105
8645,Gavista,allopathic,9,1465,250 mg+133.5 mg+80 mg,240
8646,Gavista,allopathic,70,1465,(500 mg+267 mg+160 mg)/10 ml,240
8647,Gavonix,allopathic,70,1465,(500 mg+267 mg+160 mg)/10 ml,67
8648,Gazyva,allopathic,30,1186,1000 mg/40 ml,200
8649,G-B-Benzoate,allopathic,45,174,1.25 gm/5 ml,91
8650,G-Benzosal,allopathic,58,170,6%+3%,91
8651,GBR,allopathic,92,700,300 mg,64
8652,G-Bupivacaine Heavy,allopathic,33,236,0.5%+8%,91
8653,G-Cal D,allopathic,92,257,500 mg+200 IU,91
8654,G-Calbo,allopathic,92,254,500 mg+200 IU,217
8655,G-Calcium Gluconate,allopathic,26,262,500 mg/5 ml,91
8656,G-Calcium Lactate,allopathic,92,263,300 mg,91
8657,G-Cefixime,allopathic,2,304,200 mg,91
8658,G-Cefixime,allopathic,2,304,200 mg,92
8659,G-Cefixime,allopathic,75,304,100 mg/5 ml,92
8660,G-Cefradine,allopathic,2,321,500 mg,91
8661,G-Cefradine,allopathic,26,321,500 mg/vial,91
8662,G-Cefradine,allopathic,72,321,125 mg/1.25 ml,91
8663,G-Cefradine,allopathic,75,321,125 mg/5 ml,91
8664,G-Ceftriax,allopathic,24,315,1 gm/vial,91
8665,G-Ceftriax,allopathic,24,315,250 mg/vial,91
8666,G-Ceftriax,allopathic,24,315,2 gm/vial,91
8667,G-Ceftriax,allopathic,24,315,500 mg/vial,91
8668,G-Ceftriax,allopathic,38,315,1 gm/vial,91
8669,G-Ceftriax,allopathic,38,315,250 mg/vial,91
8670,G-Ceftriax,allopathic,38,315,2 gm/vial,91
8671,G-Ceftriax,allopathic,38,315,500 mg/vial,91
8672,G-Cetirizine,allopathic,91,324,5 mg/5 ml,91
8673,G-Cetirizine,allopathic,92,324,10 mg,91
8674,G-Chloramphenicol,allopathic,61,331,1%,91
8675,G-Chloramphenicol,allopathic,62,331,0.50%,91
8676,G-Chloroquine,allopathic,91,342,80 mg/5 ml,91
8677,G-Chloroquine,allopathic,92,342,250 mg,91
8678,G-Cipro,allopathic,37,364,200 mg/100 ml,91
8679,G-Cipro,allopathic,62,365,0.30%,91
8680,G-Cipro,allopathic,92,364,500 mg,91
8681,G-Cloxacillin,allopathic,2,401,500 mg,91
8682,G-Cloxacillin,allopathic,30,401,500 mg/vial,91
8683,G-Cloxacillin,allopathic,75,401,125 mg/5 ml,91
8684,G-Co-Aspirin,allopathic,92,391,75 mg+75 mg,91
8685,G-Con,allopathic,52,1220,0.03%,119
8686,G-Con,allopathic,52,1220,0.05%,119
8687,G-Cotrimoxazole,allopathic,70,1520,(200 mg+40 mg)/5 ml,91
8688,G-Cotrimoxazole,allopathic,92,1520,400 mg+80 mg,91
8689,G-Cromo,allopathic,62,1473,2%,91
8690,G-Dexamethasone,allopathic,26,470,4 mg/ml,91
8691,G-Diazepam,allopathic,26,490,10 mg/2 ml,91
8692,G-Diazepam,allopathic,92,490,5 mg,91
8693,G-Diclofenac,allopathic,24,494,75 mg/3 ml,91
8694,G-Diclofenac,allopathic,92,494,50 mg,91
8695,Gefcin,allopathic,92,712,320 mg,37
8696,Geficent,allopathic,92,709,250 mg,106
8697,Gefinix,allopathic,92,709,250 mg,31
8698,Gefiren,allopathic,92,709,250 mg,196
8699,Geflox,allopathic,37,364,200 mg/100 ml,84
8700,Geflox,allopathic,75,364,250 mg/5 ml,84
8701,Geflox,allopathic,92,364,250 mg,84
8702,Geflox,allopathic,92,364,500 mg,84
8703,Gelaseed,herbal,2,649,1000 mg,217
8704,Gelcin,allopathic,92,712,320 mg,66
8705,Gelicon,allopathic,2,711,300 mg,73
8706,Gelid,allopathic,9,1464,500 mg+100 mg,73
8707,Gelid,allopathic,70,1464,(500 mg+100 mg)/5 ml,73
8708,Gelora,allopathic,65,1060,2% w/w,217
8709,Geloxin,allopathic,92,712,320 mg,75
8710,Geludrox HS,allopathic,9,58,200 mg+200 mg+30 mg,66
8711,Geludrox HS,allopathic,70,58,(200 mg+400 mg+30 mg)/5 ml,66
8712,Gem,allopathic,4,1199,20 mg,140
8713,Gembine,allopathic,37,710,1 gm/vial,101
8714,Gembine,allopathic,37,710,200 mg/vial,101
8715,Gemcetin,allopathic,37,710,1 gm/vial,225
8716,Gemcetin,allopathic,37,710,200 mg/vial,225
8717,Gemcitabin HEXAL,allopathic,37,710,1 gm/vial,206
8718,Gemcitabin HEXAL,allopathic,37,710,200 mg/vial,206
8719,Gemcitabine AqVida,allopathic,37,710,1 gm/vial,23
8720,Gemcitabine AqVida,allopathic,37,710,200 mg/vial,23
8721,Gemcitabine PhaRes,allopathic,37,710,1 gm/vial,176
8722,Gemcitabine PhaRes,allopathic,37,710,200 mg/vial,176
8723,Gemelon,allopathic,92,712,320 mg,150
8724,Gemer,allopathic,96,723,1 mg+500 mg,219
8725,Gemer,allopathic,96,723,2 mg+500 mg,219
8726,Gemicin,allopathic,92,712,320 mg,101
8727,Gemif,allopathic,92,712,320 mg,31
8728,Gemiflox,allopathic,92,712,320 mg,185
8729,Geminox,allopathic,92,712,320 mg,73
8730,Gemiquin,allopathic,92,712,320 mg,114
8731,Gemison,allopathic,11,1062,2%+1%,84
8732,Gemitab,allopathic,92,712,320 mg,105
8733,Gemolol,allopathic,62,1583,0.50%,84
8734,Gemoxen,allopathic,37,710,1 gm/vial,31
8735,Gemoxen,allopathic,37,710,200 mg/vial,31
8736,Gemtor,allopathic,37,710,1 gm/vial,73
8737,Gemtor,allopathic,37,710,200 mg/vial,73
8738,Gemzar,allopathic,37,710,1 gm/vial,71
8739,Gemzar,allopathic,37,710,200 mg/vial,71
8740,Gen HC,allopathic,15,713,0.3%+1%,105
8741,Gen-3,allopathic,2,304,200 mg,17
8742,Gen-3,allopathic,75,304,100 mg/5 ml,17
8743,Gen4,allopathic,26,303,1 gm/vial,105
8744,Gen4,allopathic,26,303,500 mg/vial,105
8745,Gen4,allopathic,38,303,2 gm/vial,105
8746,Genac,allopathic,24,494,75 mg/3 ml,89
8747,Genac,allopathic,92,494,50 mg,89
8748,Genac Plus,allopathic,24,496,(75 mg+20 mg)/2 ml,89
8749,Genacaft,allopathic,62,36,0.25%,84
8750,Genacort,allopathic,58,786,1%,84
8751,Genacyn,allopathic,58,716,0.10%,217
8752,Genacyn,allopathic,62,715,0.30%,217
8753,Genagel,allopathic,60,804,0.30%,84
8754,Genamox,allopathic,2,91,250 mg,84
8755,Genamox,allopathic,2,91,500 mg,84
8756,Genamox,allopathic,72,91,125 mg/1.25 ml,84
8757,Genamox,allopathic,75,91,125 mg/5 ml,84
8758,Genaplex,allopathic,91,1669,,84
8759,Genazopt,allopathic,63,220,1%,84
8760,Genazopt Plus,allopathic,63,221,1%+0.2%,84
8761,Genazopt T,allopathic,63,222,1%+0.5%,84
8762,Genclovir,allopathic,60,703,0.15%,84
8763,Genevir,allopathic,92,563,0.5 mg,84
8764,Genevir,allopathic,92,563,1 mg,84
8765,Genib,allopathic,92,709,250 mg,101
8766,Genisia,allopathic,38,1573,500 mg/vial,217
8767,Genodex,allopathic,4,477,30 mg,233
8768,Genolev,allopathic,62,944,0.50%,84
8769,Genolev,allopathic,92,945,500 mg,84
8770,Genolev TS,allopathic,62,944,1.50%,84
8771,Genopam,allopathic,92,389,0.5 mg,233
8772,Genopam,allopathic,92,389,2 mg,233
8773,Gensulin M30,allopathic,80,841,30%+70% in 100 IU/ml,35
8774,Gensulin M30,allopathic,80,841,30%+70% in 100 IU/ml,35
8775,Gensulin N,allopathic,80,840,100 IU/ml,35
8776,Gensulin R,allopathic,80,839,100 IU/ml,35
8777,Gensulin R,allopathic,80,839,100 IU/ml,35
8778,Gentabac,allopathic,26,714,20 mg/2 ml,185
8779,Gentabac,allopathic,26,714,80 mg/2 ml,185
8780,Gentabac,allopathic,62,715,0.30%,185
8781,Gentabac HC,allopathic,15,713,0.3%+1%,185
8782,Gentacin,allopathic,61,715,0.30%,4
8783,Gentasol,allopathic,26,714,80 mg/2 ml,225
8784,Gentian Violet,allopathic,103,717,2%,142
8785,Genticin HC,allopathic,11,713,0.3%+1%,152
8786,Gentin,allopathic,11,716,0.30%,165
8787,Gentin,allopathic,26,714,20 mg/2 ml,165
8788,Gentin,allopathic,26,714,80 mg/2 ml,165
8789,Gentin,allopathic,61,715,0.30%,164
8790,Gentin,allopathic,62,715,0.30%,164
8791,Gentin HC,allopathic,15,713,0.3%+1%,164
8792,Gento,allopathic,58,716,0.30%,82
8793,Gento,allopathic,61,715,0.30%,82
8794,Gento,allopathic,62,715,0.30%,82
8795,Gentob,allopathic,61,1590,0.30%,84
8796,Gentob,allopathic,62,1590,0.30%,84
8797,Gento-HC,allopathic,11,713,0.3%+1%,82
8798,Gento-HC,allopathic,15,713,0.3%+1%,82
8799,Gentosep,allopathic,11,716,0.30%,35
8800,Gentrim,allopathic,70,1520,(200 mg+40 mg)/5 ml,84
8801,Gentum,allopathic,62,715,0.30%,66
8802,Geofenac TR,allopathic,8,494,100 mg,36
8803,Geoflox,allopathic,92,712,320 mg,210
8804,G-Ephedrine,allopathic,30,566,25 mg/5 ml,91
8805,Gepin,allopathic,26,1368,50 mg/2 ml,84
8806,Gepin,allopathic,91,1368,75 mg/5 ml,84
8807,Gepin,allopathic,92,1368,150 mg,84
8808,Gerdex,allopathic,70,1464,(500 mg+100 mg)/5 ml,105
8809,Gerdnil,allopathic,4,477,30 mg,224
8810,Gerdnil,allopathic,4,477,60 mg,224
8811,Gerdo,allopathic,4,586,20 mg,150
8812,Gerdo,allopathic,95,586,20 mg,161
8813,G-Ergometrine,allopathic,30,573,0.2 mg/ml,91
8814,G-Ergometrine,allopathic,92,573,0.125 mg,91
8815,Geriton-MD,allopathic,92,258,,74
8816,Germ Kill,allopathic,23,867,70%,214
8817,Germfree,allopathic,85,338,0.3%+3%,25
8818,Germfree,allopathic,85,338,1.5%+15%,25
8819,Germgurd,allopathic,23,597,66%+3.5%,180
8820,Germgurd,allopathic,23,868,75%+0.125%+1.45%,180
8821,Germicord,allopathic,103,337,7.10%,217
8822,Germisol,allopathic,23,339,0.5%+70%,217
8823,Germlock,allopathic,23,597,66%+3.5%,62
8824,Geston,allopathic,92,44,5 mg,217
8825,Gestop 28,allopathic,92,605,0.03 mg+0.075 mg,106
8826,Gestrenol,allopathic,92,44,5 mg,196
8827,Getbion,allopathic,92,,100 mg+200 mg+200 mcg,87
8828,Getinib,allopathic,92,709,250 mg,66
8829,G-Ferric,allopathic,39,630,500 mg/10 ml,91
8830,G-Fix,allopathic,2,304,200 mg,82
8831,G-Fix,allopathic,2,304,400 mg,82
8832,G-Fix,allopathic,75,304,100 mg/5 ml,82
8833,G-Flucloxacillin,allopathic,2,651,500 mg,91
8834,G-Flucloxacillin,allopathic,26,651,500 mg/vial,91
8835,G-Flucloxacillin,allopathic,75,651,125 mg/5 ml,91
8836,G-Fresh,allopathic,62,291,0.5%+0.9%,105
8837,G-Frusemide,allopathic,26,695,20 mg/2 ml,91
8838,G-Frusemide,allopathic,92,695,40 mg,91
8839,G-G Vin,allopathic,92,746,500 mg,91
8840,G-Gentamicin,allopathic,26,714,40 mg/2 ml,91
8841,G-Gentamicin,allopathic,26,714,80 mg/2 ml,91
8842,G-Gentamicin,allopathic,62,715,0.30%,91
8843,G-Gliclazide,allopathic,92,721,80 mg,91
8844,G-Haloperidol,allopathic,92,756,5 mg,91
8845,G-Hemodialysis B,allopathic,13,197,,91
8846,G-Heparin,allopathic,30,760,25000 IU/5 ml,91
8847,G-Hyoscine,allopathic,30,802,20 mg/ml,91
8848,G-Hyoscine,allopathic,92,802,10 mg,91
8849,G-Hypophos,allopathic,92,252,667 mg,91
8850,Giane,allopathic,92,432,2 mg+0.035 mg,196
8851,G-Ibuprofen,allopathic,92,811,400 mg,91
8852,Gide,allopathic,92,721,80 mg,135
8853,Gidonic,allopathic,70,524,5 mg/5 ml,157
8854,Gidonic,allopathic,92,524,10 mg,157
8855,Gidora,allopathic,70,524,5 mg/5 ml,197
8856,Gidora,allopathic,92,524,10 mg,197
8857,Gifon,allopathic,92,722,1 mg,143
8858,Gifon,allopathic,92,722,2 mg,143
8859,Gigabac,allopathic,26,411,1 MIU,217
8860,Gigabac,allopathic,26,411,4.5 MIU,217
8861,Gigacef,allopathic,2,321,500 mg,173
8862,Gigacef,allopathic,72,321,125 mg/1.25 ml,173
8863,Gigacef,allopathic,75,321,125 mg/5 ml,173
8864,Giloba,herbal,2,718,120 mg,217
8865,Giloba,herbal,2,718,60 mg,217
8866,Gimrox,allopathic,26,316,750 mg/vial,90
8867,Gimrox,allopathic,75,316,125 mg/5 ml,90
8868,Gimrox,allopathic,92,316,250 mg,90
8869,Gimrox,allopathic,92,316,500 mg,90
8870,Ginax,herbal,2,1234,500 mg,66
8871,Ginera,herbal,2,1234,500 mg,196
8872,Gingo,herbal,2,718,60 mg,4
8873,Gingoba,herbal,92,718,120 mg,105
8874,Gingoba,herbal,92,718,40 mg,105
8875,Ginkgo-B,herbal,2,718,60 mg,25
8876,Ginoba,herbal,2,718,60 mg,190
8877,Ginsina,herbal,2,1234,500 mg,105
8878,Gintex,herbal,2,1234,500 mg,217
8879,Ginton,herbal,2,1234,500 mg,99
8880,Gintonic,herbal,91,1234,300 mg/5 ml,4
8881,Gipid,allopathic,92,722,1 mg,9
8882,Gipid,allopathic,92,722,2 mg,9
8883,G-Ipra,allopathic,55,850,250 mcg/ml,91
8884,Giran,allopathic,92,275,16 mg,25
8885,Giran,allopathic,92,275,8 mg,25
8886,Giran-H,allopathic,92,276,8 mg+12.5 mg,25
8887,G-Iron,allopathic,91,639,200 mg/5 ml,91
8888,G-Iron Folic acid,allopathic,92,637,308 mg+350 mcg,91
8889,Gisin,allopathic,62,715,0.30%,153
8890,Gisin-H,allopathic,15,713,0.3%+1%,153
8891,Gitabin,allopathic,37,710,1 gm/vial,40
8892,Gitabin,allopathic,37,710,200 mg/vial,40
8893,G-Ketamine,allopathic,26,890,50 mg/ml,91
8894,GL-80,allopathic,92,721,80 mg,46
8895,Glad,allopathic,92,721,80 mg,206
8896,Glagin,allopathic,92,721,80 mg,167
8897,Glamor,allopathic,62,481,0.2%+0.2%,105
8898,Glarine,allopathic,80,837,100 IU/ml,2
8899,Glarine,allopathic,80,837,100 IU/ml,2
8900,Glarine,allopathic,80,837,100 IU/ml,2
8901,Glaxipro,allopathic,92,364,500 mg,88
8902,Glazide,allopathic,92,721,80 mg,225
8903,Gleazy,allopathic,101,795,(1 gm + 1.3 gm)/50 gm,217
8904,Gleek,allopathic,92,721,80 mg,231
8905,Glemep,allopathic,92,722,1 mg,101
8906,Glemep,allopathic,92,722,2 mg,101
8907,Glemep,allopathic,92,722,4 mg,101
8908,Gleron,allopathic,92,1578,90 mg,196
8909,Glica,allopathic,92,721,80 mg,141
8910,Glicana,allopathic,92,274,100 mg,106
8911,Glicasil,allopathic,92,721,80 mg,212
8912,Gliclid,allopathic,92,721,80 mg,4
8913,Gliclid MR,allopathic,98,721,30 mg,4
8914,Gliclid MR,allopathic,98,721,60 mg,4
8915,Glicron,allopathic,92,721,80 mg,196
8916,Glicron CR,allopathic,3,721,30 mg,196
8917,G-Lidocaine,allopathic,30,957,2%,91
8918,G-Lidocaine with Adrenaline,allopathic,30,954,2%+0.0005%,91
8919,Glifo,allopathic,92,556,10 mg,4
8920,Glifo,allopathic,92,556,25 mg,4
8921,Glifo-M,allopathic,92,558,5 mg+500 mg,4
8922,Glifomet,allopathic,92,558,5 mg+500 mg,150
8923,Glikazid,allopathic,92,721,80 mg,73
8924,Glikazid MR,allopathic,98,721,30 mg,73
8925,Glikazid MR,allopathic,98,721,60 mg,73
8926,Glimerol,allopathic,92,724,5 mg,66
8927,Glimet,allopathic,92,1378,1 mg,66
8928,Glimet,allopathic,92,1039,850 mg,140
8929,Glimicron,allopathic,92,721,80 mg,226
8930,Glimicron MR,allopathic,98,721,30 mg,226
8931,Glimicron MR,allopathic,98,721,60 mg,226
8932,Glimirid,allopathic,92,722,1 mg,2
8933,Glimirid,allopathic,92,722,2 mg,2
8934,Glimirid,allopathic,92,722,3 mg,2
8935,Glimirid,allopathic,92,722,4 mg,2
8936,Glimitus,allopathic,92,722,1 mg,240
8937,Glimitus,allopathic,92,722,2 mg,240
8938,Glimitus,allopathic,92,722,3 mg,240
8939,Glimitus,allopathic,92,722,4 mg,240
8940,Glimitus M,allopathic,96,723,1 mg+500 mg,240
8941,Glimitus M,allopathic,96,723,2 mg+500 mg,240
8942,Glims,allopathic,92,722,1 mg,165
8943,Glims,allopathic,92,722,2 mg,165
8944,Glims,allopathic,92,722,3 mg,165
8945,Glims,allopathic,92,722,4 mg,165
8946,Glims M,allopathic,96,723,1 mg+500 mg,165
8947,Glims M,allopathic,96,723,2 mg+500 mg,165
8948,Glinta,allopathic,92,962,5 mg,196
8949,Glinta-M,allopathic,92,963,2.5 mg+500 mg,196
8950,Glinta-M,allopathic,92,963,2.5 mg+850 mg,196
8951,Glipatab,allopathic,92,556,10 mg,105
8952,Glipatab,allopathic,92,556,25 mg,105
8953,Glipita,allopathic,92,1461,100 mg,35
8954,Glipita,allopathic,92,1461,50 mg,35
8955,Glipita-M,allopathic,92,1462,50 mg+1000 mg,35
8956,Glipita-M,allopathic,92,1462,50 mg+500 mg,35
8957,Glipita-M,allopathic,96,1462,50 mg+1000 mg,35
8958,Glipita-M,allopathic,96,1462,50 mg+500 mg,35
8959,Glipxen,allopathic,92,962,5 mg,31
8960,Glipxen-M,allopathic,92,963,2.5 mg+500 mg,31
8961,Glirid,allopathic,92,722,1 mg,84
8962,Glirid,allopathic,92,722,2 mg,84
8963,Glirol,allopathic,92,721,80 mg,108
8964,Glitab,allopathic,92,721,80 mg,104
8965,Glitamin,allopathic,92,1282,15 mg+500 mg,226
8966,Glitamin,allopathic,92,1282,15 mg+850 mg,226
8967,Glitazon,allopathic,92,1280,15 mg,105
8968,Glitin,allopathic,92,962,5 mg,2
8969,Glitin M,allopathic,92,963,2.5 mg+1000 mg,2
8970,Glitin M,allopathic,92,963,2.5 mg+500 mg,2
8971,Glitin M,allopathic,92,963,2.5 mg+850 mg,2
8972,Glitz,allopathic,92,721,80 mg,210
8973,Glivec,allopathic,2,815,100 mg,156
8974,Glivir,allopathic,92,721,80 mg,235
8975,Glix,allopathic,92,721,80 mg,150
8976,Glix MR,allopathic,98,721,30 mg,150
8977,Glizid,allopathic,92,721,80 mg,165
8978,Glizid MR,allopathic,98,721,30 mg,165
8979,Glizid MR,allopathic,98,721,60 mg,165
8980,Globexim,allopathic,2,304,200 mg,90
8981,Globexim,allopathic,75,304,200 mg/5 ml,90
8982,Glomox,allopathic,62,1089,0.50%,89
8983,Glophen,allopathic,62,331,0.50%,89
8984,Glophen D,allopathic,62,472,0.1%+0.5%,89
8985,Glory,allopathic,8,286,50 mg+0.50 mg+61.80 mg,171
8986,G-Losartan,allopathic,92,982,25 mg,91
8987,G-Losartan,allopathic,92,982,50 mg,91
8988,Glovit Gold,allopathic,92,1100,,90
8989,Glovocef,allopathic,2,321,500 mg,90
8990,Glovocef,allopathic,75,321,125 mg/5 ml,90
8991,Glovolac,allopathic,69,911,3.35 gm/5 ml,90
8992,Gloxen,allopathic,92,1133,250 mg,89
8993,Gloxen,allopathic,92,1133,500 mg,89
8994,Glucart,allopathic,92,726,500 mg,171
8995,Glucerin,allopathic,92,729,750 mg+50 mg,27
8996,Glucium,allopathic,92,727,250 mg+200 mg,37
8997,Glucium,allopathic,92,727,750 mg+600 mg,37
8998,Glucium-D,allopathic,92,729,750 mg+50 mg,37
8999,Gluco-A,allopathic,92,8,100 mg,4
9000,Gluco-A,allopathic,92,8,50 mg,4
9001,Glucoact,allopathic,92,721,80 mg,233
9002,Glucocare,allopathic,92,721,80 mg,64
9003,Glucodip,allopathic,92,1461,100 mg,219
9004,Glucodip,allopathic,92,1461,25 mg,219
9005,Glucodip,allopathic,92,1461,50 mg,219
9006,Glucodip MXR,allopathic,96,1462,50 mg+1000 mg,219
9007,Glucodip MXR,allopathic,96,1462,50 mg+500 mg,219
9008,Glucohart,allopathic,37,488,,185
9009,Glucolin,allopathic,37,487,5%,185
9010,Glucolin DS,allopathic,37,487,10%,185
9011,Glucomet,allopathic,92,1039,500 mg,25
9012,Glucomet,allopathic,92,1039,850 mg,25
9013,Glucomet XR,allopathic,96,1039,500 mg,25
9014,Glucomet XR,allopathic,96,1039,750 mg,25
9015,Glucomin,allopathic,92,1039,500 mg,155
9016,Glucomin,allopathic,92,1039,850 mg,155
9017,Glucomin XR,allopathic,96,1039,1000 mg,155
9018,Glucomin XR,allopathic,96,1039,500 mg,155
9019,Glucon,allopathic,92,720,5 mg,165
9020,Gluconil,allopathic,92,720,5 mg,4
9021,Gluconor,allopathic,92,722,1 mg,25
9022,Gluconor,allopathic,92,722,2 mg,25
9023,Glucorid,allopathic,92,722,1 mg,37
9024,Glucorid,allopathic,92,722,2 mg,37
9025,Glucort,allopathic,26,783,100 mg/2 ml,89
9026,Glucosal,allopathic,37,1471,0.9%+5%,185
9027,Glucose Saline,allopathic,37,1471,0.9%+5%,109
9028,Glucostat,allopathic,92,721,80 mg,37
9029,Glucotin Max,allopathic,92,729,750 mg+50 mg,66
9030,Glucotin Plus,allopathic,92,727,250 mg+200 mg,66
9031,Glucovis,allopathic,62,193,0.25%,35
9032,Glucozid,allopathic,92,721,80 mg,25
9033,Glucozid MR,allopathic,98,721,30 mg,25
9034,Glucozid MR,allopathic,98,721,60 mg,25
9035,Gludex,allopathic,26,470,5 mg/ml,119
9036,Gludex,allopathic,62,471,0.10%,119
9037,Gludex,allopathic,92,470,0.5 mg,119
9038,Glumol,allopathic,62,1583,0.50%,89
9039,Glumol Plus,allopathic,62,219,0.2%+0.5%,89
9040,Glunor,allopathic,92,1039,500 mg,73
9041,Glunor,allopathic,92,1039,850 mg,73
9042,Glunor OD,allopathic,71,1039,500 mg,73
9043,Glunor XR,allopathic,96,1039,500 mg,73
9044,Gluretor,allopathic,92,1378,0.5 mg,173
9045,Gluretor,allopathic,92,1378,1 mg,173
9046,Gluretor,allopathic,92,1378,2 mg,173
9047,Glustin,allopathic,92,726,500 mg,84
9048,Glustin Max,allopathic,92,729,750 mg+50 mg,84
9049,Glustin Plus,allopathic,11,728,2%+3%+3.1%+0.12%,84
9050,Glustin Plus,allopathic,92,727,250 mg+200 mg,84
9051,Glustin TS,allopathic,92,727,750 mg+600 mg,84
9052,Glutec,allopathic,92,1039,500 mg,225
9053,Glutec,allopathic,92,1039,850 mg,225
9054,Glutim,allopathic,92,722,1 mg,225
9055,Gluvan,allopathic,92,1661,50 mg,25
9056,Gluvan Plus,allopathic,92,1662,50 mg+500 mg,25
9057,Gluvan Plus,allopathic,92,1662,50 mg+850 mg,25
9058,Gluvil,allopathic,92,1661,50 mg,9
9059,Gluzit,allopathic,92,721,80 mg,185
9060,Gly,allopathic,70,1057,200 mg/5 ml,27
9061,Gly,allopathic,92,1057,400 mg,27
9062,Glycare,allopathic,28,738,50 mcg,101
9063,Glycema,allopathic,92,442,10 mg,2
9064,Glycema,allopathic,92,442,5 mg,2
9065,Glycenor,allopathic,92,556,10 mg,185
9066,Glycenor,allopathic,92,556,25 mg,185
9067,Glycenor M,allopathic,92,558,5 mg+500 mg,185
9068,Glycine,allopathic,36,737,1.50%,164
9069,Glymin,allopathic,92,1039,500 mg,101
9070,Glymin,allopathic,92,1039,850 mg,101
9071,Glymin XR,allopathic,96,1039,500 mg,101
9072,Glympa,allopathic,92,557,10 mg+5 mg,217
9073,Glympa,allopathic,92,557,25 mg+5 mg,217
9074,Glypeg,allopathic,62,735,0.2%+0.36%+1%,4
9075,Glypressin,allopathic,38,1562,1 mg/8.5 ml,79
9076,Glyriva,allopathic,28,738,50 mcg,35
9077,Glyriva,allopathic,78,741,25 mcg/ml,35
9078,Glyset Mix,allopathic,80,832,100 IU/ml,106
9079,Glyset Mix,allopathic,80,832,100 IU/ml,106
9080,Glyset R,allopathic,80,1340,100 IU/ml,106
9081,Glyset R,allopathic,80,1340,100 IU/ml,106
9082,Glysup,allopathic,89,732,1.15 gm,217
9083,Glysup,allopathic,89,732,2.30 gm,217
9084,Glytas,allopathic,92,721,80 mg,240
9085,Glytas MR,allopathic,98,721,30 mg,240
9086,Glytear,allopathic,62,1292,0.4%+0.3%,84
9087,Glyxam,allopathic,92,557,10 mg+5 mg,185
9088,Glyxam,allopathic,92,557,25 mg+5 mg,185
9089,Glyza,allopathic,92,1439,2.5 mg,105
9090,Glyza,allopathic,92,1439,5 mg,105
9091,G-Magsulph,allopathic,26,1001,2.5 gm/5 ml,91
9092,G-Magsulph,allopathic,37,1002,4 gm/100 ml,91
9093,G-Metformin,allopathic,92,1039,500 mg,91
9094,G-Metformin,allopathic,92,1039,850 mg,91
9095,G-Metronidazole,allopathic,37,1057,500 mg/100 ml,91
9096,G-Metronidazole,allopathic,70,1057,200 mg/5 ml,91
9097,G-Metronidazole,allopathic,92,1057,200 mg,91
9098,G-Metronidazole,allopathic,92,1057,400 mg,91
9099,G-Miconazole,allopathic,11,1061,2%,91
9100,G-Misoprostol,allopathic,92,1074,200 mcg,91
9101,G-Multivitamin,allopathic,72,1112,,91
9102,G-Neostigmine,allopathic,30,1147,0.5 mg/ml,91
9103,Gobison,herbal,2,718,120 mg,43
9104,GoCal-D,allopathic,92,255,500 mg+200 IU,24
9105,GOL,allopathic,69,995,,217
9106,Gold A-Z,allopathic,92,1100,,74
9107,Gold Kid,allopathic,91,1097,,171
9108,Goldage,allopathic,92,1100,,171
9109,Goldpac,allopathic,92,1100,,173
9110,G-Omeprazole,allopathic,4,1199,20 mg,91
9111,G-Omeprazole,allopathic,38,1199,40 mg/vial,91
9112,Gonal-F,allopathic,30,686,300 IU/vial,138
9113,Gonal-F,allopathic,30,686,450 IU/vial,138
9114,Goodbac-3S,herbal,2,1323,4 billion,25
9115,GoodGut,herbal,2,1323,4 billion,196
9116,Gored,allopathic,92,721,80 mg,84
9117,Gored MR,allopathic,98,721,30 mg,84
9118,G-ORS,allopathic,67,1205,13.95 gm,91
9119,Goustat,allopathic,92,623,40 mg,4
9120,Goutex,allopathic,92,43,100 mg,37
9121,Goutex,allopathic,92,43,300 mg,37
9122,Goutil,allopathic,92,623,40 mg,73
9123,Goutil,allopathic,92,623,80 mg,73
9124,G-Paracetamol,allopathic,70,1238,120 mg/5 ml,91
9125,G-Paracetamol,allopathic,70,1238,120 mg/5 ml,91
9126,G-Paracetamol,allopathic,92,1238,500 mg,91
9127,G-Penicillin V,allopathic,75,1270,125 mg/5 ml,91
9128,G-Penicillin V,allopathic,92,1270,250 mg,91
9129,Gpentin,allopathic,92,700,300 mg,165
9130,G-Phase,allopathic,92,1039,500 mg,67
9131,G-Phase,allopathic,92,1039,850 mg,67
9132,G-Phenobarbitone,allopathic,30,1269,200 mg/ml,91
9133,G-Phenobarbitone,allopathic,92,1269,30 mg,91
9134,G-Prazosin,allopathic,92,1309,1 mg,91
9135,G-Prazosin,allopathic,92,1309,2 mg,91
9136,G-Prazosin,allopathic,96,1309,5 mg,91
9137,G-Prednisolone,allopathic,92,1311,5 mg,91
9138,GQ-400,allopathic,92,707,400 mg,228
9139,Grafil,allopathic,40,643,300 mcg/0.5 ml,66
9140,G-Ramipril,allopathic,92,1364,2.5 mg,91
9141,G-Ramipril,allopathic,92,1364,5 mg,91
9142,G-Ranitidin,allopathic,92,1368,150 mg,91
9143,Granocyte,allopathic,80,929,34 MIU/vial,222
9144,Grastim,allopathic,40,643,300 mcg/0.5 ml,217
9145,Greatnap,allopathic,94,1134,500 mg+20 mg,67
9146,Greenox,allopathic,2,121,2 mg,114
9147,Greenox,allopathic,2,121,4 mg,114
9148,Griseofulvin,allopathic,92,746,500 mg,19
9149,Griseofulvin FP,allopathic,92,746,500 mg,42
9150,Grisin,allopathic,92,746,500 mg,207
9151,Grisofulvin M,allopathic,92,746,500 mg,141
9152,Grisovin FP,allopathic,92,746,500 mg,88
9153,Grisozen,allopathic,92,746,500 mg,239
9154,Grofenac,allopathic,92,9,100 mg,187
9155,Grow,allopathic,91,1703,10 mg/5 ml,67
9156,G-Salbutamol,allopathic,78,1419,5 mg/ml,91
9157,G-Salbutamol,allopathic,91,1419,2 mg/5 ml,91
9158,G-Salbutamol,allopathic,92,1419,4 mg,91
9159,G-Tetracycline,allopathic,2,1568,250 mg,91
9160,G-Tetracycline,allopathic,58,1569,3%,91
9161,G-Tetracycline,allopathic,61,1567,1%,91
9162,G-Theophylline,allopathic,91,1571,120 mg/5 ml,91
9163,G-Theophylline,allopathic,92,1571,300 mg,91
9164,G-Thiazide T,allopathic,92,782,25 mg+50 mg,91
9165,G-Thiopentone,allopathic,38,1573,1 gm/vial,91
9166,G-Thiopentone,allopathic,38,1573,500 mg/vial,91
9167,GTN,allopathic,104,1173,400 mcg/spray,73
9168,GTN SR,allopathic,100,1172,2.6 mg,73
9169,Guamin,allopathic,92,1039,850 mg,5
9170,Gutfix,allopathic,2,987,24 mcg,217
9171,Gutfix,allopathic,2,987,8 mcg,217
9172,Gutset,allopathic,70,524,5 mg/5 ml,5
9173,Gutset,allopathic,72,524,5 mg/ml,5
9174,Gutset,allopathic,92,524,10 mg,5
9175,G-Vitamin B Complex,allopathic,26,1669,,91
9176,G-Vitamin B Complex,allopathic,91,1669,,91
9177,G-Vitamin B Complex,allopathic,92,1669,,91
9178,G-Vitamin B1,allopathic,92,1572,100 mg,91
9179,G-Vitamin B12,allopathic,24,425,1 mg/ml,91
9180,G-Vitamin B2,allopathic,92,1383,5 mg,91
9181,G-Vitamin B6,allopathic,92,1351,25 mg,91
9182,G-Vitamin C,allopathic,9,1676,250 mg,91
9183,G-Water for injection,allopathic,41,1686,5 ml/ampoule,91
9184,G-Xylometazoline,allopathic,52,1690,0.10%,91
9185,Gynastin,allopathic,110,1059,,4
9186,Gyned,allopathic,110,1059,,173
9187,Gynepro,allopathic,110,1059,,217
9188,Gynest,allopathic,107,593,0.10%,4
9189,Gynoheal,allopathic,110,1059,,89
9190,Gynolac,herbal,2,1320,2.3 billion,66
9191,Gynomix,allopathic,110,1059,,66
9192,Gynoril,allopathic,110,1059,,165
9193,Gynova,allopathic,92,590,2 mg,196
9194,Gynoxin,allopathic,110,1059,,25
9195,G-Zinc,allopathic,91,1703,10 mg/5 ml,91
9196,G-Zinc,allopathic,92,1703,20 mg,91
9197,H Ben,allopathic,9,34,400 mg,104
9198,H2-150,allopathic,92,1368,150 mg,21
9199,Habesol,allopathic,58,754,0.05%,180
9200,Haemaccel,allopathic,37,1294,3.50%,184
9201,Haemozin TR,allopathic,8,641,150 mg+0.5 mg+61.8 mg,
9202,Hairgain,allopathic,83,1071,2%,229
9203,Hairgain,allopathic,83,1071,5%,229
9204,Hairgrow,allopathic,83,1071,2%,73
9205,Hairgrow,allopathic,83,1071,5%,73
9206,Hajmo-A,herbal,92,1651,500 mg,4
9207,Halaven,allopathic,37,575,1 mg/2 ml,70
9208,Halobet,allopathic,11,754,0.05%,217
9209,Halobet,allopathic,58,754,0.05%,217
9210,Halocort,allopathic,11,754,0.05%,2
9211,Halocort,allopathic,58,754,0.05%,2
9212,Halop,allopathic,92,756,5 mg,165
9213,Halopen,allopathic,2,651,250 mg,155
9214,Halopen,allopathic,2,651,500 mg,155
9215,Halopen,allopathic,75,651,125 mg/5 ml,155
9216,Halopid,allopathic,24,756,5 mg/ml,106
9217,Halopid,allopathic,92,756,5 mg,106
9218,Halosin,allopathic,86,757,1.87 gm/ml,2
9219,Halotab,allopathic,92,752,15 mg,216
9220,Halotab,allopathic,92,752,50 mg,216
9221,Halotab,allopathic,92,752,7.5 mg,216
9222,Halotaz,allopathic,45,755,0.01% + 0.045%,4
9223,Haloxa,allopathic,11,754,0.05%,165
9224,Haloxa,allopathic,58,754,0.05%,165
9225,Hamdard Chyabanprash,herbal,70,551,,99
9226,Hamdard Hand Sanitizer,allopathic,23,868,75%+0.125%+1.45%,99
9227,Hamdard ORS,allopathic,67,1205,13.95 gm,99
9228,Hand Clean,allopathic,23,597,66.5%+3.5%,106
9229,Handigel,allopathic,23,597,66%+3.5%,84
9230,Handirub,allopathic,23,339,0.5%+70%,73
9231,HandiSafe,allopathic,23,610,96%+3%+98%,73
9232,Handisol,allopathic,23,339,0.5%+70%,94
9233,Handiwash,allopathic,23,339,0.5%+70%,84
9234,Handsafe,allopathic,23,339,0.5%+70%,224
9235,Handsan,allopathic,23,868,75%+0.125%+1.45%,155
9236,Hanpy,herbal,92,450,64.28 mg+42.86 mg+21.43 mg,99
9237,Hanrhoid,herbal,92,328,125 mg+125 mg,99
9238,Hanrhoid-B,herbal,92,749,100 mg+33.33 mg+16.67 mg,99
9239,Hantar,herbal,92,1687,1.66 gm+1.66 gm+1.66 gm,99
9240,Happymix,allopathic,67,1099,1 gm/sachet,4
9241,Happymix-5,allopathic,67,854,1 gm/sachet,4
9242,Happynap,allopathic,58,1697,40%,66
9243,Happysol,allopathic,52,1468,0.90%,4
9244,Hapytab ER,allopathic,96,467,50 mg,73
9245,Har D,allopathic,92,257,500 mg+200 IU,64
9246,Hartmann,allopathic,37,758,,164
9247,Hartmann,allopathic,37,758,,170
9248,Hartsol,allopathic,37,758,,128
9249,Hartsol Plus,allopathic,37,488,,128
9250,Havrix,allopathic,24,761,1440 unit/1 ml,88
9251,Havrix,allopathic,24,761,720 unit/0.5 ml,88
9252,Hax,allopathic,92,178,6 mg+200 mg+50 mg,104
9253,HCG,allopathic,24,773,10000 IU/vial,185
9254,HCG,allopathic,24,773,5000 IU/vial,185
9255,HCQ,allopathic,92,794,200 mg,229
9256,Healer,allopathic,4,1199,20 mg,17
9257,Hectamox,allopathic,2,91,250 mg,140
9258,Hectamox,allopathic,2,91,500 mg,140
9259,Hectamox,allopathic,72,91,125 mg/1.25 ml,140
9260,Hectamox,allopathic,75,91,125 mg/5 ml,140
9261,Hectamox DS,allopathic,75,91,250 mg/5 ml,140
9262,Hedex,allopathic,92,1240,500 mg+65 mg,171
9263,Heel Guard,allopathic,11,1639,25% w/w,229
9264,Helax,herbal,92,48,130.43 mg+86.96 mg+18.12mg,99
9265,Helben,allopathic,70,1011,100 mg/5 ml,5
9266,Helben DS,allopathic,9,34,400 mg,141
9267,Helicon Kit,allopathic,92,918,30 mg+1000 mg+500 mg,84
9268,Helmisole,allopathic,91,934,40 mg/5 ml,82
9269,Helmisole,allopathic,92,934,40 mg,82
9270,Helmox,allopathic,9,1011,100 mg,197
9271,Helmox,allopathic,70,1011,100 mg/5 ml,197
9272,Helo,allopathic,31,1481,0.20%,48
9273,Hema,allopathic,8,286,50 mg+0.50 mg+61.80 mg,64
9274,Hemax PG,allopathic,2,684,500 mg+22.5 mg,53
9275,Hemax TR,allopathic,92,860,47 mg+0.5 mg+22.5 mg,53
9276,Hemo Plus,allopathic,8,286,50 mg+0.50 mg+61.80 mg,239
9277,Hemo Z TR,allopathic,8,641,150 mg+0.5 mg+61.8 mg,27
9278,Hemobin,allopathic,91,639,200 mg/5 ml,239
9279,Hemofer,allopathic,39,862,100 mg/5 ml,185
9280,Hemofix,allopathic,92,634,33 mg,35
9281,Hemofix FZ,allopathic,92,635,48 mg+0.5 mg+22.5 mg,35
9282,Hemofol TR,allopathic,8,637,200 mg+200 mcg,34
9283,Hemoject,allopathic,39,630,1 gm/20 ml,161
9284,Hemoject,allopathic,39,630,500 mg/10 ml,161
9285,HemoMax,allopathic,39,862,100 mg/5 ml,180
9286,Hemomin,allopathic,62,771,2%,153
9287,Hemoral,allopathic,92,1063,450 mg+50 mg,25
9288,Hemorif,allopathic,92,1063,450 mg+50 mg,217
9289,Hemorif DS,allopathic,92,1063,900 mg+100 mg,217
9290,Hemorise,allopathic,39,630,100 mg/2 ml,4
9291,Hemorise,allopathic,39,630,1 gm/20 ml,4
9292,Hemorise,allopathic,39,630,500 mg/10 ml,4
9293,Hemorist,herbal,91,4,,4
9294,Hemosin,allopathic,30,74,1 gm/5 ml,48
9295,Hemosol-A,allopathic,13,14,,217
9296,Hemosol-B,allopathic,13,197,,217
9297,Hemostat,allopathic,2,1605,500 mg,25
9298,Hemostop,allopathic,2,1605,500 mg,20
9299,Hemotrax,allopathic,92,1605,500 mg,229
9300,Henlix,allopathic,92,1388,200 mg,2
9301,Henlix,allopathic,92,1388,550 mg,2
9302,Henxit,allopathic,92,669,0.5 mg+10 mg,104
9303,Hepa,allopathic,70,1238,120 mg/5 ml,104
9304,Hepa,allopathic,92,1238,500 mg,104
9305,Hepa-B,allopathic,24,763,10 mcg/0.5 ml,106
9306,Hepa-B,allopathic,24,763,20 mcg/ml,106
9307,Hepaclin,allopathic,38,979,5 gm/10 ml,106
9308,Hepaclin,allopathic,67,979,3 gm/sachet,106
9309,Hepagurd,allopathic,67,979,3 gm/sachet,35
9310,Hepalgin,herbal,92,888,,99
9311,Hepamarin,herbal,2,1458,140 mg,25
9312,HepaMerz,allopathic,92,980,150 mg+100 mg,146
9313,Hepamilk,herbal,2,1458,140 mg,4
9314,Hepamilk,herbal,2,1458,70 mg,4
9315,Hepanib,allopathic,92,1498,200 mg,76
9316,Hepanor,herbal,2,1458,140 mg,66
9317,Hepanor,herbal,2,1458,70 mg,66
9318,Hepa-Plus,allopathic,92,1240,500 mg+65 mg,104
9319,Heparin Leo,allopathic,30,760,25000 IU/5 ml,126
9320,Heparin-Rotex,allopathic,30,760,25000 IU/5 ml,
9321,Heparon,allopathic,30,760,25000 IU/5 ml,31
9322,Hepatab,allopathic,92,1388,200 mg,105
9323,Hepatab,allopathic,92,1388,550 mg,105
9324,Hepatolin,herbal,91,1403,,4
9325,Hepavax-B,allopathic,24,763,20 mcg/ml,185
9326,Hepavir,allopathic,92,912,100 mg,217
9327,Hepaximin,allopathic,92,1388,200 mg,25
9328,Hepaximin,allopathic,92,1388,550 mg,25
9329,Hepcee,allopathic,92,1493,400 mg,114
9330,Heplol,allopathic,92,979,150 mg,217
9331,Hepta Seas,allopathic,91,1097,,2
9332,Heptavit,allopathic,72,1112,,
9333,Herceptin,allopathic,37,1606,440 mg/20 ml,200
9334,Herceptin,allopathic,80,1606,600 mg/5 ml,200
9335,Herculix,allopathic,24,315,1 gm/vial,120
9336,Herculix,allopathic,24,315,500 mg/vial,120
9337,Herculix,allopathic,38,315,1 gm/vial,120
9338,Herculix,allopathic,38,315,2 gm/vial,120
9339,Herculix,allopathic,38,315,500 mg/vial,120
9340,Hermin,herbal,92,1375,,99
9341,Hernix,allopathic,92,1149,40 mg,31
9342,Herpigel,allopathic,60,703,0.15%,185
9343,Herplex,allopathic,62,812,0.10%,164
9344,Hertin,allopathic,37,1606,440 mg/20 ml,225
9345,Hertinib,allopathic,92,1149,40 mg,66
9346,Hexaplex,allopathic,91,1669,,113
9347,Hexasia,allopathic,23,339,0.5%+70%,180
9348,Hexaxim,allopathic,80,,0.5 ml/prefilled syringe,222
9349,Hexicon,allopathic,23,339,0.5%+70%,53
9350,Hexicord,allopathic,103,337,7.10%,2
9351,Hexidine,allopathic,23,339,0.5%+70%,92
9352,Hexigard,allopathic,23,339,0.5%+70%,210
9353,Hexigen,allopathic,23,339,0.5%+70%,36
9354,Hexihygin,allopathic,23,339,0.5%+70%,75
9355,Hexil,allopathic,23,339,0.5%+70%,14
9356,Hexilab,allopathic,23,868,75%+0.125%+1.45%,122
9357,Heximax,allopathic,92,1620,2 mg,92
9358,Heximax,allopathic,92,1620,5 mg,92
9359,Hexinaaf,allopathic,23,339,0.5%+70%,149
9360,Hexinor,allopathic,91,1620,2 mg/5 ml,31
9361,Hexinor,allopathic,92,1620,1 mg,31
9362,Hexinor,allopathic,92,1620,2 mg,31
9363,Hexinor,allopathic,92,1620,5 mg,31
9364,Hexion,allopathic,23,339,0.5%+70%,171
9365,Hexiphen,allopathic,92,1620,2 mg,84
9366,Hexiphen,allopathic,92,1620,5 mg,84
9367,Hexirest,allopathic,92,1620,2 mg,76
9368,Hexirest,allopathic,92,1620,5 mg,76
9369,Hexirub,allopathic,23,868,75%+0.125%+1.45%,53
9370,Hexiscrub,allopathic,23,336,4%,2
9371,Hexisol,allopathic,23,339,0.5%+70%,2
9372,Hexitane,allopathic,11,335,1%,2
9373,Hexizen,allopathic,23,339,0.5%+70%,239
9374,HexyClore,allopathic,23,339,0.5%+70%,105
9375,Hi Floxin,allopathic,70,1520,(200 mg+40 mg)/5 ml,104
9376,Hi Floxin,allopathic,92,1520,400 mg+80 mg,104
9377,Hi Gel,allopathic,9,57,250 mg+400 mg,104
9378,Hi Tac,allopathic,92,1368,150 mg,104
9379,Hiberix,allopathic,30,751,10 mcg/0.5 ml,88
9380,Hi-C,allopathic,91,1676,100 mg/5 ml,73
9381,Hi-cef,allopathic,2,320,500 mg,104
9382,Hi-cef,allopathic,75,320,125 mg/5 ml,104
9383,Hi-clox,allopathic,2,401,500 mg,104
9384,Hi-clox,allopathic,75,401,125 mg/5 ml,104
9385,Hiconcil,allopathic,2,91,250 mg,136
9386,Hiconcil,allopathic,2,91,500 mg,136
9387,Hiconcil,allopathic,75,91,125 mg/5 ml,136
9388,Hi-D,allopathic,2,410,20000 IU,185
9389,Hi-D,allopathic,2,410,40000 IU,185
9390,Hi-D,allopathic,24,410,200000 IU/ml,185
9391,Hi-D,allopathic,92,410,2000 IU,185
9392,Hidin,allopathic,48,1303,1% w/v,135
9393,Hidin,allopathic,58,1303,5% w/w,135
9394,Hifenac,allopathic,92,9,100 mg,64
9395,Hi-Fenac,allopathic,92,494,50 mg,104
9396,Hi-Fenac TR,allopathic,8,494,100 mg,104
9397,Hi-Flow,allopathic,6,1535,0.4 mg,185
9398,Hi-Flow D,allopathic,2,1536,0.4 mg+0.5 mg,185
9399,Hiflox,allopathic,75,364,250 mg/5 ml,16
9400,Hiflox,allopathic,92,364,500 mg,16
9401,Hiflox,allopathic,92,364,750 mg,16
9402,Hi-Floxin,allopathic,92,364,500 mg,104
9403,Hiflox-XR,allopathic,96,364,1000 mg,16
9404,Hi-Lac,allopathic,92,896,10 mg,104
9405,Hi-met,allopathic,92,1039,850 mg,104
9406,Hi-mox,allopathic,2,91,250 mg,104
9407,Hi-mox,allopathic,75,91,125 mg/5 ml,104
9408,Hi-mox DS,allopathic,2,91,500 mg,104
9409,Hipomax,allopathic,92,1040,1 gm,161
9410,Hiposul,allopathic,26,1669,,82
9411,Hiposul,allopathic,91,1669,,82
9412,Hiprazole,allopathic,95,1237,20 mg,104
9413,Hipre,allopathic,92,81,10 mg,173
9414,Hipre,allopathic,92,81,5 mg,173
9415,Hipre Plus,allopathic,92,82,5 mg+50 mg,173
9416,Hiprex,allopathic,92,178,6 mg+200 mg+50 mg,120
9417,Hisnul,allopathic,91,345,2 mg/5 ml,215
9418,Hison,allopathic,26,783,100 mg/2 ml,2
9419,Histacet,allopathic,91,324,5 mg/5 ml,136
9420,Histacet,allopathic,92,324,10 mg,136
9421,Histacin,allopathic,30,345,10 mg/ml,113
9422,Histacin,allopathic,91,345,2 mg/5 ml,113
9423,Histacin,allopathic,92,345,4 mg,113
9424,Histaco,allopathic,91,345,2 mg/5 ml,221
9425,Histadyl,allopathic,91,345,2 mg/5 ml,197
9426,Histadyl,allopathic,92,345,4 mg,197
9427,Histafen,allopathic,92,642,120 mg,113
9428,Histal,allopathic,91,345,2 mg/5 ml,165
9429,Histal,allopathic,92,345,4 mg,165
9430,Histalex,allopathic,91,345,2 mg/5 ml,4
9431,Histalex,allopathic,92,345,4 mg,4
9432,Histamin,allopathic,91,345,2 mg/5 ml,194
9433,Histamin,allopathic,92,345,4 mg,194
9434,Histanol,allopathic,91,345,2 mg/5 ml,48
9435,Histanol,allopathic,92,345,4 mg,48
9436,Histaphen,allopathic,69,1331,5 mg/5 ml,207
9437,Histasip,allopathic,91,345,2 mg/5 ml,29
9438,Histason,allopathic,91,345,2 mg/5 ml,104
9439,Histason,allopathic,92,345,4 mg,104
9440,Histatab,allopathic,92,345,4 mg,42
9441,Histavil,allopathic,69,1331,5 mg/5 ml,173
9442,Histerzin,allopathic,69,1331,5 mg/5 ml,67
9443,Histin,allopathic,69,1331,5 mg/5 ml,21
9444,Histin,allopathic,92,345,4 mg,21
9445,Histosin,allopathic,91,345,2 mg/5 ml,8
9446,Histosin,allopathic,92,345,4 mg,8
9447,Hitagen,allopathic,91,345,2 mg/5 ml,84
9448,Hitagen,allopathic,92,345,4 mg,84
9449,Hitflam,allopathic,24,494,75 mg/3 ml,16
9450,Hitflam,allopathic,92,494,50 mg,16
9451,Hitflam-SR,allopathic,100,494,100 mg,16
9452,Hi-Trol,allopathic,91,324,5 mg/5 ml,104
9453,Hi-Trol,allopathic,92,324,10 mg,104
9454,Hi-Vol,allopathic,37,796,6%+0.9%,185
9455,Hizin,allopathic,91,1671,,143
9456,HK,allopathic,4,1199,20 mg,21
9457,HMG,allopathic,27,775,75 IU/vial,185
9458,H-Nap,allopathic,92,1133,500 mg,104
9459,Holicef,allopathic,24,315,1 gm/vial,53
9460,Holicef,allopathic,24,315,250 mg/vial,53
9461,Holicef,allopathic,24,315,500 mg/vial,53
9462,Holicef,allopathic,38,315,1 gm/vial,53
9463,Holicef,allopathic,38,315,2 gm/vial,53
9464,Holicef,allopathic,38,315,500 mg/vial,53
9465,HollySeed,herbal,2,1156,500 mg,165
9466,Holoxan,allopathic,37,813,1 gm/vial,30
9467,Holoxan,allopathic,37,813,2 gm/vial,30
9468,Homatropine,allopathic,62,771,2%,195
9469,Honeybas,herbal,91,764,,4
9470,Honycol,allopathic,91,736,(0.75 ml+1.93 ml)/5 ml,196
9471,Hopetavir,allopathic,92,1493,400 mg,106
9472,HopSo,allopathic,92,1493,400 mg,66
9473,Hopso-LP,allopathic,92,926,90 mg+400 mg,66
9474,Hopso-VL,allopathic,92,1494,400 mg+100 mg,66
9475,HPC,allopathic,24,797,250 mg/ml,185
9476,HPC DS,allopathic,24,797,500 mg/2 ml,185
9477,H-Pen,allopathic,92,1270,250 mg,104
9478,HPR,allopathic,70,1019,50 mg/5 ml,173
9479,HPR,allopathic,92,1019,250 mg,173
9480,HPR-DS,allopathic,92,1019,500 mg,173
9481,H-Quin,allopathic,92,794,200 mg,73
9482,H-Selax,allopathic,91,1419,2 mg/5 ml,104
9483,H-Selax,allopathic,92,1419,4 mg,104
9484,H-Trimazole,allopathic,11,399,1%+1%,165
9485,HTZ,allopathic,92,781,25 mg,229
9486,Humaglobin,allopathic,39,774,250 mg/5 ml,52
9487,Humaglobin,allopathic,39,774,500 mg/10 ml,52
9488,Humalog,allopathic,80,842,100 unit/ml,71
9489,Humalog,allopathic,80,842,100 unit/ml,71
9490,Humalog Mix,allopathic,80,843,50%+50%,71
9491,Humalog Mix,allopathic,80,843,50%+50%,71
9492,Humalog Mix,allopathic,80,843,75%+25%,71
9493,Humalog Mix,allopathic,80,843,75%+25%,71
9494,Human Albumin,allopathic,37,35,20%,52
9495,Human Albumin,allopathic,37,35,20%,57
9496,Humphry,allopathic,92,268,400 mg,31
9497,Humphry,allopathic,92,268,740 mg,31
9498,Humulin,allopathic,80,841,30%+70% in 100 IU/ml,71
9499,Humulin,allopathic,80,841,30%+70% in 100 IU/ml,71
9500,Humulin N,allopathic,80,840,100 IU/ml,71
9501,Humulin N,allopathic,80,840,100 IU/ml,71
9502,Humulin R,allopathic,80,839,100 IU/ml,71
9503,Humulin R,allopathic,80,839,100 IU/ml,71
9504,Hunny,allopathic,91,736,(0.75 ml+1.93 ml)/5 ml,73
9505,Hunycof,allopathic,91,736,(0.75 ml+1.93 ml)/5 ml,106
9506,Hyalgun,allopathic,31,1481,0.20%,101
9507,Hybrox,allopathic,7,66,75 mg,119
9508,Hybrox,allopathic,72,66,6 mg/ml,119
9509,Hybrox,allopathic,91,66,15 mg/5 ml,119
9510,Hybucin,allopathic,92,802,10 mg,221
9511,Hydrason,allopathic,26,783,100 mg/2 ml,66
9512,Hydrason,allopathic,92,783,10 mg,66
9513,Hydrason,allopathic,92,783,20 mg,66
9514,Hydrocid,allopathic,70,57,(175 mg+225 mg)/5 ml,140
9515,Hydrocort,allopathic,11,786,1%,9
9516,Hydrocortisone,allopathic,26,783,100 mg/2 ml,
9517,Hydromer,allopathic,60,804,0.30%,105
9518,Hydronix,allopathic,2,799,500 mg,31
9519,Hydroquin,allopathic,92,794,200 mg,105
9520,Hygea Gold,allopathic,92,1100,,215
9521,Hyginex,allopathic,23,610,96%+3%+98%,31
9522,Hyginex Plus,allopathic,23,339,0.5%+70%,31
9523,Hyginol,allopathic,11,340,0.1%+0.5%,140
9524,Hyginol,allopathic,85,338,0.3%+3%,140
9525,HYLO-COMOD,allopathic,62,1482,0.10%,238
9526,HYLO-GEL,allopathic,60,1482,0.20%,238
9527,Hyloron,allopathic,60,1482,0.20%,25
9528,Hyloron,allopathic,62,1482,0.10%,25
9529,Hypace,allopathic,92,1364,5 mg,225
9530,Hypen SR,allopathic,100,825,1.5 mg,165
9531,Hyperoxi,allopathic,85,790,12 ml/100 ml,142
9532,Hypersol,allopathic,62,1469,5%,35
9533,Hypezide,allopathic,92,781,50 mg,173
9534,Hypnocum,allopathic,92,1064,7.5 mg,101
9535,Hypnofast,allopathic,26,1064,15 mg/3 ml,106
9536,Hypnofast,allopathic,26,1064,5 mg/ml,106
9537,Hypnofast,allopathic,92,1064,7.5 mg,106
9538,Hypomer,allopathic,60,805,0.3%+0.22%,25
9539,Hyponor,allopathic,37,1177,2 mg/2 ml,217
9540,Hypophos,allopathic,92,252,667 mg,185
9541,Hypose,allopathic,62,804,0.30%,173
9542,Hypoten,allopathic,92,81,5 mg,54
9543,Hypro,allopathic,62,804,0.50%,153
9544,Hypro Extra,allopathic,60,292,0.25%+0.3%,153
9545,Hyprogel,allopathic,60,804,0.30%,185
9546,Hyprosol,allopathic,62,804,0.30%,35
9547,Hyronate,allopathic,31,1481,0.20%,106
9548,Hyronate,allopathic,62,1482,0.10%,106
9549,Hysin,allopathic,30,802,20 mg/ml,67
9550,Hysin,allopathic,92,802,10 mg,67
9551,Hysocin,allopathic,92,802,10 mg,179
9552,Hysoma,allopathic,92,802,10 mg,141
9553,Hysomide,allopathic,30,802,20 mg/ml,165
9554,Hysomide,allopathic,92,802,10 mg,165
9555,Hysomide,allopathic,92,802,20 mg,165
9556,Hysopan,allopathic,30,802,20 mg/ml,197
9557,Hyxim,allopathic,2,304,200 mg,140
9558,Hyxim,allopathic,75,304,100 mg/5 ml,140
9559,Hyzith,allopathic,75,142,200 mg/5 ml,140
9560,Hyzith,allopathic,92,142,500 mg,140
9561,I Care,allopathic,20,,,173
9562,I-Aqua,allopathic,62,290,1%,20
9563,Ibakin,allopathic,92,815,100 mg,85
9564,Ibakin,allopathic,92,815,400 mg,85
9565,Ibancal kit,allopathic,92,808,150 mg & 400 mg,84
9566,Ibandron,allopathic,92,807,150 mg,25
9567,Iben,allopathic,92,811,400 mg,46
9568,Iben,allopathic,92,811,400 mg,239
9569,IBF,allopathic,92,811,400 mg,61
9570,Ibida,allopathic,92,1388,200 mg,101
9571,Ibida,allopathic,92,1388,550 mg,101
9572,Ibrucent,allopathic,2,810,140 mg,106
9573,Ibrunib,allopathic,2,810,140 mg,114
9574,Ibrutab,allopathic,2,810,140 mg,73
9575,Ibrutix,allopathic,2,810,140 mg,31
9576,Ibruxen,allopathic,2,810,140 mg,76
9577,Ibsan,allopathic,92,851,75 mg,4
9578,Ibspa,allopathic,91,499,10 mg/5 ml,173
9579,Ibspa,allopathic,92,499,10 mg,173
9580,Iburex,allopathic,92,811,200 mg,136
9581,Iburex,allopathic,92,811,400 mg,136
9582,Ibutigen,allopathic,2,810,140 mg,84
9583,Icaft,allopathic,62,36,0.25%,150
9584,Icefil,allopathic,62,1292,0.4%+0.3%,165
9585,Icid,allopathic,62,1515,10%,153
9586,Icid,allopathic,62,1515,20%,153
9587,I-Cin,allopathic,2,828,25 mg,107
9588,Iclear,allopathic,62,804,0.30%,150
9589,Icol,allopathic,62,331,0.50%,2
9590,Iconal,allopathic,2,877,100 mg,119
9591,Icturn,herbal,91,509,,99
9592,Icykool,allopathic,11,1046,15%+10%,35
9593,Icykool Max,allopathic,11,1046,30%+8%,35
9594,Idatix SR,allopathic,100,825,1.5 mg,106
9595,Idiopag,allopathic,92,549,25 mg,101
9596,Idiopag,allopathic,92,549,50 mg,101
9597,Idrofos Kit,allopathic,92,809,150 mg+500 mg+200 IU,219
9598,Ifamide & Mesna,allopathic,37,813,1 gm & 800 mg,225
9599,Ifamide & Mesna,allopathic,37,813,2 gm & 1600 mg,225
9600,Ifel-TR,allopathic,8,641,150 mg+0.5 mg+61.8 mg,179
9601,I-Fol,allopathic,92,637,200 mg+200 mcg,107
9602,Ifomes,allopathic,38,1038,400 mg/4 ml,31
9603,I-Fort,allopathic,62,1292,0.4%+0.3%,37
9604,Ifozin-SR,allopathic,7,641,150 mg+0.5 mg+61.8 mg,105
9605,IG VENA,allopathic,39,774,2.5 gm/50 ml,
9606,IG VENA,allopathic,39,774,5 gm/100 ml,
9607,I-Gold,allopathic,20,,,25
9608,I-Guard,allopathic,62,331,0.50%,106
9609,Ilocin,allopathic,75,580,125 mg/5 ml,
9610,Ilocin,allopathic,92,580,500 mg,
9611,Ilodon,allopathic,92,814,2 mg,31
9612,Ilodon,allopathic,92,814,6 mg,31
9613,Ilozin,allopathic,75,142,200 mg/5 ml,
9614,Ilozin,allopathic,92,142,500 mg,
9615,Iluca,allopathic,2,652,150 mg,105
9616,Iluca,allopathic,2,652,50 mg,105
9617,Iluca,allopathic,75,652,50 mg/5 ml,105
9618,Imacef,allopathic,24,315,1 gm/vial,84
9619,Imacef,allopathic,24,315,250 mg/vial,84
9620,Imacef,allopathic,24,315,500 mg/vial,84
9621,Imacef,allopathic,38,315,1 gm/vial,84
9622,Imacef,allopathic,38,315,250 mg/vial,84
9623,Imacef,allopathic,38,315,2 gm/vial,84
9624,Imacent,allopathic,92,815,100 mg,106
9625,Imacent,allopathic,92,815,400 mg,106
9626,Imaceva,allopathic,92,815,100 mg,217
9627,Imaceva,allopathic,92,815,400 mg,217
9628,Imanix,allopathic,92,815,100 mg,31
9629,Imanix,allopathic,92,815,400 mg,31
9630,Imatin,allopathic,92,815,100 mg,225
9631,Imatin,allopathic,92,815,400 mg,225
9632,iMAX,allopathic,4,586,20 mg,62
9633,iMAX,allopathic,4,586,40 mg,62
9634,Imaxen,allopathic,92,815,100 mg,76
9635,Imaxen,allopathic,92,815,400 mg,76
9636,Imbac,allopathic,38,816,(500 mg+500 mg)/vial,185
9637,Imec,allopathic,92,879,6 mg,185
9638,Imecta,allopathic,92,879,6 mg,31
9639,Imet,allopathic,2,828,25 mg,173
9640,Imet SR,allopathic,7,828,75 mg,173
9641,Imiclara,allopathic,11,818,5%,229
9642,Imigra,allopathic,2,656,5 mg,150
9643,Imigra,allopathic,92,656,10 mg,150
9644,Imigra,allopathic,92,656,5 mg,150
9645,Iminem,allopathic,38,816,(250 mg+250 mg)/vial,2
9646,Iminem,allopathic,38,816,(500 mg+500 mg)/vial,2
9647,Iminod,allopathic,11,818,5%,240
9648,Imipen,allopathic,38,816,(500 mg+500 mg)/vial,225
9649,Imiro,allopathic,38,847,350 mg/ml,185
9650,Imitab,allopathic,92,815,100 mg,73
9651,Imitab,allopathic,92,815,400 mg,73
9652,Immense,allopathic,92,1455,50 mg,37
9653,Immuna,herbal,2,1504,450 mg,10
9654,IMMUNOHBs,allopathic,30,762,180 IU/ml,238
9655,Imnoc,allopathic,92,817,25 mg,229
9656,Imojev,allopathic,80,560,0.5 ml/vial,222
9657,Imotil,allopathic,2,973,2 mg,217
9658,Imovane,allopathic,92,1710,7.5 mg,222
9659,Imped,allopathic,92,81,5 mg,197
9660,Imped Plus,allopathic,92,82,5 mg+25 mg,197
9661,Imped Plus,allopathic,92,82,5 mg+50 mg,197
9662,Impedox,allopathic,2,533,100 mg,2
9663,Impreja,allopathic,92,443,30 mg,229
9664,Improcal,allopathic,2,249,0.25 mcg,165
9665,Improliv,herbal,2,1458,140 mg,233
9666,Imucort,allopathic,70,456,6 mg/5 ml,240
9667,Imucort,allopathic,92,456,24 mg,240
9668,Imucort,allopathic,92,456,6 mg,240
9669,Imunofen,allopathic,91,899,1 mg/5 ml,120
9670,Imuran,allopathic,92,135,50 mg,88
9671,Imuzin-B,allopathic,91,1671,,31
9672,Imuzin-B,allopathic,92,1671,,31
9673,Inarom,allopathic,62,226,0.09%,150
9674,Inbuten,allopathic,2,314,400 mg,191
9675,Inbuten,allopathic,75,314,90 mg/5 ml,191
9676,Inclaud,allopathic,92,356,100 mg,2
9677,Inclox,allopathic,2,651,250 mg,106
9678,Inclox,allopathic,2,651,500 mg,106
9679,Inco SR,allopathic,100,825,1.5 mg,108
9680,Incrit,allopathic,92,1461,100 mg,222
9681,Incrit,allopathic,92,1461,50 mg,222
9682,Incrit-M,allopathic,92,1462,50 mg+1000 mg,222
9683,Incrit-M,allopathic,92,1462,50 mg+500 mg,222
9684,Indag-Met,allopathic,92,1662,50 mg+500 mg,180
9685,Indag-Met,allopathic,92,1662,50 mg+850 mg,180
9686,Indamid SR,allopathic,100,825,1.5 mg,210
9687,Indapa-Plus,allopathic,92,827,1.25 mg+2 mg,66
9688,Indapa-Plus,allopathic,92,827,1.25 mg+4 mg,66
9689,Indapa-SR,allopathic,100,825,1.5 mg,66
9690,Indapril,allopathic,92,827,0.625 mg+2 mg,106
9691,Indapril,allopathic,92,827,1.25 mg+4 mg,106
9692,Indarol Easycap,allopathic,28,824,150 mcg,101
9693,Indarol Easycap,allopathic,28,824,300 mcg,101
9694,Indelix SR,allopathic,100,825,1.5 mg,35
9695,Indever,allopathic,92,1338,10 mg,2
9696,Indever,allopathic,92,1338,40 mg,2
9697,Indica-G,allopathic,28,822,110 mcg+50 mcg,4
9698,Indicontin,allopathic,100,825,1.5 mg,146
9699,Indimide SR,allopathic,100,825,1.5 mg,101
9700,Indo-A,allopathic,89,829,100 mg,4
9701,Indocal,allopathic,92,253,500 mg,107
9702,Indocef,allopathic,75,321,125 mg/5 ml,107
9703,Indoflam,allopathic,70,811,100 mg/5 ml,107
9704,Indomet,allopathic,2,828,25 mg,165
9705,Indomet,allopathic,89,829,100 mg,165
9706,Indomet SR,allopathic,7,828,75 mg,165
9707,Indomethacin,allopathic,2,828,25 mg,42
9708,Indomin,allopathic,2,828,25 mg,194
9709,Indophyllin,allopathic,92,75,100 mg,107
9710,Indoplex,allopathic,91,1669,,107
9711,Indoplex B,allopathic,92,1669,,107
9712,Indoprox,allopathic,92,1133,250 mg,107
9713,Indoprox,allopathic,92,1133,500 mg,107
9714,Indorex,allopathic,2,828,25 mg,136
9715,Indoseem,allopathic,2,828,25 mg,207
9716,Indotetra,allopathic,2,1568,250 mg,107
9717,Indotetra,allopathic,2,1568,500 mg,107
9718,Indox,allopathic,2,533,100 mg,107
9719,Indoxyl,allopathic,2,828,25 mg,113
9720,Indozith,allopathic,2,142,250 mg,107
9721,Indozith,allopathic,2,142,500 mg,107
9722,Indozith,allopathic,92,142,500 mg,107
9723,Inducin,allopathic,26,1226,10 IU/ml,106
9724,Indula,allopathic,92,1074,200 mcg,196
9725,Infa-3,allopathic,2,304,200 mg,157
9726,Infa-3,allopathic,2,304,400 mg,157
9727,Infa-3,allopathic,75,304,100 mg/5 ml,157
9728,Infanil,allopathic,75,316,125 mg/5 ml,157
9729,Infanil,allopathic,92,316,250 mg,157
9730,Infanil,allopathic,92,316,500 mg,157
9731,Infecef,allopathic,24,315,1 gm/vial,9
9732,Infecef,allopathic,24,315,250 mg/vial,9
9733,Infecef,allopathic,24,315,500 mg/vial,9
9734,Infecef,allopathic,38,315,2 gm/vial,9
9735,Inflacin,allopathic,2,828,25 mg,197
9736,Infladex,allopathic,62,471,0.10%,37
9737,Infladex-TN,allopathic,62,474,0.1%+0.3%,37
9738,Inflagen,allopathic,63,663,0.1%+0.3%,26
9739,Inflagic,allopathic,92,1311,20 mg,217
9740,Inflam,allopathic,70,811,100 mg/5 ml,222
9741,Inflam,allopathic,92,811,200 mg,222
9742,Inflam,allopathic,92,811,400 mg,222
9743,Inflam-D,allopathic,92,475,200 mg,222
9744,Inflam-D,allopathic,92,475,300 mg,222
9745,Inflam-D,allopathic,92,475,400 mg,222
9746,Inflavis,allopathic,62,471,0.10%,35
9747,Inflect,allopathic,94,1134,375 mg+20 mg,119
9748,Inflect,allopathic,94,1134,500 mg+20 mg,119
9749,Influ,allopathic,2,62,100 mg,174
9750,Influ,allopathic,91,62,50 mg/5 ml,174
9751,Influvax Tetra,allopathic,24,820,0.5 ml/prefilled syringe,106
9752,Info-500,allopathic,92,1039,500 mg,42
9753,Info-850,allopathic,92,1039,850 mg,42
9754,Informet,allopathic,92,1039,500 mg,35
9755,Informet,allopathic,92,1039,850 mg,35
9756,Informet LA,allopathic,44,1039,1000 mg,35
9757,Informet LA,allopathic,44,1039,500 mg,35
9758,Informet LA,allopathic,44,1039,750 mg,35
9759,Informet XR,allopathic,96,1039,500 mg,35
9760,Informet XR,allopathic,96,1039,750 mg,35
9761,Infovir,allopathic,92,26,10 mg,106
9762,Infud,allopathic,11,1557,1%,84
9763,Infud,allopathic,92,1557,250 mg,84
9764,Infudex,allopathic,37,487,10%,217
9765,Infudex,allopathic,37,487,5%,217
9766,Infusol,allopathic,37,487,5%,31
9767,Infusol Plus,allopathic,37,1471,0.9%+5%,31
9768,Ingovax ACWY,allopathic,80,1028,50 mcg/0.5 ml,106
9769,Inhibita,allopathic,4,1199,20 mg,62
9770,Inhibita,allopathic,4,1199,40 mg,62
9771,Initer,allopathic,40,582,10000 IU,101
9772,Initer,allopathic,40,582,2000 IU,101
9773,Initer,allopathic,40,582,3000 IU,101
9774,Initer,allopathic,40,582,5000 IU,101
9775,Inj. K MM,allopathic,30,1274,10 mg/ml,106
9776,Inj. K MM,allopathic,30,1274,2 mg/0.2 ml,106
9777,Injefer,allopathic,39,630,100 mg/2 ml,165
9778,Injefer,allopathic,39,630,1 gm/20 ml,165
9779,Injefer,allopathic,39,630,500 mg/10 ml,165
9780,Inket,allopathic,92,896,10 mg,107
9781,Innocan,allopathic,2,652,150 mg,178
9782,Innocan,allopathic,2,652,50 mg,178
9783,Inofar,allopathic,39,862,100 mg/5 ml,25
9784,Inolac,allopathic,69,911,3.35 gm/5 ml,106
9785,Inomet,allopathic,63,665,0.10%,143
9786,Inophos,allopathic,92,1451,400 mg,106
9787,Inospiron,allopathic,92,1503,100 mg,106
9788,Inospiron,allopathic,92,1503,25 mg,106
9789,Inoten,allopathic,92,1555,20 mg,165
9790,Inovit E,herbal,2,1681,200 mg,106
9791,Inovit E,herbal,2,1681,400 mg,106
9792,Inoxon,allopathic,24,315,250 mg/vial,197
9793,Inoxon,allopathic,38,315,1 gm/vial,197
9794,Inoxon,allopathic,38,315,250 mg/vial,197
9795,Inoxon,allopathic,38,315,2 gm/vial,197
9796,Inoxon,allopathic,38,315,500 mg/vial,197
9797,Inpen,allopathic,39,1036,1 gm/vial,150
9798,Inpen,allopathic,39,1036,500 mg/vial,150
9799,Inpoza,allopathic,2,1192,50 mg,85
9800,Inpoza,allopathic,92,1192,150 mg,85
9801,Inpro,allopathic,4,1199,20 mg,37
9802,Inpro,allopathic,4,1199,40 mg,37
9803,Inpro,allopathic,38,1199,40 mg/vial,37
9804,Inran,allopathic,92,1368,150 mg,143
9805,Insaid,allopathic,2,828,25 mg,2
9806,Inseac,allopathic,92,1368,150 mg,105
9807,Insimet,allopathic,92,1039,500 mg,105
9808,Insimet,allopathic,92,1039,850 mg,105
9809,Insimet XR,allopathic,96,1039,500 mg,105
9810,Insperm,herbal,92,589,,99
9811,Inspra,allopathic,92,669,0.5 mg+10 mg,135
9812,Insta,allopathic,67,487,100%,197
9813,Instacool,allopathic,11,1046,30%+8%,135
9814,Instacool Plus,allopathic,11,1047,30%+10%+4%,135
9815,Instasia,allopathic,101,168,14%+2%+2%,240
9816,Insul,allopathic,80,841,30%+70% in 100 IU/ml,185
9817,Insul,allopathic,80,841,30%+70% in 100 IU/ml,185
9818,Insul,allopathic,80,841,30%+70% in 40 IU/ml,185
9819,Insul,allopathic,80,841,50%+50% in 100 IU/ml,185
9820,Insul Glargine,allopathic,80,837,100 IU/ml,185
9821,Insul N,allopathic,80,840,100 IU/ml,185
9822,Insul N,allopathic,80,840,40 IU/ml,185
9823,Insul R,allopathic,80,839,100 IU/ml,185
9824,Insulatard Flexpen,allopathic,80,840,100 IU/ml,159
9825,Insulatard HM,allopathic,80,840,100 IU/ml,73
9826,Insulatard HM,allopathic,80,840,40 IU/ml,73
9827,Insulatard Penfill,allopathic,80,840,100 IU/ml,159
9828,Insulet,allopathic,80,841,30%+70% in 100 IU/ml,25
9829,Insulet,allopathic,80,841,50%+50% in 100 IU/ml,25
9830,Insulet ASP,allopathic,80,1340,100 IU/ml,25
9831,Insulet GN,allopathic,80,837,100 IU/ml,25
9832,Insulet N,allopathic,80,840,100 IU/ml,25
9833,Insulet R,allopathic,80,839,100 IU/ml,25
9834,Insuman Comb,allopathic,80,841,25%+75% in 100 IU/ml,222
9835,Insuman Comb,allopathic,80,841,25%+75% in 100 IU/ml,222
9836,Intafenac,allopathic,62,495,0.10%,106
9837,Intafenac,allopathic,92,494,50 mg,106
9838,Intafenac K,allopathic,97,493,50 mg,106
9839,Intafenac Plus,allopathic,24,496,(75 mg+20 mg)/2 ml,106
9840,Intaflam,allopathic,92,811,400 mg,106
9841,Intamycin,allopathic,26,714,20 mg/2 ml,106
9842,Intamycin,allopathic,26,714,80 mg/2 ml,106
9843,Intas,allopathic,92,9,100 mg,235
9844,Intasone,allopathic,11,786,1%,106
9845,Intasone,allopathic,26,783,100 mg/2 ml,106
9846,Intasone,allopathic,92,783,10 mg,106
9847,Intasone,allopathic,92,783,20 mg,106
9848,Integril,allopathic,38,571,0.75 mg/ml,106
9849,Integril,allopathic,38,571,2 mg/ml,106
9850,Intellon,herbal,2,718,120 mg,227
9851,Interon,allopathic,80,844,4.5 MIU/0.5 ml,31
9852,Inteum,allopathic,92,1580,50 mg,224
9853,Intez,allopathic,92,932,2.5 mg,85
9854,Intimate,allopathic,92,1532,10 mg,217
9855,Intimate,allopathic,92,1532,20 mg,217
9856,Intimate,allopathic,92,1532,5 mg,217
9857,Intobac,allopathic,55,1589,300 mg/5 ml,106
9858,Intobac,allopathic,62,1590,0.30%,106
9859,IntraCal,allopathic,92,268,400 mg,106
9860,IntraCal,allopathic,92,268,740 mg,106
9861,Intracef,allopathic,2,321,250 mg,35
9862,Intracef,allopathic,2,321,500 mg,35
9863,Intracef,allopathic,72,321,125 mg/1.25 ml,35
9864,Intracef,allopathic,75,321,125 mg/5 ml,35
9865,Intracef DS,allopathic,75,321,250 mg/5 ml,35
9866,Intralipid,allopathic,37,845,10%,170
9867,Intramol,allopathic,62,1583,0.50%,35
9868,Intrapen,allopathic,39,1036,1 gm/vial,84
9869,Intrapen,allopathic,39,1036,500 mg/vial,84
9870,Intravas,allopathic,80,561,4000 Anti-Xa IU/0.4 ml,25
9871,Intravas,allopathic,80,561,6000 Anti-Xa IU/0.6 ml,25
9872,Intravas,allopathic,80,561,8000 Anti-Xa IU/0.8 ml,25
9873,Intrax,allopathic,2,1605,500 mg,106
9874,Intrax,allopathic,26,1605,500 mg/5 ml,106
9875,Invega Sustenna,allopathic,24,1232,100 mg/prefilled syringe,112
9876,Invega Sustenna,allopathic,24,1232,150 mg/prefilled syringe,112
9877,Invega Sustenna,allopathic,24,1232,75 mg/prefilled syringe,112
9878,Invokana,allopathic,92,274,100 mg,81
9879,IPAclean Hand Rub,allopathic,23,868,75%+0.125%+1.45%,229
9880,IPAclean Hand Sanitizer,allopathic,23,868,75%+0.125%+1.45%,229
9881,Ipadox,allopathic,2,533,100 mg,106
9882,Ipec-Plus,allopathic,92,860,47 mg+0.5 mg+22.5 mg,25
9883,Ipec-Super,allopathic,2,859,,25
9884,I-Penam,allopathic,39,1036,1 gm/vial,106
9885,I-Penam,allopathic,39,1036,250 mg/vial,106
9886,I-Penam,allopathic,39,1036,500 mg/vial,106
9887,Ipical,allopathic,92,253,500 mg,105
9888,Ipical DX,allopathic,92,257,600 mg+400 IU,105
9889,Ipical-D,allopathic,92,257,500 mg+200 IU,105
9890,Ipical-M,allopathic,92,258,,105
9891,I-Pill DS,allopathic,92,948,1.5 mg,185
9892,Ipin,allopathic,92,81,5 mg,48
9893,Ipin Plus,allopathic,92,82,5 mg+50 mg,48
9894,I-POP,allopathic,92,524,10 mg,64
9895,Ipralin,allopathic,29,1421,(100 mcg+20 mcg)/puff,25
9896,Ipramid,allopathic,29,849,20 mcg/puff,35
9897,Ipramid,allopathic,55,850,250 mcg/ml,35
9898,Iprasol,allopathic,29,1421,(100 mcg+20 mcg)/puff,35
9899,Iprasol,allopathic,55,1422,(2.5 mg+500 mcg)/3 ml,35
9900,Iprasol,allopathic,55,1422,(2.5 mg+500 mcg)/ml,35
9901,Ipratop,allopathic,55,850,250 mcg/ml,106
9902,Iprex,allopathic,29,849,20 mcg/puff,217
9903,Iprex,allopathic,55,850,250 mcg/ml,217
9904,I-Proton,allopathic,4,1199,20 mg,64
9905,Ipsavent,allopathic,55,1422,(2.5 mg+500 mcg)/3 ml,229
9906,IQ-Vit,allopathic,91,1097,,194
9907,Iracet,allopathic,37,935,500 mg/5 ml,217
9908,Iracet,allopathic,69,935,500 mg/5 ml,217
9909,Iracet,allopathic,92,935,250 mg,217
9910,Iracet,allopathic,92,935,500 mg,217
9911,Iracet XR,allopathic,96,935,500 mg,217
9912,Iragon,allopathic,96,1072,25 mg,66
9913,Irbes,allopathic,92,851,150 mg,73
9914,Irbes,allopathic,92,851,75 mg,73
9915,Iretavir,allopathic,92,563,0.5 mg,85
9916,Iretavir,allopathic,92,563,1 mg,85
9917,Iriban,allopathic,92,1012,135 mg,106
9918,Iriban SR,allopathic,7,1012,200 mg,106
9919,Irigate,allopathic,36,737,1.50%,4
9920,Irigon,allopathic,36,737,1.50%,35
9921,Irinotecan PhaRes,allopathic,37,853,20 mg/ml,176
9922,Irinotesin,allopathic,37,853,20 mg/ml,40
9923,Irinox,allopathic,37,853,20 mg/ml,31
9924,Iripum,herbal,2,1347,500 mg,105
9925,Irisyn,allopathic,92,1012,135 mg,105
9926,Irita,allopathic,37,853,20 mg/ml,66
9927,Irmukin,allopathic,92,1210,80 mg,85
9928,Irobest,allopathic,92,860,47 mg+0.5 mg+22.5 mg,155
9929,Iroject,allopathic,39,630,500 mg/10 ml,185
9930,Irolic,allopathic,92,637,200 mg+200 mcg,240
9931,Iromia,allopathic,91,858,50 mg/5 ml,165
9932,Iron Z TR,allopathic,8,641,150 mg+0.5 mg+61.8 mg,104
9933,Iropen,allopathic,38,816,(500 mg+500 mg)/vial,196
9934,Irosuc,allopathic,39,862,100 mg/5 ml,2
9935,Irotin,allopathic,37,853,20 mg/ml,225
9936,Irovit,allopathic,8,855,,179
9937,Irovit-Z,allopathic,91,861,,135
9938,Isabgul Plus,herbal,17,875,(3 gm+1 gm)/4 gm,105
9939,Isabgul Plus,herbal,17,875,(3 gm+1 gm)/4 gm,105
9940,Isentin,allopathic,92,962,5 mg,101
9941,Isentin M,allopathic,92,963,2.5 mg+1000 mg,101
9942,Isentin M,allopathic,92,963,2.5 mg+500 mg,101
9943,Isentin M,allopathic,92,963,2.5 mg+850 mg,101
9944,Ismigen,allopathic,88,993,7 mg,229
9945,Isobgul,allopathic,17,872,3.5 gm/5.4 gm,73
9946,Isobgul,allopathic,17,872,3.5 gm/sachet,73
9947,Isocal,allopathic,92,253,500 mg,
9948,Isocal-D,allopathic,92,257,500 mg+200 IU,
9949,Isoclox,allopathic,2,651,250 mg,89
9950,Isoclox,allopathic,2,651,500 mg,89
9951,Isoclox,allopathic,75,651,125 mg/5 ml,89
9952,Isodex,allopathic,37,1471,0.18%+4.3%,217
9953,Isoflu,allopathic,2,651,500 mg,46
9954,Isoflu,allopathic,75,651,125 mg/5 ml,46
9955,I-Sol,allopathic,62,1469,5%,164
9956,Isolac,allopathic,69,911,3.35 gm/5 ml,53
9957,Isolol,allopathic,92,208,2.5 mg,108
9958,Isolol,allopathic,92,208,5 mg,108
9959,Isolon,allopathic,63,1313,1%,105
9960,Isonil,allopathic,92,1223,5 mg,17
9961,Isoride,allopathic,37,1471,0.18%+4.3%,35
9962,Isorifam,allopathic,2,1385,150 mg+100 mg,4
9963,Isorifam,allopathic,2,1385,300 mg+150 mg,4
9964,Isotear,allopathic,60,292,0.25%+0.3%,185
9965,Isotrex,allopathic,101,1612,0.05%,88
9966,Isovent,allopathic,92,1074,200 mcg,217
9967,Isovent,allopathic,92,1074,600 mcg,217
9968,Isovox,allopathic,92,945,500 mg,14
9969,Ispaghol,allopathic,17,872,3.5 gm/sachet,99
9970,Ispahusk,herbal,17,1346,(3.5 gm+7.5 mg)/5.38 gm,229
9971,Ispergul,allopathic,17,872,3.5 gm/5.4 gm,217
9972,Ispergul,allopathic,17,872,3.5 gm/sachet,217
9973,ItchCare,allopathic,11,513,2%+0.1%,106
9974,Itchin,allopathic,62,1473,2%,82
9975,Itchin DS,allopathic,62,1474,4%,82
9976,Itchlor,allopathic,70,975,5 mg/5 ml,155
9977,Itchlor,allopathic,92,975,10 mg,155
9978,Itchnil,allopathic,11,1306,1%+3%,73
9979,Itchsol,allopathic,11,1306,1%+3%,106
9980,Itop CI,allopathic,8,286,50 mg+0.50 mg+61.80 mg,180
9981,Itra,allopathic,2,877,100 mg,217
9982,Itracap,allopathic,2,877,100 mg,34
9983,Itracon,allopathic,2,877,100 mg,150
9984,Itracon,allopathic,2,877,200 mg,150
9985,Itrader,allopathic,2,877,100 mg,229
9986,Itrafun,allopathic,2,877,100 mg,120
9987,Itranox,allopathic,2,877,100 mg,212
9988,Itrazen,allopathic,2,877,100 mg,31
9989,Itropin,allopathic,62,131,1%,153
9990,Ivactin,allopathic,92,879,12 mg,25
9991,Ivactin,allopathic,92,879,6 mg,25
9992,Ivacure,allopathic,92,879,3 mg,73
9993,Ivacure,allopathic,92,879,6 mg,73
9994,Ivana,allopathic,92,807,150 mg,196
9995,Ivanor,allopathic,92,878,5 mg,217
9996,Ivanor,allopathic,92,878,7.5 mg,217
9997,Ivaprex,allopathic,92,878,5 mg,106
9998,Ivaprex,allopathic,92,878,7.5 mg,106
9999,Ivaten,allopathic,92,878,5 mg,66
10000,Ivaten,allopathic,92,878,7.5 mg,66
10001,Iventi,allopathic,37,1088,400 mg/250 ml,217
10002,Iventi,allopathic,62,1089,0.50%,217
10003,Iventi,allopathic,92,1090,400 mg,217
10004,Iventi-D,allopathic,62,1091,0.5%+0.1%,217
10005,I-Ver,allopathic,92,879,6 mg,89
10006,Ivera,allopathic,92,879,12 mg,35
10007,Ivera,allopathic,92,879,6 mg,35
10008,Ivertin,allopathic,92,879,6 mg,48
10009,Iverum,allopathic,92,879,6 mg,240
10010,I-Vita,allopathic,20,,,165
10011,Ivolol,allopathic,92,1139,2.5 mg,106
10012,Ivolol,allopathic,92,1139,5 mg,106
10013,Ivrenas,allopathic,92,622,200 mg,85
10014,Izic,allopathic,8,286,50 mg+0.50 mg+61.80 mg,166
10015,I-Zol,allopathic,2,877,100 mg,185
10016,Jafa,allopathic,92,1201,8 mg,64
10017,Jakavi,allopathic,92,1412,5 mg,156
10018,Jakloc,allopathic,92,1593,5 mg,185
10019,Jakloc XR,allopathic,96,1593,11 mg,185
10020,Jaknib,allopathic,92,1593,5 mg,101
10021,Jaktor,allopathic,92,1593,5 mg,31
10022,Jaktor XR,allopathic,96,1593,11 mg,31
10023,Janmet,allopathic,92,1462,50 mg+1000 mg,4
10024,Janmet,allopathic,92,1462,50 mg+500 mg,4
10025,Janvia,allopathic,92,1461,100 mg,4
10026,Janvia,allopathic,92,1461,50 mg,4
10027,Japime,allopathic,26,303,1 gm/vial,113
10028,Jardian,allopathic,92,556,10 mg,35
10029,Jardian,allopathic,92,556,25 mg,35
10030,Jardiance,allopathic,92,556,10 mg,39
10031,Jardiance,allopathic,92,556,25 mg,39
10032,Jardimet,allopathic,92,558,5 mg+500 mg,35
10033,Jarira,herbal,2,329,250 mg,66
10034,Jasocaine,allopathic,22,958,2%,113
10035,Jasocaine,allopathic,30,957,1%,113
10036,Jasocaine,allopathic,30,957,2%,113
10037,Jasocaine,allopathic,30,957,4%,113
10038,Jasocaine,allopathic,104,959,10 mg/spray,113
10039,Jasocaine-A,allopathic,30,954,2%+0.0005%,113
10040,Jasocaine-A DC,allopathic,30,955,2%+0.00125%,113
10041,Jasocal,allopathic,9,253,250 mg,113
10042,Jasocal,allopathic,92,253,500 mg,113
10043,Jasochlor,allopathic,91,342,80 mg/5 ml,113
10044,Jasochlor,allopathic,92,342,250 mg,113
10045,Jasophylin,allopathic,91,1571,120 mg/5 ml,113
10046,Jasoprim,allopathic,92,1315,15 mg,113
10047,Jasoquin,allopathic,30,1355,300 mg/5 ml,113
10048,Jasoquin,allopathic,92,1355,300 mg,113
10049,Jasotrim,allopathic,70,1520,(200 mg+40 mg)/5 ml,113
10050,Jasotrim,allopathic,92,1520,400 mg+80 mg,113
10051,Jasovit,allopathic,72,1110,,113
10052,Jasovit-M,allopathic,92,1098,,113
10053,Jedine,allopathic,2,321,500 mg,5
10054,Jedine,allopathic,72,321,125 mg/1.25 ml,5
10055,Jedine,allopathic,75,321,125 mg/5 ml,5
10056,JeeBee,herbal,2,718,60 mg,196
10057,Jefenac TR,allopathic,8,494,100 mg,5
10058,Jernide,herbal,91,966,300 mg+100 mg+0.15 ml,99
10059,Jetrazole,allopathic,70,1057,200 mg/5 ml,36
10060,Jetrazole,allopathic,92,1057,200 mg,36
10061,Jeuneau-B,allopathic,92,,100 mg+200 mg+200 mcg,24
10062,Jevtana,allopathic,37,243,60 mg/1.5 ml,86
10063,Jinsant,herbal,91,884,,99
10064,J-Mox,allopathic,2,91,250 mg,5
10065,J-Mox,allopathic,2,91,500 mg,5
10066,J-Mox,allopathic,72,91,125 mg/1.25 ml,5
10067,J-Mox,allopathic,75,91,125 mg/5 ml,5
10068,Jmycin,allopathic,2,1568,250 mg,113
10069,Joinflex,allopathic,4,1634,40 mg,25
10070,Joingurd,allopathic,92,727,250 mg+200 mg,135
10071,Joinix,allopathic,92,726,500 mg,106
10072,Joinix D,allopathic,92,729,750 mg+50 mg,106
10073,Joinix Plus,allopathic,92,727,250 mg+200 mg,106
10074,Joinix TS,allopathic,92,727,750 mg+600 mg,106
10075,Jointcare Plus,allopathic,92,729,750 mg+50 mg,120
10076,Jointec Max,allopathic,92,729,750 mg+50 mg,35
10077,Jointec Plus,allopathic,92,727,250 mg+200 mg,35
10078,Jointin,allopathic,92,727,250 mg+200 mg,90
10079,Jonort,herbal,2,,300 mg,99
10080,Jorix,allopathic,92,727,250 mg+200 mg,20
10081,Jorvan,herbal,2,886,500 mg,217
10082,Joshina,herbal,75,765,6 gm/sachet,99
10083,Jovran,allopathic,92,1368,150 mg,32
10084,Joytrip,allopathic,9,803,150 mcg,150
10085,Joytrip,allopathic,9,803,300 mcg,150
10086,Jpdrox,allopathic,9,57,250 mg+400 mg,113
10087,Jpdrox,allopathic,70,57,(200 mg+125 mg)/5 ml,113
10088,Jpdrox-S,allopathic,9,58,400 mg+400 mg+30 mg,113
10089,Juci,allopathic,9,1676,250 mg,73
10090,Juci,allopathic,67,1676,500 mg,73
10091,Juci Plus,allopathic,9,1676,500 mg,73
10092,Junivit,allopathic,91,1097,,105
10093,Juparib,allopathic,92,1192,100 mg,114
10094,Juparib,allopathic,92,1192,150 mg,114
10095,Jupitavir,allopathic,92,1164,150 mg+100 mg,106
10096,Juvain,allopathic,91,1285,500 mg/5 ml,165
10097,Juvain,allopathic,92,1285,800 mg,165
10098,J-Zinc,allopathic,91,1703,10 mg/5 ml,5
10099,Kabiven,allopathic,19,731,1026 ml/bag,81
10100,Kabiven Perifer,allopathic,19,730,1440 ml/bag,81
10101,Kacin,allopathic,26,67,100 mg/2 ml,2
10102,Kacin,allopathic,26,67,250 mg/2 ml,2
10103,Kacin,allopathic,26,67,500 mg/2 ml,2
10104,Kadcyla,allopathic,37,1607,100 mg/vial,200
10105,Kadcyla,allopathic,37,1607,160 mg/vial,200
10106,Kadol,allopathic,2,1604,50 mg,119
10107,Kafu,allopathic,91,899,1 mg/5 ml,53
10108,Kain,allopathic,26,890,50 mg/ml,196
10109,Kalcoral kit,allopathic,92,809,150 mg+600 mg+400 IU,185
10110,Kalcoral-D,allopathic,92,255,500 mg+200 IU,185
10111,Kalcoral-DX,allopathic,92,255,600 mg+400 IU,185
10112,Kalfree,allopathic,92,1512,8 mg,73
10113,Kamoxy,allopathic,2,91,250 mg,119
10114,Kamoxy,allopathic,2,91,500 mg,119
10115,Kamoxy,allopathic,72,91,125 mg/1.25 ml,119
10116,Kamoxy,allopathic,75,91,125 mg/5 ml,119
10117,Kanamycin-POS,allopathic,62,889,0.50%,238
10118,Kanaprim,allopathic,92,1315,15 mg,89
10119,Kanaquine,allopathic,30,1355,300 mg/5 ml,89
10120,Kanaquine,allopathic,92,1355,300 mg,89
10121,Kaneva,allopathic,92,576,100 mg,35
10122,Kaneva,allopathic,92,576,150 mg,35
10123,Kanis,allopathic,15,394,1%,82
10124,Kapron,allopathic,37,364,200 mg/100 ml,89
10125,Kapron,allopathic,62,365,0.30%,89
10126,Kapron,allopathic,75,364,250 mg/5 ml,89
10127,Kapron,allopathic,92,364,250 mg,89
10128,Kapron,allopathic,92,364,500 mg,89
10129,Kapron,allopathic,92,364,750 mg,89
10130,Karbon,allopathic,2,287,,46
10131,Karvela,allopathic,92,1450,800 mg,101
10132,Kashba,allopathic,72,66,6 mg/ml,11
10133,Kashba,allopathic,91,66,15 mg/5 ml,11
10134,Kayon,allopathic,2,1275,1 mg,89
10135,Kcit,allopathic,69,1302,(1500 mg+250 mg)/5 ml,150
10136,KCL,allopathic,30,1300,150 mg/ml,165
10137,KCL,allopathic,91,1300,500 mg/5 ml,165
10138,Kdrin,allopathic,26,1327,10 mg/2 ml,165
10139,Kdrin,allopathic,92,1327,5 mg,165
10140,Kdrox Plus,allopathic,9,58,400 mg+400 mg+30 mg,119
10141,Kefat,allopathic,91,899,1 mg/5 ml,135
10142,Kefat,allopathic,92,899,1 mg,135
10143,Kefdrin,allopathic,2,321,250 mg,88
10144,Kefdrin,allopathic,2,321,500 mg,88
10145,Kefdrin,allopathic,75,321,125 mg/5 ml,88
10146,Kefen,allopathic,24,894,100 mg/2 ml,225
10147,Kefim,allopathic,2,304,200 mg,119
10148,Kefim,allopathic,2,304,400 mg,119
10149,Kefim,allopathic,75,304,100 mg/5 ml,119
10150,Kefton,allopathic,91,899,1 mg/5 ml,239
10151,Kefton,allopathic,92,899,1 mg,239
10152,Kefuclav,allopathic,75,317,(125 mg+31.25 mg)/5 ml,73
10153,Kefuclav,allopathic,92,317,250 mg+62.5 mg,73
10154,Kefuclav,allopathic,92,317,500 mg+125 mg,73
10155,Kelac,allopathic,26,896,30 mg/ml,48
10156,Kelac,allopathic,92,896,10 mg,48
10157,Kelorac,allopathic,26,896,30 mg/ml,20
10158,Kelorac,allopathic,92,896,10 mg,163
10159,Kemadrin,allopathic,92,1327,5 mg,88
10160,Kemet,allopathic,70,1057,200 mg/5 ml,119
10161,Kemet,allopathic,92,1057,400 mg,119
10162,Kemin,allopathic,92,1039,500 mg,119
10163,Kemin,allopathic,92,1039,850 mg,119
10164,Kemin-SR,allopathic,92,1039,500 mg,119
10165,Kenodol,allopathic,26,896,30 mg/ml,192
10166,Kenodol,allopathic,26,896,60 mg/2 ml,192
10167,Kentop,allopathic,95,894,100 mg,186
10168,Keolax,allopathic,92,380,10 mg,35
10169,Keor,allopathic,2,304,200 mg,197
10170,Keor,allopathic,75,304,100 mg/5 ml,197
10171,Keor DS,allopathic,2,304,400 mg,197
10172,Keprad,allopathic,2,321,250 mg,216
10173,Keprad,allopathic,2,321,500 mg,216
10174,Keprofen,allopathic,95,894,50 mg,27
10175,Kepronol,allopathic,62,897,0.50%,143
10176,Kepros,allopathic,26,896,30 mg/ml,143
10177,Kepros,allopathic,92,896,10 mg,143
10178,Keptrix,allopathic,24,315,1 gm/vial,20
10179,Keptrix,allopathic,24,315,500 mg/vial,20
10180,Keptrix,allopathic,38,315,1 gm/vial,20
10181,Keptrix,allopathic,38,315,2 gm/vial,20
10182,Keranil,allopathic,11,1424,12%,105
10183,Keranil,allopathic,11,1424,6%,105
10184,Kerasol,allopathic,11,1424,12%,106
10185,Kerasol,allopathic,11,1424,6%,106
10186,Kerasol FCL,allopathic,45,1424,2%,106
10187,Kerol,allopathic,92,896,10 mg,186
10188,Kerolac,allopathic,92,896,10 mg,82
10189,Ket,allopathic,26,896,30 mg/ml,62
10190,Ket,allopathic,92,896,10 mg,62
10191,Ketalar,allopathic,26,890,50 mg/ml,185
10192,Ketaride,allopathic,26,890,50 mg/ml,106
10193,Keteks,allopathic,26,896,30 mg/ml,114
10194,Keteks,allopathic,26,896,60 mg/2 ml,114
10195,Keteks,allopathic,92,896,10 mg,114
10196,Ketifen,allopathic,91,899,1 mg/5 ml,4
10197,Ketifen,allopathic,92,899,1 mg,4
10198,Ketmine,allopathic,26,890,50 mg/ml,95
10199,Keto SR,allopathic,7,894,100 mg,104
10200,Keto-A,allopathic,24,894,100 mg/2 ml,4
10201,Keto-A,allopathic,89,894,100 mg,4
10202,Keto-A,allopathic,95,894,100 mg,4
10203,Keto-A,allopathic,95,894,50 mg,4
10204,Ketoact,allopathic,92,896,10 mg,127
10205,Ketoalfa,allopathic,92,73,600 mg,101
10206,Ketobe,allopathic,92,896,10 mg,34
10207,Ketocon,allopathic,84,892,2%,165
10208,Ketocon,allopathic,92,893,200 mg,165
10209,Ketocure,allopathic,91,899,1 mg/5 ml,34
10210,Ketocure,allopathic,92,899,1 mg,34
10211,Keto-D,allopathic,92,476,25 mg,4
10212,Ketodil,allopathic,2,899,1 mg,225
10213,Ketodil,allopathic,91,899,1 mg/5 ml,225
10214,Ketof,allopathic,62,898,0.03%,105
10215,Ketof,allopathic,91,899,1 mg/5 ml,105
10216,Ketof,allopathic,92,899,1 mg,105
10217,Ketofast,allopathic,26,896,30 mg/ml,233
10218,Ketofast,allopathic,92,896,10 mg,233
10219,Ketofenac,allopathic,26,896,30 mg/ml,64
10220,Ketofenac,allopathic,92,896,10 mg,64
10221,Ketofimed,allopathic,91,899,1 mg/5 ml,137
10222,Ketoflex,allopathic,92,896,10 mg,215
10223,Ketofun,allopathic,92,893,200 mg,17
10224,Ketogate,allopathic,26,896,30 mg/ml,178
10225,Ketolab,allopathic,26,896,30 mg/ml,122
10226,Ketolab,allopathic,26,896,60 mg/2 ml,122
10227,Ketolab,allopathic,92,896,10 mg,122
10228,Ketolac,allopathic,62,897,0.50%,153
10229,Ketolac,allopathic,92,896,10 mg,153
10230,Ketomar,allopathic,62,898,0.03%,106
10231,Ketomar,allopathic,91,899,1 mg/5 ml,106
10232,Ketomar,allopathic,92,899,1 mg,106
10233,Ketonaaf,allopathic,92,896,10 mg,149
10234,Ketonic,allopathic,26,896,30 mg/ml,73
10235,Ketonic,allopathic,26,896,60 mg/2 ml,73
10236,Ketonic,allopathic,92,896,10 mg,73
10237,Ketopac,allopathic,91,899,1 mg/5 ml,173
10238,Ketopac,allopathic,92,899,1 mg,173
10239,Ketoplex,allopathic,92,896,10 mg,45
10240,Ketoprix,allopathic,26,896,30 mg/ml,210
10241,Ketoprix,allopathic,26,896,60 mg/2 ml,210
10242,Ketoprix,allopathic,92,896,10 mg,210
10243,Ketora,allopathic,92,896,10 mg,135
10244,Ketoral,allopathic,92,893,200 mg,217
10245,Ketorif,allopathic,62,898,0.03%,37
10246,Ketorif,allopathic,91,899,1 mg/5 ml,37
10247,Ketorif,allopathic,92,899,1 mg,37
10248,Ketorin,allopathic,26,896,30 mg/ml,171
10249,Ketorin,allopathic,92,896,10 mg,171
10250,Ketorolac,allopathic,92,896,10 mg,42
10251,Ketoropack,allopathic,92,896,10 mg,134
10252,Ketoroz,allopathic,26,896,30 mg/ml,27
10253,Ketoroz,allopathic,92,896,10 mg,27
10254,Ketoseem,allopathic,92,896,10 mg,207
10255,Ketoshot,allopathic,26,896,30 mg/ml,161
10256,Ketoshot,allopathic,92,896,10 mg,161
10257,Ketosma,allopathic,91,899,1 mg/5 ml,127
10258,Ketosma,allopathic,92,899,1 mg,127
10259,Ketosteril,allopathic,92,69,,81
10260,Ketotab,allopathic,92,893,200 mg,105
10261,Ketotif,allopathic,92,899,1 mg,62
10262,Ketotifen,allopathic,62,898,0.03%,195
10263,Ketotifen,allopathic,92,899,1 mg,17
10264,Ketovir,allopathic,92,896,10 mg,235
10265,Ketoxguard,allopathic,26,896,30 mg/ml,96
10266,Ketoxguard,allopathic,92,896,10 mg,96
10267,Ketozol,allopathic,84,892,2%,25
10268,Ketromin,allopathic,26,896,30 mg/ml,173
10269,Ketromin,allopathic,26,896,60 mg/2 ml,173
10270,Ketromin,allopathic,62,897,0.50%,173
10271,Ketromin,allopathic,92,896,10 mg,173
10272,Kevil,allopathic,70,975,5 mg/5 ml,119
10273,Kevil,allopathic,92,975,10 mg,119
10274,Kevil Plus,allopathic,96,976,10 mg+240 mg,119
10275,Kevilon,allopathic,11,340,0.1%+0.5%,165
10276,Kevirub,allopathic,23,339,0.5%+70%,165
10277,Kevisep Plus,allopathic,23,868,75%+0.125%+1.45%,165
10278,Kezid,allopathic,92,721,80 mg,119
10279,Kezid MR,allopathic,98,721,30 mg,119
10280,Kezona,allopathic,92,893,200 mg,73
10281,Kflam,allopathic,26,896,30 mg/ml,20
10282,Kflam,allopathic,26,896,60 mg/2 ml,20
10283,Kflam,allopathic,92,896,10 mg,20
10284,Kfore,allopathic,75,316,125 mg/5 ml,119
10285,Kfore,allopathic,92,316,250 mg,119
10286,Kfore,allopathic,92,316,500 mg,119
10287,Kickof,allopathic,91,66,15 mg/5 ml,96
10288,Kidcal,allopathic,9,253,250 mg,4
10289,Kidcare,herbal,91,885,,4
10290,Kidcef,allopathic,75,309,40 mg/5 ml,31
10291,Kiddi,allopathic,91,1097,,196
10292,Kidicare,allopathic,91,1097,,235
10293,Kidicod,allopathic,91,1097,,120
10294,Kidifer,allopathic,39,862,100 mg/5 ml,84
10295,Kiditonic,allopathic,91,1104,,235
10296,Kidivit,allopathic,91,1097,,143
10297,Kidizinc,allopathic,91,1703,10 mg/5 ml,235
10298,Kidizinc-B,allopathic,91,1671,,235
10299,Kidomed BZ,allopathic,91,1671,,137
10300,Kidoplex,allopathic,91,1097,,140
10301,Kidovit,allopathic,91,1098,,17
10302,Kidpred,allopathic,69,1311,5 mg/5 ml,76
10303,Kidsgro,allopathic,91,1097,,37
10304,Kidsol,allopathic,37,1471,0.225%+5%,4
10305,Kidsol DS,allopathic,37,1471,0.45%+5%,4
10306,Kidwel,allopathic,91,1097,,145
10307,Kidzin,allopathic,91,1703,10 mg/5 ml,210
10308,Kilbac,allopathic,26,316,250 mg/vial,106
10309,Kilbac,allopathic,26,316,750 mg/vial,106
10310,Kilbac,allopathic,38,316,1.5 gm/vial,106
10311,Kilbac,allopathic,75,316,125 mg/5 ml,106
10312,Kilbac,allopathic,92,316,125 mg,106
10313,Kilbac,allopathic,92,316,250 mg,106
10314,Kilbac,allopathic,92,316,500 mg,106
10315,Kilbac DS,allopathic,75,316,250 mg/5 ml,106
10316,Kilgen,allopathic,62,1089,0.50%,82
10317,Kilgen-D,allopathic,62,1091,0.5%+0.1%,82
10318,Kilmax,allopathic,26,316,250 mg/vial,73
10319,Kilmax,allopathic,26,316,750 mg/vial,73
10320,Kilmax,allopathic,38,316,1.5 gm/vial,73
10321,Kilmax,allopathic,75,316,125 mg/5 ml,73
10322,Kilmax,allopathic,92,316,125 mg,73
10323,Kilmax,allopathic,92,316,250 mg,73
10324,Kilmax,allopathic,92,316,500 mg,73
10325,Kilpan,allopathic,92,896,10 mg,61
10326,Kilpro,allopathic,37,1057,500 mg/100 ml,225
10327,Kilpro,allopathic,92,1057,400 mg,225
10328,Kindical-D,allopathic,92,255,500 mg+200 IU,150
10329,Kindical-DX,allopathic,92,255,600 mg+400 IU,150
10330,Kinexa,allopathic,92,1398,10 mg,35
10331,Kinexa,allopathic,92,1398,15 mg,35
10332,Kinexa,allopathic,92,1398,20 mg,35
10333,Kinexa,allopathic,92,1398,2.5 mg,35
10334,King seas,allopathic,91,1097,,48
10335,Kingcox,allopathic,92,614,60 mg,135
10336,Kingcox,allopathic,92,614,90 mg,135
10337,Kingdol,allopathic,2,1604,50 mg,66
10338,Kit-63,allopathic,92,1066,200 mg+200 mcg,84
10339,Kitaf,allopathic,91,899,1 mg/5 ml,166
10340,Kitex,allopathic,92,476,25 mg,217
10341,Kitorex,allopathic,92,896,10 mg,204
10342,Klabex,allopathic,92,372,500 mg,165
10343,Klabid,allopathic,75,372,125 mg/5 ml,229
10344,Klabid,allopathic,92,372,250 mg,229
10345,Klabid,allopathic,92,372,500 mg,229
10346,Klabid ER,allopathic,96,372,500 mg,229
10347,Klabid-DS,allopathic,75,372,250 mg/5 ml,229
10348,K-Lac,allopathic,26,896,30 mg/ml,74
10349,K-Lac,allopathic,26,896,60 mg/2 ml,74
10350,K-Lac,allopathic,92,896,10 mg,74
10351,Klaricid,allopathic,38,372,500 mg/vial,1
10352,Klarix,allopathic,75,372,125 mg/5 ml,106
10353,Klarix,allopathic,92,372,250 mg,106
10354,Klarix,allopathic,92,372,500 mg,106
10355,Klavin,allopathic,75,372,125 mg/5 ml,235
10356,Klavin,allopathic,92,372,500 mg,235
10357,KleanHand,allopathic,23,868,75%+0.125%+1.45%,105
10358,Klinkof-D,allopathic,91,510,(14 mg+6.5 mg+2 mg)/5 ml,167
10359,Klinkof-M,allopathic,91,748,(100 mg+1.1 mg+14 mg)/5 ml,167
10360,Klion,allopathic,70,1057,200 mg/5 ml,16
10361,Klion,allopathic,92,1057,200 mg,16
10362,Klion,allopathic,92,1057,400 mg,16
10363,Klokap,allopathic,2,1605,500 mg,64
10364,Kmi,allopathic,92,712,320 mg,119
10365,Knil,allopathic,26,896,30 mg/ml,197
10366,Knil,allopathic,26,896,60 mg/2 ml,197
10367,Knil,allopathic,92,896,10 mg,197
10368,K-Nor,allopathic,75,270,99.934% w/w,185
10369,Kobi,herbal,2,718,40 mg,99
10370,Kobi,herbal,2,718,60 mg,99
10371,Kofed,allopathic,91,1344,(30 mg+100 mg+1.25 mg)/5 ml,37
10372,Kofen,allopathic,62,898,0.03%,165
10373,Kofen,allopathic,91,899,1 mg/5 ml,165
10374,Kofen,allopathic,92,899,1 mg,165
10375,Kof-free,allopathic,91,748,(100 mg+1.1 mg+14 mg)/5 ml,34
10376,Kofnix,allopathic,72,239,5 mg/ml,2
10377,Kofnix,allopathic,91,239,7.5 mg/5 ml,2
10378,Kofnix SR,allopathic,100,239,50 mg,2
10379,Kofsol,herbal,91,764,,119
10380,Kofstar,allopathic,91,483,(20 mg+10 mg+2.5 mg)/5 ml,120
10381,Koftex,allopathic,91,1344,(30 mg+100 mg+1.25 mg)/5 ml,17
10382,Koftex-D,allopathic,91,484,(10 mg+30 mg+1.25 mg)/5 ml,17
10383,Kolchin,allopathic,92,409,0.5 mg,106
10384,Kolchin,allopathic,92,409,0.6 mg,106
10385,Koloride,allopathic,37,348,,35
10386,Kolosal,allopathic,37,348,,185
10387,Konakion,allopathic,30,1274,10 mg/ml,191
10388,Konakion,allopathic,30,1274,2 mg/0.2 ml,191
10389,K-One MM,allopathic,30,1274,2 mg/0.2 ml,217
10390,Kontab,allopathic,92,225,50 mg+1 mg,68
10391,Koolmint,allopathic,11,1046,15%+10%,165
10392,Koolmint,allopathic,11,1046,30%+8%,165
10393,Kop SR,allopathic,7,894,100 mg,217
10394,Koreg,allopathic,92,296,12.5 mg,212
10395,Koreg,allopathic,92,296,25 mg,212
10396,Koreg,allopathic,92,296,6.25 mg,212
10397,Kovicin,allopathic,92,794,200 mg,35
10398,Kovlon,allopathic,23,165,1%,119
10399,Kpam,allopathic,92,224,3 mg,119
10400,K-Pol,allopathic,92,1240,500 mg+65 mg,141
10401,KPR,allopathic,92,896,10 mg,46
10402,Krimizole,allopathic,70,34,200 mg/5 ml,148
10403,Krimizole DS,allopathic,9,34,400 mg,148
10404,K-Saline Fruity,allopathic,67,1204,,119
10405,K-Saline N,allopathic,67,1205,13.95 gm,119
10406,KT,allopathic,30,1300,150 mg/ml,113
10407,KT,allopathic,91,1300,500 mg/5 ml,113
10408,Ktin,allopathic,91,899,1 mg/5 ml,119
10409,Ktin,allopathic,92,899,1 mg,119
10410,KTL,allopathic,92,896,10 mg,29
10411,KTM,allopathic,92,896,10 mg,211
10412,kTx,allopathic,92,1532,10 mg,119
10413,kTx,allopathic,92,1532,20 mg,119
10414,kTx,allopathic,92,1532,5 mg,119
10415,Kufflin,allopathic,91,66,15 mg/5 ml,63
10416,Kuit,allopathic,92,389,1 mg,120
10417,Kulzam,herbal,41,273,,99
10418,Kumucin,allopathic,75,580,125 mg/5 ml,120
10419,Kumumox,allopathic,2,91,250 mg,120
10420,Kumumox,allopathic,2,91,500 mg,120
10421,Kumumox,allopathic,75,91,125 mg/5 ml,120
10422,Kuracef,allopathic,75,304,100 mg/5 ml,222
10423,Kuracef,allopathic,92,304,200 mg,222
10424,Kuracef,allopathic,92,304,400 mg,222
10425,Kvit Gold,allopathic,92,1100,,119
10426,Kvit Seas,allopathic,91,1097,,119
10427,Kvit-B,allopathic,26,1669,,119
10428,Kvit-B,allopathic,91,1669,,119
10429,Kvit-B,allopathic,92,1669,,119
10430,Kvit-C,allopathic,9,1676,250 mg,119
10431,Kvit-D,allopathic,24,410,200000 IU/ml,119
10432,Kvit-I,allopathic,20,,,119
10433,Kvit-M,allopathic,92,1098,,119
10434,Kvit-N,allopathic,24,,(100 mg+100 mg+1 mg)/3 ml,119
10435,Kvit-N,allopathic,92,,100 mg+200 mg+200 mcg,119
10436,Kvit-N,allopathic,92,,100 mg+200 mg+200 mcg,119
10437,Kvit-TH,allopathic,92,1572,100 mg,119
10438,kX-100,allopathic,92,1455,100 mg,119
10439,kX-50,allopathic,92,1455,50 mg,119
10440,K-Y Jelly,allopathic,22,734,11.25%,116
10441,Kynol D,allopathic,92,476,25 mg,73
10442,Kynol TR,allopathic,8,894,100 mg,73
10443,Kynol TR,allopathic,8,894,200 mg,73
10444,Labcal-D,allopathic,92,257,500 mg+200 IU,122
10445,Labecard,allopathic,39,902,5 mg/ml,185
10446,Labegest,allopathic,39,902,5 mg/ml,106
10447,Labegest,allopathic,92,903,100 mg,106
10448,Labegest,allopathic,92,903,200 mg,106
10449,Laben DS,allopathic,9,34,400 mg,186
10450,Labenac,allopathic,92,9,100 mg,122
10451,Labenac SR,allopathic,100,9,200 mg,122
10452,Labeta,allopathic,92,903,100 mg,35
10453,Labeta,allopathic,92,903,200 mg,35
10454,Labpan,allopathic,95,1237,20 mg,122
10455,Labpan,allopathic,95,1237,40 mg,122
10456,Lacicard,allopathic,92,904,2 mg,25
10457,Lacicard,allopathic,92,904,4 mg,25
10458,Lacitab,allopathic,92,904,2 mg,4
10459,Lacitab,allopathic,92,904,4 mg,4
10460,Lacitone,allopathic,92,696,20 mg+50 mg,84
10461,Laclose,allopathic,69,911,3.35 gm/5 ml,165
10462,Lacor,allopathic,92,896,10 mg,5
10463,Lacos,allopathic,69,911,3.35 gm/5 ml,166
10464,Lacrigel,allopathic,62,290,1%,165
10465,Lacrigel G,allopathic,62,291,0.5%+0.9%,165
10466,Lacrima,allopathic,62,481,0.1%+0.3%,165
10467,Lacrin,allopathic,62,291,0.5%+0.9%,164
10468,Lacrison,allopathic,63,984,0.50%,35
10469,Lacrison T,allopathic,63,986,0.5%+0.3%,35
10470,Lactameal,allopathic,9,57,250 mg+400 mg,35
10471,Lactameal,allopathic,70,57,(175 mg+225 mg)/5 ml,35
10472,Lacticare,allopathic,45,908,5%+2.5%,88
10473,Lacticon,allopathic,67,909,10 gm/sachet,2
10474,Lactoben,allopathic,69,911,3.35 gm/5 ml,34
10475,Lactoflora,herbal,2,1319,2 billion,66
10476,Lactohil,herbal,67,1,100 gm/container,103
10477,Lactolax,allopathic,69,911,3.35 gm/5 ml,180
10478,Lactomose,allopathic,69,911,3.35 gm/5 ml,143
10479,Lactoride,allopathic,37,758,,35
10480,Lactoring,allopathic,37,758,,217
10481,Lactro,allopathic,92,896,10 mg,239
10482,Lactu,allopathic,69,911,3.35 gm/5 ml,37
10483,Lactulose H,allopathic,69,911,3.35 gm/5 ml,104
10484,Laczym,allopathic,9,906,9000 IU,25
10485,Ladica,herbal,2,211,40 mg,99
10486,Lagita,allopathic,70,1464,(500 mg+100 mg)/5 ml,135
10487,Lameptil,allopathic,92,916,25 mg,206
10488,Lameptil,allopathic,92,916,50 mg,206
10489,Lamicet,allopathic,92,916,50 mg,217
10490,Lamictal,allopathic,92,916,50 mg,88
10491,Lamidin,allopathic,92,912,100 mg,73
10492,Lamitan,allopathic,92,922,100 mg,4
10493,Lamitan,allopathic,92,922,50 mg,4
10494,Lamitrin,allopathic,14,916,2 mg,2
10495,Lamitrin,allopathic,14,916,5 mg,2
10496,Lamitrin,allopathic,92,916,25 mg,2
10497,Lamitrin,allopathic,92,916,50 mg,2
10498,Lamitrin ER,allopathic,96,916,100 mg,2
10499,Lamivir,allopathic,92,912,100 mg,106
10500,L-Amlo,allopathic,92,1431,1.25 mg,150
10501,L-Amlo,allopathic,92,1431,2.5 mg,150
10502,L-Amlo,allopathic,92,1431,5 mg,150
10503,Lamogin,allopathic,14,916,2 mg,106
10504,Lamogin,allopathic,14,916,5 mg,106
10505,Lamogin,allopathic,92,916,25 mg,106
10506,Lamogin,allopathic,92,916,50 mg,106
10507,Lanfos,allopathic,9,919,250 mg,31
10508,Lanib,allopathic,2,930,4 mg,66
10509,Lanoxin,allopathic,92,505,0.25 mg,88
10510,Lanozole,allopathic,4,917,15 mg,136
10511,Lanozole,allopathic,4,917,30 mg,136
10512,Lanplus,allopathic,4,477,30 mg,191
10513,Lanplus,allopathic,4,477,60 mg,191
10514,Lansec,allopathic,4,917,15 mg,66
10515,Lansec,allopathic,4,917,30 mg,66
10516,Lansina,allopathic,4,917,30 mg,105
10517,Lanso,allopathic,4,917,30 mg,217
10518,Lanso D,allopathic,4,477,30 mg,217
10519,Lanso D,allopathic,4,477,60 mg,217
10520,Lansodin,allopathic,4,917,15 mg,4
10521,Lansodin,allopathic,4,917,30 mg,4
10522,Lansopril,allopathic,4,917,30 mg,17
10523,Lansoprol,allopathic,4,917,30 mg,240
10524,Lantid,allopathic,4,917,30 mg,165
10525,Lantidex,allopathic,4,477,30 mg,165
10526,Lantidex,allopathic,4,477,60 mg,165
10527,Lantus,allopathic,80,837,100 IU/ml,222
10528,Lantus SoloStar,allopathic,80,837,100 IU/ml,222
10529,Lanzol,allopathic,4,917,30 mg,
10530,Lap,allopathic,4,917,30 mg,16
10531,Lapacent,allopathic,92,920,250 mg,106
10532,Laparen,allopathic,92,920,250 mg,196
10533,Lapen,allopathic,30,166,12 lac units/vial,113
10534,Lapen,allopathic,30,166,6 lac units/vial,113
10535,Lara,allopathic,92,462,5 mg,104
10536,Larb,allopathic,92,982,100 mg,165
10537,Larb,allopathic,92,982,25 mg,165
10538,Larb,allopathic,92,982,50 mg,165
10539,Larb Plus,allopathic,92,983,100 mg+12.5 mg,165
10540,Larb Plus,allopathic,92,983,100 mg+25 mg,165
10541,Larb Plus,allopathic,92,983,50 mg+12.5 mg,165
10542,Larcadip,allopathic,92,931,10 mg,106
10543,Lardon TR,allopathic,8,494,100 mg,63
10544,Largazin,allopathic,91,346,25 mg/5 ml,231
10545,Largix,allopathic,69,1411,5 mg/5 ml,2
10546,Largix,allopathic,92,1411,10 mg,2
10547,Larnox LA,allopathic,79,75,350 mg,35
10548,Larsulin,allopathic,80,837,100 IU/ml,217
10549,Larsulin,allopathic,80,837,100 IU/ml,217
10550,Lasilactone,allopathic,92,696,20 mg+50 mg,222
10551,Lasix,allopathic,26,695,20 mg/2 ml,222
10552,Lasix,allopathic,92,695,40 mg,222
10553,Lasmi,allopathic,92,922,100 mg,73
10554,Lasmi,allopathic,92,922,50 mg,73
10555,Lasocon,allopathic,4,917,30 mg,37
10556,Lasocon D,allopathic,4,477,30 mg,37
10557,Lastet,allopathic,37,613,100 mg/5 ml,154
10558,Laten,allopathic,92,224,3 mg,221
10559,Latuda,allopathic,92,989,20 mg,101
10560,Latuda,allopathic,92,989,40 mg,101
10561,Lax,allopathic,69,911,3.35 gm/5 ml,135
10562,Laxadil,allopathic,17,872,3.5 gm/5.4 gm,66
10563,Laxadil,allopathic,17,872,3.5 gm/sachet,66
10564,Laxadil-Senna,herbal,17,1346,(3.5 gm+7.5 mg)/5.38 gm,66
10565,Laxate,allopathic,17,872,3.5 gm/sachet,136
10566,Laxativ,allopathic,69,911,3.35 gm/5 ml,192
10567,Laxefin,allopathic,64,999,(300 mg+1.25 ml)/5 ml,210
10568,Laxenna,allopathic,92,1446,12 mg,88
10569,Laxgel,allopathic,17,872,3.5 gm/5.4 gm,185
10570,Laxicon,allopathic,92,696,20 mg+50 mg,226
10571,Laxitol,allopathic,67,909,10 gm/sachet,73
10572,Laxitol,allopathic,69,909,10 gm/15 ml,73
10573,Laxod,allopathic,92,945,500 mg,140
10574,Laxogol,allopathic,69,995,,4
10575,Laxol,allopathic,69,911,3.35 gm/5 ml,150
10576,Laxolac,allopathic,69,911,3.35 gm/5 ml,89
10577,Laxonil,allopathic,92,224,3 mg,197
10578,Laxopic,allopathic,69,1486,5 mg/5 ml,185
10579,Laxopic,allopathic,92,1486,10 mg,185
10580,Laxopride,allopathic,92,1343,1 mg,185
10581,Laxopride,allopathic,92,1343,2 mg,185
10582,Laxpru,allopathic,92,1343,1 mg,224
10583,Laxpru,allopathic,92,1343,2 mg,224
10584,Laxur,allopathic,92,696,20 mg+50 mg,101
10585,Laxur Plus,allopathic,92,696,40 mg+50 mg,101
10586,Laxyl,allopathic,92,224,3 mg,217
10587,Lazo 30,allopathic,4,917,30 mg,63
10588,Lazonil,allopathic,92,224,3 mg,197
10589,L-Cardin,allopathic,92,904,2 mg,66
10590,L-Carni,allopathic,92,938,330 mg,84
10591,L-con,allopathic,62,971,0.30%,143
10592,Leanxit,allopathic,92,669,0.5 mg+10 mg,4
10593,Leaxe,allopathic,69,911,3.35 gm/5 ml,9
10594,Lebac,allopathic,2,321,250 mg,217
10595,Lebac,allopathic,2,321,500 mg,217
10596,Lebac,allopathic,26,321,500 mg/vial,217
10597,Lebac,allopathic,72,321,125 mg/1.25 ml,217
10598,Lebac,allopathic,75,321,125 mg/5 ml,217
10599,Lebac Forte,allopathic,75,321,250 mg/5 ml,217
10600,Lebrod,allopathic,91,950,1 mg/5 ml,9
10601,Lebrod,allopathic,92,950,1 mg,9
10602,Lebrod,allopathic,92,950,2 mg,9
10603,Lebutal,allopathic,91,950,1 mg/5 ml,173
10604,Lebutal,allopathic,92,950,1 mg,173
10605,Lebutal,allopathic,92,950,2 mg,173
10606,Lecaren,allopathic,92,943,100 mg+25 mg+200 mg,84
10607,Lecet,allopathic,92,939,5 mg,173
10608,Lecitin,allopathic,92,939,5 mg,239
10609,Lecocin,allopathic,92,945,500 mg,187
10610,Lecor,herbal,91,1245,,217
10611,Lecosav,herbal,91,1245,,4
10612,Ledomide,allopathic,2,928,10 mg,196
10613,Ledomide,allopathic,2,928,25 mg,196
10614,Leevotin,allopathic,92,945,500 mg,145
10615,Leevotin,allopathic,92,945,500 mg,223
10616,Lefex,allopathic,92,945,500 mg,
10617,Leflox,allopathic,62,944,0.50%,2
10618,Leflox,allopathic,92,945,500 mg,2
10619,Leflox,allopathic,92,945,750 mg,2
10620,Leflox TS,allopathic,62,944,1.50%,2
10621,Lefoam,allopathic,72,1459,67 mg/ml,106
10622,Legaba,allopathic,2,1314,50 mg,20
10623,Lemonika,allopathic,91,371,31.25 mg/5 ml,106
10624,Lemovit-C,allopathic,9,1676,250 mg,240
10625,Lemovit-C,allopathic,30,1676,500 mg/5 ml,240
10626,Lemox,allopathic,91,934,40 mg/5 ml,33
10627,Lenor,allopathic,92,932,2.5 mg,73
10628,Lenva,allopathic,2,930,10 mg,31
10629,Lenva,allopathic,2,930,4 mg,31
10630,Lenvacent,allopathic,2,930,10 mg,106
10631,Lenvacent,allopathic,2,930,4 mg,106
10632,Lenvaxen,allopathic,2,930,10 mg,76
10633,Lenvaxen,allopathic,2,930,4 mg,76
10634,Lenvika,allopathic,2,930,10 mg,85
10635,Lenvika,allopathic,2,930,4 mg,85
10636,Leo,allopathic,37,945,500 mg/100 ml,4
10637,Leo,allopathic,62,944,0.50%,4
10638,Leo,allopathic,92,945,250 mg,4
10639,Leo,allopathic,92,945,500 mg,4
10640,Leo,allopathic,92,945,750 mg,4
10641,Leocof,allopathic,91,485,10 mg/5 ml,127
10642,Leoflox,allopathic,92,945,250 mg,9
10643,Leoflox,allopathic,92,945,500 mg,9
10644,Leofran,allopathic,69,1201,4 mg/5 ml,127
10645,Leofran,allopathic,92,1201,8 mg,127
10646,Leogem,allopathic,92,712,320 mg,127
10647,Leokast,allopathic,92,1086,10 mg,202
10648,Leolac,allopathic,69,911,3.35 gm/5 ml,127
10649,Leosil,allopathic,92,945,500 mg,211
10650,Leotram,allopathic,2,1604,50 mg,127
10651,Leozinc,allopathic,91,1703,4.05 mg/5 ml,127
10652,Leozinc DS,allopathic,91,1703,10 mg/5 ml,127
10653,Leozinc-B,allopathic,91,1671,,127
10654,Lepath,allopathic,92,316,250 mg,17
10655,Leptal,allopathic,92,1215,300 mg,101
10656,Leptal,allopathic,92,1215,600 mg,101
10657,Leptic,allopathic,92,389,0.5 mg,4
10658,Leptic,allopathic,92,389,1 mg,4
10659,Leptic,allopathic,92,389,2 mg,4
10660,Leptic ODT,allopathic,14,389,0.5 mg,4
10661,Lequin,allopathic,62,944,0.50%,20
10662,Lequin,allopathic,92,945,500 mg,20
10663,Lerex,allopathic,92,939,5 mg,26
10664,Lerof,allopathic,92,945,500 mg,231
10665,Leroxy,allopathic,92,951,50 mcg,185
10666,Lerozol,allopathic,92,932,2.5 mg,217
10667,Lertal,allopathic,57,965,,238
10668,Lerupa,allopathic,92,1411,10 mg,20
10669,Lesal,allopathic,91,950,1 mg/5 ml,20
10670,Lescol XL,allopathic,96,681,80 mg,156
10671,Lesero,allopathic,26,313,1 gm/vial,240
10672,Lesero,allopathic,26,313,250 mg/vial,240
10673,Lesero,allopathic,26,313,500 mg/vial,240
10674,Lesovir-C,allopathic,92,926,90 mg+400 mg,35
10675,Lesterol,allopathic,2,681,20 mg,165
10676,Lethiquin,allopathic,92,945,500 mg,192
10677,Letol,allopathic,91,950,1 mg/5 ml,89
10678,Letol,allopathic,92,950,2 mg,89
10679,Letrogen,allopathic,92,932,2.5 mg,105
10680,Letrol,allopathic,92,932,2.5 mg,196
10681,Letrozol,allopathic,92,932,2.5 mg,66
10682,Leucita AqVida,allopathic,40,643,300 mcg/0.5 ml,23
10683,Leucodar,allopathic,92,652,50 mg,48
10684,Leucofil,allopathic,91,66,15 mg/5 ml,127
10685,Leufol,allopathic,26,261,10 mg/ml,101
10686,Leukenib,allopathic,92,815,100 mg,114
10687,Leukenib,allopathic,92,815,400 mg,114
10688,Leukeran,allopathic,92,330,2 mg,
10689,Leukin,allopathic,92,1035,50 mg,31
10690,Levair,allopathic,91,950,1 mg/5 ml,84
10691,Levamin,allopathic,91,934,40 mg/5 ml,179
10692,Levamin,allopathic,92,934,40 mg,179
10693,Levamolin,allopathic,92,1431,2.5 mg,180
10694,Levamolin,allopathic,92,1431,5 mg,180
10695,Levant,allopathic,92,939,5 mg,42
10696,Levat,allopathic,2,930,10 mg,114
10697,Levefix,allopathic,69,935,500 mg/5 ml,165
10698,Levefix,allopathic,92,935,250 mg,165
10699,Levefix,allopathic,92,935,500 mg,165
10700,Level-K,allopathic,67,1488,15 gm/sachet,106
10701,Levemir Flexpen,allopathic,80,836,100 IU/ml,159
10702,Leventa,allopathic,91,950,1 mg/5 ml,158
10703,Levepro,allopathic,92,935,250 mg,85
10704,Levepro,allopathic,92,935,500 mg,85
10705,Leveron,allopathic,69,935,500 mg/5 ml,222
10706,Leveron,allopathic,92,935,250 mg,222
10707,Leveron,allopathic,92,935,500 mg,222
10708,Levetam,allopathic,92,935,250 mg,73
10709,Levetam,allopathic,92,935,500 mg,73
10710,Levetam XR,allopathic,96,935,500 mg,73
10711,Levetira,allopathic,69,935,500 mg/5 ml,185
10712,Levetira,allopathic,92,935,500 mg,185
10713,Leviceta,allopathic,92,935,250 mg,84
10714,Leviceta,allopathic,92,935,500 mg,84
10715,Levin,allopathic,92,945,500 mg,17
10716,Levipil,allopathic,92,935,250 mg,219
10717,Levipil,allopathic,92,935,500 mg,219
10718,Levo,allopathic,92,945,500 mg,27
10719,Levoair,allopathic,91,950,1 mg/5 ml,119
10720,Levobac,allopathic,37,945,500 mg/100 ml,185
10721,Levobac,allopathic,62,944,0.50%,185
10722,Levobac,allopathic,92,945,500 mg,185
10723,Levobac,allopathic,92,945,750 mg,185
10724,Levobac TS,allopathic,62,944,1.50%,185
10725,Levocar,allopathic,69,938,500 mg/5 ml,217
10726,Levocar,allopathic,92,938,330 mg,217
10727,Levocare,allopathic,92,945,500 mg,64
10728,Levocet,allopathic,92,939,5 mg,9
10729,Levocin,allopathic,92,945,500 mg,63
10730,Levocos,allopathic,92,945,500 mg,54
10731,Levoday,allopathic,92,945,500 mg,233
10732,Levodis,allopathic,91,950,1 mg/5 ml,194
10733,Levodon,allopathic,92,945,500 mg,21
10734,Levofed,allopathic,37,1177,2 mg/2 ml,31
10735,Levoflox,allopathic,37,945,500 mg/100 ml,66
10736,Levoflox,allopathic,62,944,0.50%,66
10737,Levoflox,allopathic,92,945,500 mg,66
10738,Levoflox,allopathic,92,945,750 mg,66
10739,Levogen,allopathic,62,944,0.50%,84
10740,Levogen TS,allopathic,62,944,1.50%,84
10741,Levoking,allopathic,69,945,125 mg/5 ml,196
10742,Levoking,allopathic,92,945,500 mg,196
10743,Levoking,allopathic,92,945,750 mg,196
10744,Levolex,allopathic,92,945,500 mg,179
10745,Levolo,allopathic,62,944,0.50%,173
10746,Levolo,allopathic,92,945,500 mg,173
10747,Levolon,allopathic,92,945,250 mg,174
10748,Levolon,allopathic,92,945,500 mg,174
10749,Levomax,allopathic,62,944,0.50%,73
10750,Levomax,allopathic,92,945,750 mg,73
10751,Levomax TS,allopathic,62,944,1.50%,73
10752,Levomet,allopathic,92,945,250 mg,136
10753,Levonce,allopathic,92,945,500 mg,42
10754,Levonix,allopathic,92,945,500 mg,240
10755,Levonor,allopathic,92,945,500 mg,157
10756,Levonor,allopathic,92,945,750 mg,157
10757,Levopa,allopathic,92,942,100 mg+10 mg,4
10758,Levopa,allopathic,92,942,250 mg+25 mg,4
10759,Levoquin,allopathic,62,944,0.50%,150
10760,Levoquin,allopathic,92,945,500 mg,150
10761,Levoquin TS,allopathic,62,944,1.50%,150
10762,Levora,allopathic,92,945,500 mg,215
10763,Levosafe,allopathic,92,945,500 mg,74
10764,Levoseem,allopathic,92,945,500 mg,207
10765,Levosina,allopathic,62,944,0.50%,105
10766,Levosina,allopathic,92,945,500 mg,105
10767,Levosina,allopathic,92,945,750 mg,105
10768,Levosina TS,allopathic,62,944,1.50%,105
10769,Levosol,allopathic,91,934,40 mg/5 ml,207
10770,Levosol,allopathic,92,934,40 mg,207
10771,Levostar,allopathic,91,950,1 mg/5 ml,217
10772,Levostar,allopathic,92,950,1 mg,217
10773,Levostar,allopathic,92,950,2 mg,217
10774,Levostin,allopathic,92,945,500 mg,8
10775,Levotiz,allopathic,92,939,5 mg,75
10776,Levox,allopathic,62,944,0.50%,165
10777,Levox,allopathic,69,945,125 mg/5 ml,165
10778,Levox,allopathic,92,945,500 mg,165
10779,Levox,allopathic,92,945,750 mg,165
10780,Levox TS,allopathic,62,944,1.50%,165
10781,Levoxin,allopathic,37,945,500 mg/100 ml,106
10782,Levoxin,allopathic,62,944,0.50%,106
10783,Levoxin,allopathic,69,945,125 mg/5 ml,106
10784,Levoxin,allopathic,92,945,250 mg,106
10785,Levoxin,allopathic,92,945,500 mg,106
10786,Levoxin,allopathic,92,945,750 mg,106
10787,Levoxin TS,allopathic,62,944,1.50%,106
10788,Lexa,allopathic,92,945,500 mg,90
10789,Lexaton,allopathic,92,1597,50 mg,66
10790,Lexazen,allopathic,92,945,250 mg,239
10791,Lexazen,allopathic,92,945,500 mg,239
10792,Lexel,allopathic,92,932,2.5 mg,31
10793,Lexlo,allopathic,92,945,250 mg,16
10794,Lexlo,allopathic,92,945,500 mg,16
10795,Lexnil,allopathic,92,224,3 mg,26
10796,Lexopam,allopathic,92,224,3 mg,20
10797,Lexopil,allopathic,92,224,3 mg,101
10798,Lexotanil,allopathic,92,224,3 mg,191
10799,Lezon,allopathic,92,945,500 mg,75
10800,Liam,allopathic,9,1086,5 mg,26
10801,Liam,allopathic,92,1086,10 mg,26
10802,Libidex,herbal,2,1416,,99
10803,Libotil,allopathic,75,316,125 mg/5 ml,129
10804,Libott,allopathic,37,487,10%,128
10805,Libott,allopathic,37,487,25%,128
10806,Libott,allopathic,37,487,5%,128
10807,Libott-M,allopathic,37,1471,0.18%+4.3%,128
10808,Libott-S,allopathic,37,1471,0.9%+5%,128
10809,Libott-S JR,allopathic,37,1471,0.45%+5%,128
10810,Libracin,allopathic,37,364,200 mg/100 ml,128
10811,Libracin,allopathic,37,364,400 mg/100 ml,128
10812,Libradin,allopathic,2,321,500 mg,129
10813,Libradin,allopathic,75,321,125 mg/5 ml,129
10814,Librazol,allopathic,37,1057,500 mg/100 ml,128
10815,Libret,allopathic,37,1368,50 mg/100 ml,128
10816,Licef,allopathic,2,299,500 mg,26
10817,Licerin,allopathic,11,1264,5% w/w,66
10818,Licnil,allopathic,45,880,0.50%,73
10819,Licod-M,allopathic,91,1097,,54
10820,Liconor,allopathic,70,1641,250 mg/5 ml,165
10821,Liconor,allopathic,92,1641,150 mg,165
10822,Liconor,allopathic,92,1641,300 mg,165
10823,Lido,allopathic,104,959,10 mg/spray,217
10824,Lidocaine,allopathic,30,957,2%,136
10825,Lidocaine Plus,allopathic,30,955,2%+0.00125%,225
10826,Lidocef,allopathic,2,321,500 mg,127
10827,Lidocef,allopathic,75,321,125 mg/5 ml,127
10828,Lifcin,allopathic,37,945,500 mg/100 ml,37
10829,Lifcin,allopathic,62,944,1.50%,37
10830,Lifcin,allopathic,69,945,125 mg/5 ml,37
10831,Lifcin,allopathic,92,945,500 mg,37
10832,Lifcin,allopathic,92,945,750 mg,37
10833,Life Gold,allopathic,92,1100,,9
10834,Life Silver,allopathic,92,1103,,9
10835,Lifil-A,allopathic,2,1667,50000 IU,4
10836,Lifil-E,herbal,2,1681,200 mg,4
10837,Lifil-E,herbal,2,1681,400 mg,4
10838,Lifozin,allopathic,92,684,5 mg+20 mg,105
10839,Liftear,allopathic,62,960,5%,25
10840,Ligazid,allopathic,92,962,5 mg,73
10841,Ligazid M,allopathic,92,963,2.5 mg+1000 mg,73
10842,Ligazid M,allopathic,92,963,2.5 mg+500 mg,73
10843,Ligazid M,allopathic,92,963,2.5 mg+850 mg,73
10844,Ligend,allopathic,92,962,5 mg,75
10845,Ligend M,allopathic,92,963,2.5 mg+500 mg,75
10846,Liglimet,allopathic,92,963,2.5 mg+500 mg,217
10847,Liglimet,allopathic,92,963,2.5 mg+850 mg,217
10848,Liglimet XR,allopathic,96,963,5 mg+1000 mg,217
10849,Lijenta,allopathic,92,962,5 mg,155
10850,Lijenta-M,allopathic,92,963,2.5 mg+1000 mg,155
10851,Lijenta-M,allopathic,92,963,2.5 mg+500 mg,155
10852,Lijenta-M,allopathic,92,963,2.5 mg+850 mg,155
10853,Lijenta-MX,allopathic,96,963,2.5 mg+1000 mg,155
10854,Lijenta-MX,allopathic,96,963,5 mg+1000 mg,155
10855,Limaryl,allopathic,92,722,1 mg,185
10856,Limaryl,allopathic,92,722,2 mg,185
10857,Limaryl,allopathic,92,722,3 mg,185
10858,Limaryl,allopathic,92,722,4 mg,185
10859,Limaryl M,allopathic,96,723,1 mg+500 mg,185
10860,Limaryl M,allopathic,96,723,2 mg+500 mg,185
10861,Limastin,allopathic,2,652,50 mg,172
10862,Limbix,allopathic,92,79,12.5 mg+5 mg,4
10863,Limep,allopathic,92,722,1 mg,119
10864,Limep,allopathic,92,722,2 mg,119
10865,Limerid,allopathic,92,722,1 mg,221
10866,Limerid,allopathic,92,722,2 mg,221
10867,Limitrol,allopathic,92,79,12.5 mg+5 mg,240
10868,Limogel,allopathic,58,970,15%,35
10869,Limpa,allopathic,92,557,10 mg+5 mg,25
10870,Limpa,allopathic,92,557,25 mg+5 mg,25
10871,Limpet,allopathic,92,722,1 mg,66
10872,Limpet,allopathic,92,722,2 mg,66
10873,Limpet,allopathic,92,722,3 mg,66
10874,Limpet,allopathic,92,722,4 mg,66
10875,Limpet M,allopathic,96,723,1 mg+500 mg,66
10876,Limpet M,allopathic,96,723,2 mg+500 mg,66
10877,Lin,allopathic,62,944,0.50%,119
10878,Lin,allopathic,92,945,250 mg,119
10879,Lin,allopathic,92,945,500 mg,119
10880,Lina,herbal,2,1504,250 mg,99
10881,Lina,herbal,2,1504,500 mg,99
10882,Linacin,allopathic,2,374,150 mg,210
10883,Linacin,allopathic,2,374,300 mg,210
10884,Linacon,allopathic,92,962,5 mg,53
10885,Linadi,allopathic,92,962,5 mg,173
10886,Linadi Plus,allopathic,92,963,2.5 mg+1000 mg,173
10887,Linadi Plus,allopathic,92,963,2.5 mg+500 mg,173
10888,Linadi Plus,allopathic,92,963,2.5 mg+850 mg,173
10889,Linadus,allopathic,92,962,5 mg,165
10890,Linadus M,allopathic,92,963,2.5 mg+1000 mg,165
10891,Linadus M,allopathic,92,963,2.5 mg+500 mg,165
10892,Linadus M,allopathic,92,963,2.5 mg+850 mg,165
10893,Linaglip,allopathic,92,962,5 mg,25
10894,Linaglip-M,allopathic,92,963,2.5 mg+500 mg,25
10895,Linaglip-M,allopathic,92,963,2.5 mg+850 mg,25
10896,Linaglip-M,allopathic,96,963,5 mg+1000 mg,25
10897,Linago,allopathic,92,962,5 mg,135
10898,Linajen,allopathic,92,962,5 mg,185
10899,Linalit,allopathic,92,962,5 mg,226
10900,Linalit-M,allopathic,92,963,2.5 mg+500 mg,226
10901,Linalit-M,allopathic,92,963,2.5 mg+850 mg,226
10902,Linamet,allopathic,92,963,2.5 mg+1000 mg,185
10903,Linamet,allopathic,92,963,2.5 mg+500 mg,185
10904,Linamet,allopathic,92,963,2.5 mg+850 mg,185
10905,Linamide,allopathic,2,928,10 mg,31
10906,Linamide,allopathic,2,928,25 mg,31
10907,Linaptin,allopathic,92,962,5 mg,84
10908,Linaptin M,allopathic,92,963,2.5 mg+500 mg,84
10909,Linaptin M,allopathic,92,963,2.5 mg+850 mg,84
10910,Linarol,allopathic,92,962,5 mg,66
10911,Linarol-M,allopathic,92,963,2.5 mg+1000 mg,66
10912,Linarol-M,allopathic,92,963,2.5 mg+500 mg,66
10913,Linarol-M,allopathic,92,963,2.5 mg+850 mg,66
10914,Linastar,allopathic,92,962,5 mg,171
10915,Linastar M,allopathic,92,963,2.5 mg+500 mg,171
10916,Linastar M,allopathic,92,963,2.5 mg+850 mg,171
10917,Linatab,allopathic,92,962,5 mg,106
10918,Linatab E,allopathic,92,557,10 mg+5 mg,106
10919,Linatab E,allopathic,92,557,25 mg+5 mg,106
10920,Linatab M,allopathic,92,963,2.5 mg+1000 mg,106
10921,Linatab M,allopathic,92,963,2.5 mg+500 mg,106
10922,Linatab M,allopathic,92,963,2.5 mg+850 mg,106
10923,Linatab M ER,allopathic,96,963,2.5 mg+1000 mg,106
10924,Linatab M ER,allopathic,96,963,5 mg+1000 mg,106
10925,Linatin,allopathic,92,962,5 mg,62
10926,Linatin M,allopathic,92,963,2.5 mg+1000 mg,62
10927,Linatin M,allopathic,92,963,2.5 mg+500 mg,62
10928,Linatin M,allopathic,92,963,2.5 mg+850 mg,62
10929,Linax,allopathic,92,962,5 mg,105
10930,Linax Plus,allopathic,92,963,2.5 mg+1000 mg,105
10931,Linax Plus,allopathic,92,963,2.5 mg+500 mg,105
10932,Linax Plus,allopathic,92,963,2.5 mg+850 mg,105
10933,Linax Plus,allopathic,96,963,5 mg+1000 mg,105
10934,Linaxitin,allopathic,92,962,5 mg,180
10935,Lincocin,allopathic,2,374,150 mg,4
10936,Lincocin,allopathic,2,374,300 mg,4
10937,Lindac,allopathic,92,1518,100 mg,185
10938,Lindac,allopathic,92,1518,200 mg,185
10939,Lindamax,allopathic,2,374,150 mg,73
10940,Lindamax,allopathic,2,374,300 mg,73
10941,Lindamax,allopathic,45,375,1%,73
10942,Lindamax Plus,allopathic,101,378,1.2%+0.025%,73
10943,Linda-S DS,allopathic,26,1226,10 IU/ml,161
10944,Lindex,allopathic,2,321,250 mg,192
10945,Lindex,allopathic,2,321,500 mg,192
10946,Lindex,allopathic,26,321,1 gm/vial,192
10947,Lindex,allopathic,26,321,500 mg/vial,192
10948,Lindex,allopathic,72,321,125 mg/1.25 ml,192
10949,Lindex,allopathic,75,321,125 mg/5 ml,192
10950,Lindex DS,allopathic,75,321,250 mg/5 ml,192
10951,Linera,allopathic,92,962,5 mg,240
10952,Linera M,allopathic,92,963,2.5 mg+1000 mg,240
10953,Linera M,allopathic,92,963,2.5 mg+500 mg,240
10954,Linera M,allopathic,92,963,2.5 mg+850 mg,240
10955,Linexil,allopathic,37,964,2 mg/ml,165
10956,Linexil,allopathic,75,964,100 mg/5 ml,165
10957,Linexil,allopathic,92,964,400 mg,165
10958,Linexil,allopathic,92,964,600 mg,165
10959,Linez,allopathic,92,964,400 mg,196
10960,Linez,allopathic,92,964,600 mg,196
10961,Linita,allopathic,92,962,5 mg,217
10962,Linlid,allopathic,75,964,100 mg/5 ml,224
10963,Linlid,allopathic,92,964,400 mg,224
10964,Linlid,allopathic,92,964,600 mg,224
10965,Lino,allopathic,92,962,5 mg,4
10966,Lino-M,allopathic,92,963,2.5 mg+500 mg,4
10967,Lino-M,allopathic,92,963,2.5 mg+850 mg,4
10968,Lino-M XR,allopathic,96,963,5 mg+1000 mg,4
10969,Lintin,allopathic,92,962,5 mg,119
10970,Linzolid,allopathic,37,964,2 mg/ml,106
10971,Linzolid,allopathic,75,964,100 mg/5 ml,106
10972,Linzolid,allopathic,92,964,400 mg,106
10973,Linzolid,allopathic,92,964,600 mg,106
10974,Liofen,allopathic,92,147,10 mg,219
10975,Liofen,allopathic,92,147,5 mg,219
10976,Liorel,allopathic,92,147,10 mg,2
10977,Liorel,allopathic,92,147,5 mg,2
10978,Lioresal,allopathic,92,147,10 mg,156
10979,Lioresal,allopathic,92,147,25 mg,156
10980,Liosal,allopathic,92,147,10 mg,62
10981,Lipex,allopathic,92,128,10 mg,171
10982,Lipex,allopathic,92,128,20 mg,171
10983,Lipichek,allopathic,92,83,5 mg+10 mg,84
10984,Lipicon,allopathic,92,128,10 mg,73
10985,Lipicon,allopathic,92,128,20 mg,73
10986,Lipicon,allopathic,92,128,40 mg,73
10987,Lipicut,allopathic,92,128,10 mg,192
10988,Lipicut,allopathic,92,128,20 mg,192
10989,Lipidof,allopathic,2,625,200 mg,4
10990,Lipigent,allopathic,92,128,10 mg,173
10991,Lipigent,allopathic,92,128,20 mg,173
10992,Lipigent Plus,allopathic,92,83,5 mg+10 mg,173
10993,Lipiles,allopathic,92,128,10 mg,180
10994,Lipiles,allopathic,92,128,20 mg,180
10995,Lipinor,allopathic,92,128,10 mg,197
10996,Lipired,allopathic,2,625,200 mg,217
10997,Lipiros,allopathic,92,1406,10 mg,173
10998,Lipiros,allopathic,92,1406,5 mg,173
10999,Lipistat,allopathic,92,128,10 mg,233
11000,Lipitin,allopathic,92,128,10 mg,84
11001,Lipitin,allopathic,92,128,20 mg,84
11002,Lipiva,allopathic,92,128,10 mg,127
11003,Lipiva,allopathic,92,128,20 mg,127
11004,Lipiva Plus,allopathic,92,83,5 mg+10 mg,127
11005,Liplo,allopathic,92,128,10 mg,89
11006,Liplo,allopathic,92,128,20 mg,89
11007,Liploss,allopathic,92,1287,2 mg,66
11008,Lipobi,allopathic,92,128,10 mg,153
11009,Lipofit,allopathic,37,845,10%,31
11010,Lipostat,allopathic,92,128,10 mg,150
11011,Lipostat,allopathic,92,128,20 mg,150
11012,Lipovast,allopathic,92,128,10 mg,210
11013,Lipril,allopathic,92,968,10 mg,4
11014,Lipril,allopathic,92,968,5 mg,4
11015,Liptor,allopathic,92,128,10 mg,4
11016,Liptor,allopathic,92,128,20 mg,4
11017,Liptor,allopathic,92,128,40 mg,4
11018,Liptor,allopathic,92,128,80 mg,4
11019,Liptor EZ,allopathic,92,127,10 mg+10 mg,4
11020,Liptor EZ,allopathic,92,127,20 mg+10 mg,4
11021,Liqu-E,herbal,2,1681,200 mg,31
11022,Liquical,allopathic,2,249,0.25 mcg,31
11023,Liqumint,herbal,2,1259,187 mg/0.2 ml,31
11024,Lirel,allopathic,92,392,75 mg,212
11025,Lirel Plus,allopathic,92,391,75 mg+75 mg,212
11026,Lirica,allopathic,2,1314,25 mg,37
11027,Lirica,allopathic,2,1314,50 mg,37
11028,Lirica,allopathic,2,1314,75 mg,37
11029,Lirosal,allopathic,92,147,10 mg,157
11030,Liset,allopathic,92,939,5 mg,145
11031,Lispril,allopathic,92,968,5 mg,136
11032,Listacare Blue Mint,allopathic,48,1033,,84
11033,Listacare Gold,allopathic,48,1033,,84
11034,Listacare Plus,allopathic,48,1478,0.02%,84
11035,Listacare Zero,allopathic,48,616,(91 mg+42 mg+63 mg)/100 ml,84
11036,Listoral Coolmint,allopathic,48,1033,,2
11037,Listoral Original,allopathic,48,1033,,2
11038,Lit,allopathic,92,1280,15 mg,226
11039,Lite,allopathic,17,872,3.5 gm/sachet,197
11040,Lithin SR,allopathic,100,969,400 mg,106
11041,Lithium SR,allopathic,100,969,400 mg,108
11042,Lithosun SR,allopathic,100,969,400 mg,219
11043,Litiam ER,allopathic,96,969,400 mg,2
11044,Litizem,allopathic,92,507,30 mg,106
11045,Litizem,allopathic,92,507,60 mg,106
11046,Litrim,allopathic,70,1520,(200 mg+40 mg)/5 ml,140
11047,Litrim,allopathic,92,1520,400 mg+80 mg,140
11048,Livacin,allopathic,62,944,0.50%,82
11049,Livacin,allopathic,92,945,500 mg,82
11050,Livacol,allopathic,92,1185,10 mg,217
11051,Livacol,allopathic,92,1185,5 mg,217
11052,Livacor,allopathic,92,1641,150 mg,108
11053,Livacor,allopathic,92,1641,300 mg,108
11054,Livadox,allopathic,92,1185,10 mg,114
11055,Livadox,allopathic,92,1185,5 mg,114
11056,Livas,allopathic,92,128,10 mg,225
11057,Livas,allopathic,92,128,20 mg,225
11058,Livasil,herbal,2,1458,140 mg,106
11059,Livasil,herbal,2,1458,70 mg,106
11060,Livax,allopathic,69,911,3.35 gm/5 ml,173
11061,Livcare,allopathic,92,1185,10 mg,25
11062,Livcare,allopathic,92,1185,5 mg,25
11063,Livec,herbal,2,1458,70 mg,99
11064,Liveric,allopathic,92,1641,150 mg,35
11065,Liveric,allopathic,92,1641,300 mg,35
11066,Livita,allopathic,91,861,,2
11067,Livocard,allopathic,92,392,75 mg,226
11068,Livocard Plus,allopathic,92,391,75 mg+75 mg,226
11069,Livodel,allopathic,91,950,1 mg/5 ml,185
11070,Livolite,herbal,2,95,200 mg,217
11071,Livoton,allopathic,69,911,3.35 gm/5 ml,119
11072,Livwel,allopathic,91,1104,,217
11073,Lixidol,allopathic,92,896,10 mg,54
11074,Lizen,allopathic,75,964,100 mg/5 ml,239
11075,Lizen,allopathic,92,964,600 mg,239
11076,LK,allopathic,92,982,25 mg,173
11077,LK,allopathic,92,982,50 mg,173
11078,LK Plus,allopathic,92,983,50 mg+12.5 mg,173
11079,LM,allopathic,92,1431,2.5 mg,4
11080,LM,allopathic,92,1431,5 mg,4
11081,LNC,allopathic,92,355,10 mg,217
11082,LNC,allopathic,92,355,5 mg,217
11083,Locaine,allopathic,30,957,2%,25
11084,Locard,allopathic,92,81,5 mg,113
11085,Locard Plus,allopathic,92,82,5 mg+50 mg,113
11086,Locin,allopathic,62,944,0.50%,89
11087,Locin,allopathic,92,945,250 mg,89
11088,Locin,allopathic,92,945,500 mg,89
11089,Locol,allopathic,92,128,10 mg,185
11090,Locol,allopathic,92,128,20 mg,185
11091,Locol Plus,allopathic,92,83,5 mg+10 mg,185
11092,Locoma,allopathic,62,219,0.2%+0.5%,2
11093,Locopain,allopathic,62,495,0.10%,26
11094,Locopain-TR,allopathic,8,494,100 mg,26
11095,Loctoz,allopathic,69,911,3.35 gm/5 ml,17
11096,Loctril,allopathic,92,1086,10 mg,164
11097,Locular,allopathic,62,218,0.20%,217
11098,Locular Plus,allopathic,62,219,0.2%+0.5%,217
11099,Loderm,allopathic,11,396,1%,5
11100,Lodiben,allopathic,2,84,2.5 mg+10 mg,73
11101,Lodiben,allopathic,2,84,5 mg+10 mg,73
11102,Lodiben,allopathic,2,84,5 mg+20 mg,73
11103,Lodical,allopathic,92,81,5 mg,215
11104,Lodical Plus,allopathic,92,82,5 mg+50 mg,215
11105,Lodicard,allopathic,92,82,5 mg+50 mg,25
11106,Lodin Plus,allopathic,96,976,10 mg+240 mg,17
11107,Lodipin,allopathic,92,81,5 mg,25
11108,Lofam,allopathic,92,9,100 mg,140
11109,Lofat,allopathic,2,625,200 mg,35
11110,Lofens,allopathic,100,9,100 mg,239
11111,Loflox,allopathic,62,971,0.30%,164
11112,Lofos,allopathic,92,252,667 mg,217
11113,Logeva,allopathic,92,1524,,215
11114,Logibac,allopathic,2,314,400 mg,4
11115,Logibac,allopathic,75,314,90 mg/5 ml,4
11116,Lograin,allopathic,92,1594,200 mg,105
11117,Lok Plus,allopathic,92,983,50 mg+12.5 mg,89
11118,Lok-50,allopathic,92,982,50 mg,89
11119,Lola,allopathic,67,979,3 gm/sachet,114
11120,Lomebac,allopathic,62,971,0.30%,185
11121,Lomecin,allopathic,61,971,0.30%,195
11122,Lomecin,allopathic,62,971,0.30%,195
11123,Lomeflox,allopathic,62,971,0.30%,25
11124,Lomeflox,allopathic,92,972,400 mg,25
11125,Lomegen,allopathic,62,971,0.30%,84
11126,Lomequin,allopathic,62,971,0.30%,106
11127,Lomesec,allopathic,4,1199,20 mg,8
11128,Lomexa,allopathic,62,971,0.30%,165
11129,Lomir,allopathic,92,876,2.5 mg,156
11130,Lonapam,allopathic,92,389,0.5 mg,62
11131,Lonapam,allopathic,92,389,1 mg,62
11132,Lonapam,allopathic,92,389,2 mg,62
11133,Lonazep,allopathic,92,389,0.5 mg,219
11134,Lonazep,allopathic,92,389,2 mg,219
11135,Lonazep MD,allopathic,14,389,0.5 mg,219
11136,Lonazep MD,allopathic,14,389,1 mg,219
11137,Lonazep MD,allopathic,14,389,2 mg,219
11138,Lonet,allopathic,92,123,100 mg,35
11139,Lonet,allopathic,92,123,50 mg,35
11140,Longpara,allopathic,96,1238,665 mg,105
11141,Lopadine,allopathic,54,1195,600 mcg/spray,106
11142,Lopadine,allopathic,62,1196,0.10%,106
11143,Lopadine DS,allopathic,62,1196,0.20%,106
11144,Lopadine Max,allopathic,62,1196,0.70%,106
11145,Lopadol,allopathic,62,897,0.50%,185
11146,Lopamid,allopathic,2,973,2 mg,4
11147,Lopan,allopathic,92,802,10 mg,150
11148,Lopenta,allopathic,92,1537,100 mg,2
11149,Lopenta,allopathic,92,1537,50 mg,2
11150,Lopenta,allopathic,92,1537,75 mg,2
11151,Loperin,allopathic,2,973,2 mg,165
11152,Lopez,allopathic,92,1191,10 mg,84
11153,Lopez,allopathic,92,1191,5 mg,84
11154,Lopidam,allopathic,30,848,370 mg/ml,35
11155,Lopidam,allopathic,30,848,370 mg/ml,35
11156,Lopin,allopathic,92,81,5 mg,67
11157,Lopin Plus,allopathic,92,82,5 mg+25 mg,67
11158,Lopirel,allopathic,92,392,75 mg,106
11159,Lopirel Plus,allopathic,92,391,75 mg+75 mg,106
11160,Loplate,allopathic,92,392,75 mg,119
11161,Loplate Plus,allopathic,92,391,75 mg+75 mg,119
11162,Lopo,allopathic,92,982,100 mg,37
11163,Lopo,allopathic,92,982,25 mg,37
11164,Lopo,allopathic,92,982,50 mg,37
11165,Lopo Plus,allopathic,92,983,50 mg+12.5 mg,37
11166,Lopos,allopathic,92,982,25 mg,239
11167,Lopos,allopathic,92,982,50 mg,239
11168,Lopos Plus,allopathic,92,983,100 mg+25 mg,239
11169,Lopoten,allopathic,92,982,25 mg,75
11170,Lopoten,allopathic,92,982,50 mg,75
11171,Lopoten Plus,allopathic,92,983,100 mg+12.5 mg,75
11172,Lopoten Plus,allopathic,92,983,50 mg+12.5 mg,75
11173,Loprenol,allopathic,63,984,0.50%,143
11174,Lopres,allopathic,92,123,100 mg,171
11175,Lopresor,allopathic,92,1056,50 mg,42
11176,Lora,allopathic,70,975,5 mg/5 ml,165
11177,Lora,allopathic,92,975,10 mg,165
11178,Loracef,allopathic,72,298,125 mg/1.25 ml,217
11179,Loracef,allopathic,75,298,125 mg/5 ml,217
11180,Loradale,allopathic,96,976,10 mg+240 mg,158
11181,Lorades,allopathic,91,462,2.5 mg/5 ml,158
11182,Lorades,allopathic,92,462,5 mg,158
11183,Loramide,allopathic,2,973,2 mg,42
11184,Lorapam,allopathic,26,977,4 mg/ml,185
11185,Lorastine,allopathic,70,975,5 mg/5 ml,231
11186,Lorastine,allopathic,92,975,10 mg,231
11187,Lorat,allopathic,92,975,10 mg,66
11188,Loratamax,allopathic,92,975,10 mg,233
11189,Loratec,allopathic,92,975,10 mg,63
11190,Loratin,allopathic,92,975,10 mg,217
11191,Loratin Fast,allopathic,14,975,10 mg,217
11192,Lorbrexen,allopathic,92,978,100 mg,76
11193,Loren,allopathic,92,975,10 mg,179
11194,Loreta,allopathic,92,932,2.5 mg,185
11195,Lorfast,allopathic,70,975,5 mg/5 ml,37
11196,Lorfast,allopathic,92,975,10 mg,37
11197,Loridon,allopathic,70,524,5 mg/5 ml,141
11198,Loridon,allopathic,72,524,5 mg/ml,141
11199,Loridon,allopathic,92,524,10 mg,141
11200,Loril,allopathic,92,982,100 mg,27
11201,Loril,allopathic,92,982,50 mg,27
11202,Lorin,allopathic,70,975,5 mg/5 ml,84
11203,Lorin,allopathic,92,975,10 mg,84
11204,Lorix,allopathic,11,1264,5% w/w,165
11205,Lorix Plus,allopathic,45,1265,5%+10%,165
11206,Losa,allopathic,92,982,25 mg,9
11207,Losa,allopathic,92,982,50 mg,9
11208,Losa Plus,allopathic,92,983,50 mg+12.5 mg,9
11209,Losacard,allopathic,92,982,25 mg,158
11210,Losacard,allopathic,92,982,50 mg,158
11211,Losacard HZ,allopathic,92,983,50 mg+12.5 mg,158
11212,Losacor,allopathic,92,982,50 mg,101
11213,Losacor Plus,allopathic,92,983,50 mg+12.5 mg,101
11214,Losamax,allopathic,92,982,50 mg,233
11215,Losamax-H,allopathic,92,983,50 mg+12.5 mg,233
11216,Losan,allopathic,92,982,25 mg,171
11217,Losan,allopathic,92,982,50 mg,171
11218,Losan Plus,allopathic,92,983,50 mg+12.5 mg,171
11219,Losanil,allopathic,92,982,50 mg,135
11220,Losap,allopathic,92,982,50 mg,
11221,Losapot,allopathic,92,982,50 mg,215
11222,Losapot Plus,allopathic,92,983,50 mg+12.5 mg,215
11223,Losapress,allopathic,92,982,25 mg,34
11224,Losapress,allopathic,92,982,50 mg,34
11225,Losar,allopathic,92,982,50 mg,153
11226,Losarcar,allopathic,92,982,25 mg,136
11227,Losarcar,allopathic,92,982,50 mg,136
11228,Losarcar Plus,allopathic,92,983,50 mg+12.5 mg,136
11229,Losardil,allopathic,92,982,100 mg,66
11230,Losardil,allopathic,92,983,100 mg+12.5 mg,66
11231,Losardil,allopathic,92,983,100 mg+25 mg,66
11232,Losardil,allopathic,92,982,25 mg,66
11233,Losardil,allopathic,92,983,25 mg+12.5 mg,66
11234,Losardil,allopathic,92,982,50 mg,66
11235,Losardil,allopathic,92,983,50 mg+12.5 mg,66
11236,Losark,allopathic,92,982,50 mg,64
11237,Losaron,allopathic,92,982,50 mg,17
11238,Losarpex,allopathic,92,982,50 mg,20
11239,Losarpex Plus,allopathic,92,983,50 mg+12.5 mg,20
11240,Losart,allopathic,92,982,100 mg,4
11241,Losart,allopathic,92,982,25 mg,4
11242,Losart,allopathic,92,982,50 mg,4
11243,Losart Plus,allopathic,92,983,100 mg+12.5 mg,4
11244,Losart Plus,allopathic,92,983,100 mg+25 mg,4
11245,Losart Plus,allopathic,92,983,50 mg+12.5 mg,4
11246,Losartium,allopathic,92,982,50 mg,192
11247,Losartium-H,allopathic,92,983,50 mg+12.5 mg,192
11248,Losart-P,allopathic,92,982,50 mg,211
11249,Losarva,allopathic,92,982,25 mg,155
11250,Losarva,allopathic,92,982,50 mg,155
11251,Losarva Plus,allopathic,92,983,50 mg+12.5 mg,155
11252,Losatan,allopathic,92,982,25 mg,185
11253,Losatan,allopathic,92,982,50 mg,185
11254,Losatan HZ,allopathic,92,983,50 mg+12.5 mg,185
11255,Losectil,allopathic,4,1199,10 mg,73
11256,Losectil,allopathic,4,1199,20 mg,73
11257,Losectil,allopathic,4,1199,40 mg,73
11258,Losectil,allopathic,38,1199,40 mg/vial,73
11259,Losectil,allopathic,67,1199,20 mg/sachet,73
11260,Losectil,allopathic,67,1199,40 mg/sachet,73
11261,Losectil DR,allopathic,95,1199,20 mg,73
11262,Losectil MUPS,allopathic,49,1200,20 mg,73
11263,Losectil MUPS,allopathic,49,1200,40 mg,73
11264,Losectil V,allopathic,4,1199,20 mg,73
11265,Losectil V,allopathic,4,1199,40 mg,73
11266,Losek,allopathic,4,1199,20 mg,42
11267,Losek,allopathic,4,1199,40 mg,42
11268,Losita,allopathic,92,583,10 mg,73
11269,Losita,allopathic,92,583,20 mg,73
11270,Losita,allopathic,92,583,5 mg,73
11271,Losium,allopathic,92,982,50 mg,105
11272,Losium Plus,allopathic,92,983,100 mg+12.5 mg,105
11273,Losium Plus,allopathic,92,983,50 mg+12.5 mg,105
11274,Lospan,allopathic,92,147,10 mg,35
11275,Lospan,allopathic,92,147,25 mg,35
11276,Lospil,allopathic,92,982,50 mg,226
11277,Lospil Plus,allopathic,92,983,50 mg+12.5 mg,226
11278,Lospre,allopathic,92,982,50 mg,120
11279,Losucon,allopathic,92,722,1 mg,106
11280,Losucon,allopathic,92,722,2 mg,106
11281,Losucon,allopathic,92,722,3 mg,106
11282,Losucon,allopathic,92,722,4 mg,106
11283,Losucon M,allopathic,96,723,1 mg+500 mg,106
11284,Losucon M,allopathic,96,723,2 mg+500 mg,106
11285,Lotas,allopathic,92,982,50 mg,16
11286,Loteba,allopathic,63,986,0.5%+0.3%,150
11287,Loteflam,allopathic,60,984,0.50%,84
11288,Loteflam,allopathic,63,984,0.50%,84
11289,Loteflam G,allopathic,63,985,0.5%+0.3%,84
11290,Loteflam T,allopathic,63,986,0.5%+0.3%,84
11291,Lotem,allopathic,14,1086,4 mg,225
11292,Lotem,allopathic,14,1086,5 mg,225
11293,Lotem,allopathic,92,1086,10 mg,225
11294,Lotemic,allopathic,63,984,0.50%,164
11295,Lotemic T,allopathic,63,986,0.5%+0.3%,164
11296,Lotemycin,allopathic,63,986,0.5%+0.3%,4
11297,Lotenate,allopathic,63,984,0.50%,173
11298,Lotenate Plus,allopathic,63,986,0.5%+0.3%,173
11299,Lotenib,allopathic,2,921,100 mg,66
11300,Lotenol,allopathic,60,984,0.50%,185
11301,Lotenol,allopathic,63,984,0.50%,185
11302,Lotenol G,allopathic,63,985,0.5%+0.3%,185
11303,Lotenol T,allopathic,63,986,0.5%+0.3%,185
11304,Lotensyl,allopathic,92,931,10 mg,219
11305,Lotepred,allopathic,60,984,0.50%,25
11306,Lotepred,allopathic,63,984,0.50%,25
11307,Lotepred DS,allopathic,63,984,1%,25
11308,Lotepred Plus,allopathic,63,986,0.5%+0.3%,25
11309,Lotepro,allopathic,63,984,0.50%,106
11310,Lotepro DS,allopathic,63,984,1%,106
11311,Lotepro G,allopathic,63,985,0.5%+0.3%,106
11312,Lotepro Plus,allopathic,63,986,0.5%+0.3%,106
11313,Loterex,allopathic,63,984,0.50%,105
11314,Loterex-G,allopathic,63,985,0.5%+0.3%,105
11315,Loterex-T,allopathic,63,986,0.5%+0.3%,105
11316,Lotor,allopathic,92,945,500 mg,127
11317,Lotrel,allopathic,63,984,0.50%,73
11318,Lotrel G,allopathic,63,985,0.5%+0.3%,73
11319,Lotrel T,allopathic,63,986,0.5%+0.3%,73
11320,Lotrix,allopathic,11,1264,5% w/w,88
11321,Loval,allopathic,70,524,5 mg/5 ml,113
11322,Loval,allopathic,92,524,10 mg,113
11323,Lovanzo,allopathic,4,1199,20 mg,76
11324,Lovanzo,allopathic,4,1199,40 mg,76
11325,Lovapres,allopathic,92,81,5 mg,155
11326,Lovask,allopathic,92,81,5 mg,31
11327,Lovask-A,allopathic,92,82,5 mg+25 mg,31
11328,Loverin,allopathic,92,499,10 mg,35
11329,Lovicin,allopathic,62,944,0.50%,153
11330,Lovicin,allopathic,92,945,500 mg,153
11331,Lowet,allopathic,2,1207,120 mg,108
11332,Lox,allopathic,62,365,0.30%,20
11333,Lox,allopathic,92,364,500 mg,20
11334,Lox-D,allopathic,62,366,0.3%+0.1%,20
11335,Loxetine,allopathic,94,538,20 mg,2
11336,Loxetine,allopathic,94,538,30 mg,2
11337,Loxin,allopathic,92,945,500 mg,135
11338,Loxodol,allopathic,92,981,4 mg,150
11339,Loxyl,allopathic,2,91,500 mg,26
11340,Lozana,allopathic,2,440,100 mg,106
11341,Lozana,allopathic,2,440,200 mg,106
11342,Lozicum,allopathic,26,977,4 mg/ml,106
11343,Lozicum,allopathic,92,977,1 mg,106
11344,Lozide,allopathic,92,721,80 mg,2
11345,Lozin,allopathic,92,939,5 mg,119
11346,L-Sol,allopathic,91,950,1 mg/5 ml,74
11347,L-Sol,allopathic,92,950,2 mg,74
11348,Ltdin,allopathic,92,975,10 mg,141
11349,Luban DS,allopathic,9,34,400 mg,197
11350,Lubgel,allopathic,62,290,1%,217
11351,Lubicon,allopathic,2,987,24 mcg,114
11352,Lubicon,allopathic,2,987,8 mcg,114
11353,Lubigut,allopathic,2,987,24 mcg,240
11354,Lubigut,allopathic,2,987,8 mcg,240
11355,Lubilax,allopathic,2,987,24 mcg,31
11356,Lubilax,allopathic,2,987,8 mcg,31
11357,Lubistone,allopathic,2,987,24 mcg,106
11358,Lubistone,allopathic,2,987,8 mcg,106
11359,Lubrex,allopathic,62,735,0.2%+0.36%+1%,164
11360,Lubric,allopathic,62,804,0.50%,106
11361,Lubric D,allopathic,62,481,0.1%+0.3%,106
11362,Lubric Extra,allopathic,60,292,0.25%+0.3%,106
11363,Lubric Gel,allopathic,112,798,2%,106
11364,Lubrigel,allopathic,62,1292,0.4%+0.3%,164
11365,Lubrimax,allopathic,62,290,1%,2
11366,Lubtear,allopathic,62,481,0.1%+0.3%,217
11367,Lubub Kabir,herbal,75,1423,,99
11368,Lucan-R,allopathic,2,652,150 mg,196
11369,Lucan-R,allopathic,2,652,200 mg,196
11370,Lucan-R,allopathic,2,652,50 mg,196
11371,Lucan-R,allopathic,75,652,50 mg/5 ml,196
11372,Lucazol,allopathic,11,988,1%,106
11373,Lucent,allopathic,2,249,0.25 mcg,196
11374,Lucentis,allopathic,35,1367,0.5 mg/0.05 ml,156
11375,Lucetam,allopathic,92,1285,1200 mg,52
11376,Lucetum,allopathic,92,1285,1200 mg,69
11377,Lucidol,allopathic,2,1604,50 mg,35
11378,Lucidol,allopathic,26,1604,100 mg/2 ml,35
11379,Lucidol,allopathic,89,1604,100 mg,35
11380,Lucon,allopathic,2,652,150 mg,150
11381,Lucon,allopathic,2,652,50 mg,150
11382,Lucrin Depot,allopathic,27,933,11.25 mg,1
11383,Lucrin Depot,allopathic,27,933,3.75 mg,1
11384,Lucza,allopathic,2,652,150 mg,31
11385,Lucza,allopathic,2,652,50 mg,31
11386,Lucza,allopathic,37,652,200 mg/100 ml,31
11387,Ludiomil,allopathic,92,1006,25 mg,206
11388,Luf,allopathic,2,651,250 mg,20
11389,Luf,allopathic,2,651,500 mg,20
11390,Luf,allopathic,75,651,125 mg/5 ml,20
11391,Lukas,allopathic,92,1086,10 mg,186
11392,Lulexa,allopathic,11,988,1%,35
11393,Lulider,allopathic,11,988,1%,150
11394,Lulitop,allopathic,11,988,1%,217
11395,Lulizol,allopathic,11,988,1%,73
11396,Lumenta,allopathic,9,1086,5 mg,206
11397,Lumenta,allopathic,92,1086,10 mg,206
11398,Lumertam,allopathic,92,114,20 mg+120 mg,217
11399,Lumex,allopathic,62,971,0.30%,82
11400,Lumexit,allopathic,92,669,0.5 mg+10 mg,120
11401,Lumigan,allopathic,62,200,0.03%,
11402,Luminor,allopathic,62,218,0.03%,185
11403,Luminus,allopathic,92,1086,10 mg,60
11404,Lumona,allopathic,9,1086,4 mg,73
11405,Lumona,allopathic,9,1086,5 mg,73
11406,Lumona,allopathic,67,1086,4 mg/3.5 gm,73
11407,Lumona,allopathic,92,1086,10 mg,73
11408,Lumona FT,allopathic,21,1086,4 mg,73
11409,Lumona FT,allopathic,21,1086,5 mg,73
11410,Lunarzin,allopathic,92,656,10 mg,105
11411,Lunarzin,allopathic,92,656,5 mg,105
11412,Lunox,allopathic,20,,,66
11413,Lupelac,allopathic,92,896,10 mg,157
11414,Lupravir,allopathic,2,1077,200 mg,196
11415,Lupred,allopathic,59,504,0.05%,106
11416,Lupron,allopathic,92,939,5 mg,120
11417,Luradox,allopathic,92,989,20 mg,106
11418,Luradox,allopathic,92,989,40 mg,106
11419,Luraprex,allopathic,92,989,20 mg,217
11420,Luraprex,allopathic,92,989,40 mg,217
11421,Luretic,allopathic,92,1602,2.5 mg,66
11422,Luretic,allopathic,92,1602,5 mg,66
11423,Lurex,allopathic,91,1344,(30 mg+100 mg+1.25 mg)/5 ml,119
11424,Lutin Plus,allopathic,20,,,84
11425,Lutisone,allopathic,54,677,50 mcg/spray,106
11426,Lutisone,allopathic,56,678,0.5 mg/2 ml,106
11427,Lutisone,allopathic,56,678,2 mg/2 ml,106
11428,Lutisone,allopathic,58,679,0.01%,106
11429,Luvena,herbal,2,1322,3.2 billion,106
11430,Luzent,herbal,2,990,20 mg+5 mg,190
11431,LVC,allopathic,92,939,5 mg,167
11432,Lyflox,allopathic,62,971,0.30%,105
11433,Lyfovit,allopathic,92,1113,,122
11434,Lymeclin,allopathic,2,991,408 mg,106
11435,Lynes,allopathic,92,608,0.05 mg+2.5 mg,161
11436,Lynotril,allopathic,92,992,5 mg,2
11437,Lyovit,allopathic,92,1113,,105
11438,Lyric,allopathic,2,1314,150 mg,101
11439,Lyric,allopathic,2,1314,25 mg,101
11440,Lyric,allopathic,2,1314,50 mg,101
11441,Lyric,allopathic,2,1314,75 mg,101
11442,Lyrinex,allopathic,2,1314,150 mg,155
11443,Lyrinex,allopathic,2,1314,50 mg,155
11444,Lyrinex,allopathic,2,1314,75 mg,155
11445,Lyrinex CR,allopathic,96,1314,165 mg,155
11446,Lyrinex CR,allopathic,96,1314,82.5 mg,155
11447,Lyroxen,allopathic,2,1314,25 mg,76
11448,Lyroxen,allopathic,2,1314,50 mg,76
11449,Lysivin,allopathic,92,1113,,217
11450,Lysovita,allopathic,2,1669,,63
11451,Lysovita,allopathic,91,1669,,63
11452,Lysovita-B,allopathic,92,1669,,63
11453,Lysozinc,allopathic,91,1671,,63
11454,Lyta 28,allopathic,92,606,0.03 mg+0.15 mg+75 mg,106
11455,Lytex,allopathic,72,66,6 mg/ml,105
11456,Lytex,allopathic,91,66,15 mg/5 ml,105
11457,Lytex SR,allopathic,7,66,75 mg,105
11458,M Boss,allopathic,91,66,15 mg/5 ml,46
11459,M.M Gold,allopathic,92,1100,,239
11460,M-400,allopathic,92,1057,400 mg,180
11461,Mabic,allopathic,92,448,100 mg,85
11462,Mabic,allopathic,92,448,20 mg,85
11463,Mabthera,allopathic,37,1397,10 mg/ml,200
11464,Mabthera,allopathic,80,1397,1400 mg/11.7 ml,200
11465,Macas,allopathic,75,580,125 mg/5 ml,26
11466,Macazi,allopathic,75,142,200 mg/5 ml,173
11467,Macazi,allopathic,92,142,500 mg,173
11468,Macery,allopathic,75,580,125 mg/5 ml,173
11469,Macery,allopathic,92,580,250 mg,173
11470,Macery,allopathic,92,580,500 mg,173
11471,Macin,allopathic,75,580,125 mg/5 ml,98
11472,Macipah,allopathic,92,994,10 mg,229
11473,Maclar,allopathic,38,372,500 mg/vial,225
11474,Maclar,allopathic,75,372,125 mg/5 ml,225
11475,Maclar,allopathic,92,372,250 mg,225
11476,Maclar,allopathic,92,372,500 mg,225
11477,Maclid,allopathic,2,142,250 mg,74
11478,Maclid,allopathic,2,142,500 mg,74
11479,Maclid,allopathic,75,142,200 mg/5 ml,74
11480,Maclixine,allopathic,92,1014,25 mg+50 mg,84
11481,Maclon,allopathic,92,1016,500 mcg,226
11482,Macolax,allopathic,69,995,,165
11483,Macrobac,allopathic,75,142,200 mg/5 ml,53
11484,Macrobac,allopathic,92,142,500 mg,53
11485,Macrocin-T,allopathic,45,579,2%,222
11486,Macrosol,allopathic,69,995,,185
11487,Macrozith,allopathic,2,142,250 mg,212
11488,Macrozith,allopathic,75,142,200 mg/5 ml,212
11489,Macrozith,allopathic,92,142,500 mg,212
11490,Maczith,allopathic,2,142,250 mg,37
11491,Maczith,allopathic,75,142,200 mg/5 ml,37
11492,Maczith,allopathic,92,142,500 mg,37
11493,Madhuvas,allopathic,91,28,(5 gm+20 gm)/100 ml,66
11494,Magacil,allopathic,70,996,400 mg/5 ml,165
11495,Magacil Plus,allopathic,9,997,480 mg+20 mg,165
11496,Magacil Plus,allopathic,70,997,(480 mg+20 mg)/5 ml,165
11497,Magadrate Plus,allopathic,70,996,400 mg/5 ml,8
11498,Magadrox Plus,allopathic,9,58,200 mg+200 mg+30 mg,82
11499,Magadrox Plus,allopathic,70,58,(400 mg+400 mg+30 mg)/5 ml,82
11500,Magalcon Plus,allopathic,70,997,(480 mg+20 mg)/5 ml,74
11501,Magalrat Plus,allopathic,9,997,480 mg+20 mg,105
11502,Magalrat Plus,allopathic,70,997,(480 mg+20 mg)/5 ml,105
11503,Maganta Plus,allopathic,9,997,480 mg+20 mg,217
11504,Maganta Plus,allopathic,70,997,(480 mg+20 mg)/5 ml,217
11505,Magaplus,allopathic,70,996,400 mg/5 ml,119
11506,Magaplus-X,allopathic,70,997,(480 mg+20 mg)/5 ml,119
11507,Magasol,allopathic,70,997,(480 mg+20 mg)/5 ml,89
11508,Magfin,allopathic,64,999,(300 mg+1.25 ml)/5 ml,106
11509,Magmil,allopathic,70,998,400 mg/5 ml,173
11510,Magnamilk,allopathic,70,998,400 mg/5 ml,231
11511,Magnason,allopathic,70,998,400 mg/5 ml,113
11512,Magnide,allopathic,92,1000,365 mg,217
11513,MagniLife DB,allopathic,11,103,,31
11514,Magnito,allopathic,92,1000,365 mg,76
11515,Magnogel,allopathic,9,57,250 mg+400 mg,17
11516,Magnogel,allopathic,70,57,(175 mg+225 mg)/5 ml,17
11517,Magnova,allopathic,26,303,1 gm/vial,171
11518,Magnova,allopathic,26,303,500 mg/vial,171
11519,Magnox,allopathic,92,1000,365 mg,161
11520,Magnum,allopathic,92,1000,365 mg,165
11521,Magsum,allopathic,26,1001,2.5 gm/5 ml,196
11522,Majoon ard khurma,herbal,75,6,,99
11523,Majoon Mugalliz,herbal,75,46,,99
11524,Makcin,allopathic,75,580,125 mg/5 ml,225
11525,Malason,allopathic,92,1519,500 mg+25 mg,104
11526,Maldrox,allopathic,70,997,(480 mg+20 mg)/5 ml,66
11527,Malex,allopathic,92,1519,500 mg+25 mg,105
11528,Mallto Seas,allopathic,91,1097,,63
11529,Malorin,allopathic,91,342,80 mg/5 ml,108
11530,Maltofer,allopathic,39,630,100 mg/2 ml,106
11531,Maltofer,allopathic,39,630,1 gm/20 ml,106
11532,Maltofer,allopathic,39,630,500 mg/10 ml,106
11533,Maltofer,allopathic,39,630,750 mg/15 ml,106
11534,Manisol,allopathic,37,1005,20%,170
11535,Manlee,allopathic,92,1532,10 mg,120
11536,Manlee,allopathic,92,1532,20 mg,120
11537,Mannitol,allopathic,37,1005,20%,164
11538,Mantadin,allopathic,2,62,100 mg,196
11539,Mapez,allopathic,92,224,3 mg,120
11540,Maprocin,allopathic,37,364,200 mg/100 ml,170
11541,Maprocin,allopathic,75,364,250 mg/5 ml,171
11542,Maprocin,allopathic,92,364,500 mg,171
11543,Maprocin DS,allopathic,37,364,400 mg/100 ml,170
11544,Marbelus,herbal,91,162,(1 gm+0.5 gm)/5 ml,99
11545,Mardox,allopathic,2,533,100 mg,134
11546,Maret,allopathic,11,396,1%,148
11547,Mariment,herbal,58,271,0.04 gm/gm,4
11548,MarinCal Kit,allopathic,92,809,150 mg+500 mg+200 IU,106
11549,MarinCal-D,allopathic,92,255,500 mg+200 IU,106
11550,MarinCal-DX,allopathic,92,255,600 mg+400 IU,106
11551,Mariprist,allopathic,92,1066,200 mg+200 mcg,4
11552,Marlox,allopathic,9,996,400 mg,106
11553,Marlox Plus,allopathic,9,997,480 mg+20 mg,106
11554,Marlox Plus,allopathic,70,997,(480 mg+20 mg)/5 ml,106
11555,Marvelon,allopathic,92,599,0.03 mg+0.15 mg,161
11556,Marvelouse Plus,allopathic,92,600,0.03 mg+0.15 mg+75 mg,225
11557,Marvelta,allopathic,70,1464,(500 mg+100 mg)/5 ml,171
11558,Masfen,allopathic,62,898,0.03%,164
11559,Masfen,allopathic,92,899,1 mg,164
11560,Maso Plus,allopathic,92,727,250 mg+200 mg,119
11561,Mastel MR,allopathic,98,1076,10 mg,2
11562,Mastguard,allopathic,62,1474,4%,106
11563,Masturin,herbal,91,,,99
11564,Matropin,allopathic,62,771,2%,25
11565,Maturex,allopathic,92,443,30 mg,106
11566,Maturex,allopathic,92,443,60 mg,106
11567,Mave,allopathic,92,1012,135 mg,165
11568,Mave SR,allopathic,7,1012,200 mg,165
11569,Mavira,allopathic,2,1077,200 mg,66
11570,Mavixen,allopathic,92,719,100 mg+40 mg,76
11571,Max Coral D,allopathic,92,255,500 mg+200 IU,36
11572,Max Coral DX,allopathic,92,255,600 mg+400 IU,36
11573,Maxair,allopathic,9,1086,5 mg,114
11574,Maxair,allopathic,92,1086,10 mg,114
11575,Maxbac,allopathic,26,313,1 gm/vial,192
11576,Maxbac,allopathic,26,313,250 mg/vial,192
11577,Maxbac,allopathic,26,313,500 mg/vial,192
11578,Maxbon,allopathic,92,807,150 mg,217
11579,Maxbon Kit,allopathic,92,808,150 mg & 400 mg,217
11580,Maxbuten,allopathic,2,314,400 mg,222
11581,Maxbuten,allopathic,75,314,90 mg/5 ml,222
11582,Maxbuten DS,allopathic,75,314,180 mg/5 ml,222
11583,Maxcal,allopathic,92,253,500 mg,160
11584,Maxcal-D,allopathic,92,257,500 mg+200 IU,160
11585,Maxcef,allopathic,26,306,250 mg/5 ml,217
11586,Maxclin,allopathic,2,374,150 mg,9
11587,Maxclin,allopathic,2,374,300 mg,9
11588,MaxD,allopathic,2,410,20000 IU,240
11589,MaxD,allopathic,2,410,40000 IU,240
11590,MaxD,allopathic,92,410,1000 IU,240
11591,Maxdol,allopathic,26,896,30 mg/ml,53
11592,Maxdol,allopathic,26,896,60 mg/2 ml,53
11593,Maxdol,allopathic,92,896,10 mg,53
11594,Maxfer,allopathic,39,630,1 gm/20 ml,73
11595,Maxfer,allopathic,39,630,500 mg/10 ml,73
11596,Maxflo-U,allopathic,6,1535,0.4 mg,192
11597,Maxical,allopathic,92,253,500 mg,171
11598,Maxical-D,allopathic,92,257,500 mg+200 IU,171
11599,Maxical-DX,allopathic,92,257,600 mg+400 IU,171
11600,Maxical-M,allopathic,92,251,,171
11601,Maxicon,allopathic,70,997,(480 mg+20 mg)/5 ml,25
11602,Maxidim,allopathic,26,313,1 gm/vial,35
11603,Maxidim,allopathic,26,313,250 mg/vial,35
11604,Maxidim,allopathic,26,313,500 mg/vial,35
11605,Maxifer,allopathic,39,862,100 mg/5 ml,89
11606,Maxiflox,allopathic,62,1089,0.50%,2
11607,Maxiflox,allopathic,92,1090,400 mg,2
11608,Maxilax,allopathic,67,909,10 gm/sachet,165
11609,Maxilax,allopathic,69,909,10 gm/15 ml,165
11610,Maxima,allopathic,4,586,20 mg,4
11611,Maxima,allopathic,4,586,40 mg,4
11612,Maxima,allopathic,38,586,40 mg/vial,4
11613,Maxima,allopathic,95,586,20 mg,4
11614,Maxima,allopathic,95,586,40 mg,4
11615,Maxima MUPS,allopathic,49,587,20 mg,4
11616,Maxima MUPS,allopathic,49,587,40 mg,4
11617,Maximox,allopathic,37,1088,400 mg/250 ml,170
11618,Maximox,allopathic,92,1090,400 mg,171
11619,Maxineb,allopathic,92,1139,2.5 mg,25
11620,Maxineb,allopathic,92,1139,5 mg,25
11621,Maxipass,allopathic,6,1535,0.4 mg,196
11622,Maxipen,allopathic,38,816,(500 mg+500 mg)/vial,165
11623,Maxirom,allopathic,2,287,,20
11624,Maxitrol,allopathic,62,473,(1 mg+3500 IU+6000 IU)/ml,203
11625,Maxlev,allopathic,92,945,500 mg,160
11626,Maxnor,allopathic,37,1177,4 mg/4 ml,101
11627,Maxocol,allopathic,91,1054,5 mg/5 ml,136
11628,Maxocol,allopathic,92,1054,10 mg,136
11629,Maxolax,allopathic,92,147,10 mg,196
11630,Maxolax,allopathic,92,147,5 mg,196
11631,MaxOmega,allopathic,2,1198,1000 mg,229
11632,Maxpain,allopathic,92,9,100 mg,96
11633,Maxpime,allopathic,26,303,1 gm/vial,217
11634,Maxpime,allopathic,26,303,500 mg/vial,217
11635,Maxpro,allopathic,4,586,20 mg,196
11636,Maxpro,allopathic,4,586,40 mg,196
11637,Maxpro,allopathic,38,586,40 mg/vial,196
11638,Maxpro,allopathic,95,586,20 mg,196
11639,Maxpro,allopathic,95,586,40 mg,196
11640,Maxpro Hp,allopathic,92,588,20 mg+1000 mg+500 mg,196
11641,Maxpro MUPS,allopathic,49,587,20 mg,196
11642,Maxpro MUPS,allopathic,49,587,40 mg,196
11643,Maxrin,allopathic,6,1535,0.4 mg,217
11644,Maxrin D,allopathic,2,1536,0.4 mg+0.5 mg,217
11645,Maxsulin,allopathic,80,841,30%+70% in 100 IU/ml,106
11646,Maxsulin,allopathic,80,841,30%+70% in 100 IU/ml,106
11647,Maxsulin,allopathic,80,841,30%+70% in 40 IU/ml,106
11648,Maxsulin,allopathic,80,841,50%+50% in 100 IU/ml,106
11649,Maxsulin,allopathic,80,841,50%+50% in 100 IU/ml,106
11650,Maxsulin N,allopathic,80,840,100 IU/ml,106
11651,Maxsulin N,allopathic,80,840,100 IU/ml,106
11652,Maxsulin N,allopathic,80,840,40 IU/ml,106
11653,Maxsulin R,allopathic,80,839,100 IU/ml,106
11654,Maxsulin R,allopathic,80,839,100 IU/ml,106
11655,Maxsulin R,allopathic,80,839,40 IU/ml,106
11656,Maxton,herbal,2,1234,500 mg,43
11657,Maxtra,allopathic,92,1535,0.4 mg,31
11658,Maxvit Ace,allopathic,92,178,6 mg+200 mg+50 mg,53
11659,Maxvit D,allopathic,2,410,20000 IU,53
11660,Maxvit D,allopathic,2,410,40000 IU,53
11661,Maxwel,allopathic,92,1098,,114
11662,Maxzon,allopathic,24,315,250 mg/vial,20
11663,Maxzon,allopathic,24,315,500 mg/vial,20
11664,Maxzon,allopathic,38,315,1 gm/vial,20
11665,Maxzon,allopathic,38,315,2 gm/vial,20
11666,Mayapill,allopathic,92,606,0.03 mg+0.15 mg+75 mg,4
11667,Mazic,allopathic,91,1703,10 mg/5 ml,196
11668,Mazic DS,allopathic,91,1703,20 mg/5 ml,196
11669,Mazic Jr,allopathic,91,1703,4.05 mg/5 ml,196
11670,Mazith,allopathic,75,142,200 mg/5 ml,98
11671,Mazith,allopathic,92,142,500 mg,98
11672,MB 12,allopathic,26,1016,500 mcg/ml,4
11673,MB 12,allopathic,92,1016,1.5 mg,4
11674,MB 12,allopathic,92,1016,500 mcg,4
11675,M-beg,allopathic,96,1072,25 mg,185
11676,M-beg,allopathic,96,1072,50 mg,185
11677,Mbroxol,allopathic,91,66,15 mg/5 ml,34
11678,M-Card,allopathic,92,81,5 mg,239
11679,M-Dazole,allopathic,70,1057,200 mg/5 ml,141
11680,M-Dazole,allopathic,92,1057,200 mg,141
11681,M-Dazole,allopathic,92,1057,400 mg,141
11682,Mebalon,allopathic,102,1143,(5 mg+250 IU)/gm,135
11683,Mebantrin,allopathic,9,1011,100 mg,179
11684,Mebantrin,allopathic,70,1011,100 mg/5 ml,179
11685,Mebastin,allopathic,92,1013,50 mg,106
11686,Mebel,allopathic,70,34,200 mg/5 ml,135
11687,Mebel DS,allopathic,9,34,400 mg,135
11688,Mebendol,allopathic,9,1011,100 mg,
11689,Mebendol,allopathic,70,1011,100 mg/5 ml,
11690,Mebendox,allopathic,9,1011,100 mg,107
11691,Mebendox,allopathic,70,1011,100 mg/5 ml,107
11692,Mebidal,allopathic,92,1013,50 mg,73
11693,Mebiz SR,allopathic,7,1012,200 mg,219
11694,Mebo,herbal,58,,0.25% w/w,97
11695,Mebo S,allopathic,58,1449,70%+15%+15%,97
11696,Mebolin,allopathic,92,1013,50 mg,4
11697,Mebolos,allopathic,69,911,3.35 gm/5 ml,140
11698,Mebrex,allopathic,9,1011,100 mg,136
11699,Mebrex,allopathic,70,1011,100 mg/5 ml,136
11700,Meclid,allopathic,30,1054,10 mg/2 ml,113
11701,Mecliz Plus,allopathic,92,1014,25 mg+50 mg,155
11702,Mecobal,allopathic,26,1016,500 mcg/ml,84
11703,Mecobal,allopathic,92,1016,500 mcg,84
11704,Mecol,allopathic,92,1016,500 mcg,25
11705,Mecolagin,allopathic,9,1016,500 mcg,106
11706,Mecolagin,allopathic,26,1016,500 mcg/ml,106
11707,Mecolin,allopathic,92,1016,500 mcg,66
11708,Mecomin,allopathic,92,1016,500 mcg,174
11709,Mecopen,allopathic,92,1016,500 mcg,73
11710,Mecozol,allopathic,70,1057,200 mg/5 ml,17
11711,Mecozol,allopathic,92,1057,400 mg,17
11712,Mectin,allopathic,92,879,12 mg,196
11713,Mectin,allopathic,92,879,6 mg,196
11714,Meczin,allopathic,92,1015,50 mg,5
11715,Med Cal,allopathic,92,253,500 mg,136
11716,Mederma,allopathic,22,555,20 gm,139
11717,Medi Gold,allopathic,91,1104,,135
11718,Medi Gold,allopathic,92,1100,,135
11719,Medibion,allopathic,92,,100 mg+200 mg+200 mcg,135
11720,Medicef,allopathic,2,321,500 mg,135
11721,Medicef,allopathic,75,321,125 mg/5 ml,135
11722,Medicon Oralsaline,allopathic,67,1205,19.95 gm,135
11723,Medifen,allopathic,22,494,1% w/w,135
11724,Medifen TR,allopathic,8,494,100 mg,135
11725,Medigra,allopathic,92,1455,100 mg,137
11726,Medigra,allopathic,92,1455,50 mg,137
11727,Medikast,allopathic,9,1086,4 mg,127
11728,Medikast,allopathic,9,1086,5 mg,127
11729,Medikast,allopathic,92,1086,10 mg,127
11730,Medimet's ORS,allopathic,67,1205,13.95 gm,136
11731,Meditrim,allopathic,70,1520,(200 mg+40 mg)/5 ml,136
11732,Meditrim,allopathic,92,1520,400 mg+80 mg,136
11733,Meditrim,allopathic,92,1520,800 mg+160 mg,136
11734,Medivit,allopathic,92,1669,,135
11735,Medivit-M,allopathic,92,1098,,135
11736,Medizen,allopathic,11,1457,1%,180
11737,Medizol,allopathic,70,1057,200 mg/5 ml,135
11738,Medizol,allopathic,92,1057,400 mg,135
11739,Medogen,allopathic,24,1017,150 mg/ml,106
11740,Medogen,allopathic,92,1018,10 mg,106
11741,Medogen,allopathic,92,1018,5 mg,106
11742,Medricox,allopathic,92,614,120 mg,137
11743,Medricox,allopathic,92,614,90 mg,137
11744,Medrina,allopathic,92,1018,5 mg,31
11745,Medrogest,allopathic,92,1018,10 mg,196
11746,Medrogest,allopathic,92,1018,5 mg,196
11747,Medrol,allopathic,30,1052,40 mg/ml,225
11748,Medrol,allopathic,30,1052,80 mg/2 ml,225
11749,Medrol,allopathic,92,1051,16 mg,175
11750,Medrol,allopathic,92,1051,4 mg,175
11751,Medrolin,allopathic,92,1013,50 mg,165
11752,Medroxy,allopathic,24,1017,150 mg/ml,185
11753,Medroxy,allopathic,92,1018,10 mg,185
11754,Medroxy,allopathic,92,1018,5 mg,185
11755,Medzith,allopathic,75,142,200 mg/5 ml,137
11756,Meenazole,allopathic,92,1057,400 mg,181
11757,Meera,allopathic,91,239,7.5 mg/5 ml,62
11758,Meera SR,allopathic,100,239,50 mg,62
11759,Mefa,allopathic,70,1019,50 mg/5 ml,205
11760,Mefa,allopathic,92,1019,250 mg,205
11761,Mefalgin,allopathic,70,1019,50 mg/5 ml,54
11762,Mefalgin,allopathic,92,1019,250 mg,54
11763,Mefalgin,allopathic,92,1019,500 mg,54
11764,Mefin,allopathic,92,1039,500 mg,231
11765,Mefin,allopathic,92,1039,850 mg,231
11766,Meflocin,allopathic,62,971,0.30%,26
11767,Meflon,allopathic,92,1020,250 mg,2
11768,Mefoglip,allopathic,92,725,2.5 mg+250 mg,106
11769,Mefoglip,allopathic,92,725,2.5 mg+500 mg,106
11770,Mefoglip DS,allopathic,92,725,5 mg+500 mg,106
11771,Meforex,allopathic,92,1039,500 mg,113
11772,Meforex,allopathic,92,1039,850 mg,113
11773,Meforin,allopathic,92,1039,500 mg,114
11774,Meforin,allopathic,92,1039,850 mg,114
11775,Meformin,allopathic,92,1039,500 mg,167
11776,Meformin,allopathic,92,1039,850 mg,167
11777,Mefotrix DS,allopathic,92,1019,500 mg,226
11778,Mefrad,allopathic,2,321,500 mg,141
11779,Mefrad,allopathic,75,321,250 mg/5 ml,141
11780,Mega Cef,allopathic,2,321,500 mg,104
11781,Mega Cef,allopathic,75,321,125 mg/5 ml,104
11782,Mega Flox,allopathic,92,1500,200 mg,104
11783,Megabac,allopathic,26,411,1 MIU,106
11784,Megabac,allopathic,26,411,2 MIU,106
11785,Megabac,allopathic,26,411,3 MIU,106
11786,Mega-C,allopathic,9,1676,250 mg,67
11787,Mega-C,allopathic,30,1676,500 mg/5 ml,67
11788,Megacilin,allopathic,37,1284,(4 gm+0.5 gm)/vial,185
11789,Megadox,allopathic,2,533,100 mg,35
11790,Megafen,allopathic,24,494,75 mg/3 ml,113
11791,Megafen,allopathic,92,494,50 mg,113
11792,Megafen Plus,allopathic,24,496,(75 mg+20 mg)/2 ml,113
11793,Megafen-SR,allopathic,100,494,100 mg,113
11794,Megafil,allopathic,92,1532,10 mg,4
11795,Megafil,allopathic,92,1532,20 mg,4
11796,Megajoy,herbal,92,1692,5.4 mg,4
11797,Meganor,allopathic,92,1021,160 mg,73
11798,Megapime,allopathic,26,303,1 gm/vial,73
11799,Megapime,allopathic,26,303,500 mg/vial,73
11800,Megapime,allopathic,38,303,2 gm/vial,73
11801,Megasim,allopathic,70,997,(480 mg+20 mg)/5 ml,135
11802,Megatrim,allopathic,70,1520,(200 mg+40 mg)/5 ml,35
11803,Megatrim DS,allopathic,92,1520,800 mg+160 mg,35
11804,Megatrol,allopathic,92,939,5 mg,174
11805,Megenox,allopathic,70,1021,200 mg/5 ml,4
11806,Megestol,allopathic,70,1021,200 mg/5 ml,240
11807,Megestol,allopathic,92,1021,160 mg,240
11808,Meglu,allopathic,92,1039,500 mg,229
11809,Meglu,allopathic,92,1039,850 mg,229
11810,Meglu ER,allopathic,96,1039,1000 mg,229
11811,Meglu ER,allopathic,96,1039,500 mg,229
11812,Meglu ER,allopathic,96,1039,750 mg,229
11813,Melacare,allopathic,11,659,0.01%+4%+0.05%,48
11814,Melafresh,allopathic,11,659,0.01%+4%+0.05%,54
11815,Melagyl,allopathic,70,1057,200 mg/5 ml,194
11816,Melagyl,allopathic,92,1057,400 mg,194
11817,Melano,allopathic,11,659,0.01%+4%+0.05%,217
11818,Melanxit,allopathic,92,669,0.5 mg+10 mg,167
11819,Melasin,allopathic,11,659,0.01%+4%+0.05%,180
11820,Melatil,allopathic,30,1326,12.5 mg/ml,82
11821,Melatil,allopathic,92,1326,5 mg,82
11822,Melatrin,allopathic,11,659,0.01%+4%+0.05%,240
11823,Melbit,herbal,2,209,400 mg,66
11824,Melcam,allopathic,92,1023,15 mg,217
11825,Melev,allopathic,92,1244,20 mg,35
11826,Melit,allopathic,92,669,0.5 mg+10 mg,74
11827,Meliva,allopathic,92,583,10 mg,113
11828,Melixol,allopathic,92,669,0.5 mg+10 mg,217
11829,Melizin,allopathic,92,1015,50 mg,173
11830,Meloderm,allopathic,11,1080,0.10%,2
11831,Meloderm,allopathic,58,1080,0.10%,2
11832,Melonin,allopathic,92,1022,3 mg,73
11833,Melphin,allopathic,70,1348,50 mg/ml,35
11834,Melphin,allopathic,92,1348,125 mg,35
11835,Melpred,allopathic,26,1053,1 gm/vial,180
11836,Melpred,allopathic,26,1053,500 mg/vial,180
11837,Melpred,allopathic,92,1051,16 mg,180
11838,Melpred,allopathic,92,1051,2 mg,180
11839,Melpred,allopathic,92,1051,4 mg,180
11840,Melpred,allopathic,92,1051,8 mg,180
11841,Meltix,allopathic,92,669,0.5 mg+10 mg,150
11842,Melxit,allopathic,92,669,0.5 mg+10 mg,240
11843,Memanto,allopathic,92,1025,10 mg,73
11844,Memanto,allopathic,92,1025,5 mg,73
11845,Memogen,allopathic,92,1025,10 mg,171
11846,Memopil,allopathic,91,1285,500 mg/5 ml,2
11847,Memopil,allopathic,92,1285,800 mg,2
11848,Menactra,allopathic,80,1296,0.5 ml/vial,222
11849,Menaquin,allopathic,2,1026,200 mcg,190
11850,Menaril,allopathic,92,179,16 mg,106
11851,Menaril,allopathic,92,179,8 mg,106
11852,Mendil,allopathic,91,511,(14 mg+2 mg)/5 ml,89
11853,Menem,allopathic,39,1036,1 gm/vial,27
11854,Menem,allopathic,39,1036,500 mg/vial,27
11855,Menida,allopathic,70,1057,200 mg/5 ml,172
11856,Menida,allopathic,92,1057,400 mg,172
11857,Menilet,allopathic,92,1057,400 mg,9
11858,Menocare,herbal,2,211,40 mg,4
11859,Menofactor,allopathic,27,775,75 IU/vial,238
11860,Menofemin,herbal,2,211,40 mg,190
11861,Menogia,allopathic,92,1178,5 mg,2
11862,Menoherb,herbal,2,211,40 mg,66
11863,Menol,allopathic,70,1057,200 mg/5 ml,221
11864,Menol,allopathic,92,1057,400 mg,221
11865,Menopa,herbal,2,211,40 mg,119
11866,Menoral,allopathic,92,1178,5 mg,217
11867,Menorest,allopathic,92,1577,2.5 mg,196
11868,Menotox,herbal,91,117,,4
11869,Mensil N,allopathic,92,1178,5 mg,101
11870,Meoral,allopathic,69,1381,5%+1%,165
11871,Mepal,allopathic,95,586,20 mg,202
11872,Mepcort,allopathic,26,1053,1 gm/vial,89
11873,Mepcort,allopathic,26,1053,500 mg/vial,89
11874,Mepcort,allopathic,92,1051,16 mg,89
11875,Mepcort,allopathic,92,1051,4 mg,89
11876,Mepcort,allopathic,92,1051,8 mg,89
11877,Mepen,allopathic,39,1036,1 gm/vial,37
11878,Mepen,allopathic,39,1036,500 mg/vial,37
11879,Mepira,allopathic,2,1077,200 mg,2
11880,Mepra,allopathic,4,1199,20 mg,134
11881,Meradexon,allopathic,26,470,5 mg/ml,82
11882,Meradexon,allopathic,62,471,0.10%,82
11883,Mercazole,allopathic,92,283,5 mg,196
11884,Merin,allopathic,70,524,5 mg/5 ml,67
11885,Merin,allopathic,92,524,10 mg,67
11886,Merison,allopathic,92,180,6 mg,217
11887,Merivit,allopathic,2,859,,210
11888,Merobac,allopathic,39,1036,1 gm/vial,185
11889,Merobac,allopathic,39,1036,500 mg/vial,185
11890,Merocar,allopathic,39,1036,1 gm/vial,89
11891,Merocar,allopathic,39,1036,500 mg/vial,89
11892,Merocef,allopathic,26,316,750 mg/vial,105
11893,Merocef,allopathic,75,316,125 mg/5 ml,105
11894,Merocef,allopathic,92,316,250 mg,105
11895,Merocef,allopathic,92,316,500 mg,105
11896,Merocil,allopathic,39,1036,1 gm/vial,178
11897,Merocil,allopathic,39,1036,500 mg/vial,178
11898,Meroclav,allopathic,75,317,(125 mg+31.25 mg)/5 ml,105
11899,Meroclav,allopathic,92,317,250 mg+62.5 mg,105
11900,Meroclav,allopathic,92,317,500 mg+125 mg,105
11901,Merocon,allopathic,39,1036,1 gm/vial,31
11902,Merocon,allopathic,39,1036,500 mg/vial,31
11903,Merogit,allopathic,39,1036,1 gm/vial,240
11904,Merogit,allopathic,39,1036,250 mg/vial,240
11905,Merogit,allopathic,39,1036,500 mg/vial,240
11906,Meroject,allopathic,39,1036,1 gm/vial,73
11907,Meroject,allopathic,39,1036,500 mg/vial,73
11908,Merolab,allopathic,39,1036,1 gm/vial,122
11909,Merolab,allopathic,39,1036,500 mg/vial,122
11910,Merom,allopathic,39,1036,1 gm/vial,225
11911,Merom,allopathic,39,1036,500 mg/vial,225
11912,Meromax,allopathic,39,1036,1 gm/vial,171
11913,Meromax,allopathic,39,1036,500 mg/vial,171
11914,Meronix,allopathic,39,1036,1 gm/vial,158
11915,Meronix,allopathic,39,1036,500 mg/vial,158
11916,Meropen,allopathic,39,1036,1 gm/vial,196
11917,Meropen,allopathic,39,1036,250 mg/vial,196
11918,Meropen,allopathic,39,1036,500 mg/vial,196
11919,Merotic,allopathic,39,1036,1 gm/vial,192
11920,Merotrax,allopathic,39,1036,1 gm/vial,105
11921,Merotrax,allopathic,39,1036,500 mg/vial,105
11922,Meroxin,allopathic,39,1036,1 gm/vial,155
11923,Meroxin,allopathic,39,1036,500 mg/vial,155
11924,Merozolyn,allopathic,92,1055,5 mg,229
11925,Mervan,allopathic,92,9,100 mg,25
11926,Mervan SR,allopathic,100,9,200 mg,25
11927,Mesacol,allopathic,94,1037,400 mg,219
11928,Mesagut,allopathic,94,1037,400 mg,25
11929,Mesala,allopathic,94,1037,400 mg,155
11930,Mesartin,allopathic,92,1193,20 mg,226
11931,Mesartin Plus,allopathic,92,85,5 mg+20 mg,226
11932,Mes-D,allopathic,38,1038,400 mg/4 ml,66
11933,Meslamin DR,allopathic,94,1037,400 mg,105
11934,Mesna,allopathic,38,1038,400 mg/4 ml,225
11935,Mesta Care,allopathic,11,659,0.01%+4%+0.05%,210
11936,Mestiza,herbal,2,211,40 mg,106
11937,Met,allopathic,92,1039,500 mg,165
11938,Met,allopathic,92,1039,850 mg,165
11939,Met XR,allopathic,96,1039,1000 mg,165
11940,Met XR,allopathic,96,1039,500 mg,165
11941,Met XR,allopathic,96,1039,750 mg,165
11942,Meta Plus TR,allopathic,8,640,150 mg+0.5 mg,140
11943,Metacard MR,allopathic,98,1622,35 mg,25
11944,Metadaxan,allopathic,26,470,5 mg/ml,106
11945,Metadaxan,allopathic,62,471,0.10%,106
11946,Metadaxan,allopathic,92,470,0.5 mg,106
11947,Metaloc,allopathic,92,1056,100 mg,196
11948,Metaloc,allopathic,92,1056,50 mg,196
11949,Metalone,allopathic,63,665,0.10%,106
11950,Metalone Plus,allopathic,62,664,0.1%+0.025%,106
11951,Metalyse,allopathic,38,1552,5 mg/ml,39
11952,Metanase,allopathic,54,1079,50 mcg/spray,73
11953,Metanib,allopathic,92,815,400 mg,66
11954,Metarin,allopathic,92,1039,500 mg,185
11955,Metarin,allopathic,92,1039,850 mg,185
11956,Metason,allopathic,70,1057,200 mg/5 ml,113
11957,Metason,allopathic,92,1057,400 mg,113
11958,Metaspray,allopathic,54,1079,50 mcg/spray,217
11959,Metaton,allopathic,91,639,200 mg/5 ml,11
11960,Metavas MR,allopathic,98,1622,35 mg,155
11961,Meta-Z TR,allopathic,8,641,150 mg+0.5 mg+61.8 mg,140
11962,Metazine MR,allopathic,98,1622,35 mg,35
11963,Metco,allopathic,37,1057,500 mg/100 ml,73
11964,Metco,allopathic,70,1057,200 mg/5 ml,73
11965,Metco,allopathic,92,1057,400 mg,73
11966,Metcure,allopathic,92,1039,500 mg,63
11967,Metcure,allopathic,92,1039,850 mg,63
11968,Metfar,allopathic,92,1039,500 mg,226
11969,Metfar,allopathic,92,1039,850 mg,226
11970,Metfar SR,allopathic,100,1039,1000 mg,226
11971,Metfar SR,allopathic,100,1039,500 mg,226
11972,Metfen,allopathic,92,1039,850 mg,
11973,Metfil,allopathic,92,1057,400 mg,42
11974,Metflu,allopathic,92,669,0.5 mg+10 mg,145
11975,Metfo,allopathic,92,1039,500 mg,173
11976,Metfo,allopathic,92,1039,850 mg,173
11977,Metfo XR,allopathic,96,1039,1000 mg,173
11978,Metfo XR,allopathic,96,1039,500 mg,173
11979,Metfo XR,allopathic,96,1039,750 mg,173
11980,Metfolin,allopathic,92,963,2.5 mg+500 mg,64
11981,Metfomin,allopathic,92,1039,500 mg,27
11982,Metfomin,allopathic,92,1039,850 mg,27
11983,Metforal,allopathic,92,1039,500 mg,240
11984,Metforal,allopathic,92,1039,850 mg,240
11985,Metforal SR,allopathic,100,1039,500 mg,240
11986,Metform,allopathic,92,1039,500 mg,2
11987,Metform,allopathic,92,1039,850 mg,2
11988,Metform ER,allopathic,96,1039,1000 mg,2
11989,Metform ER,allopathic,96,1039,500 mg,2
11990,Metfosil,allopathic,92,1039,500 mg,211
11991,Metfosil,allopathic,92,1039,850 mg,211
11992,Metglip,allopathic,92,725,2.5 mg+250 mg,173
11993,Metglip DS,allopathic,92,725,5 mg+500 mg,173
11994,Metglip Plus,allopathic,92,725,2.5 mg+500 mg,173
11995,Metguard,allopathic,92,1039,500 mg,96
11996,Meth,allopathic,92,1043,10 mg,66
11997,Meth,allopathic,92,1043,2.5 mg,66
11998,Methasol,allopathic,62,191,0.10%,82
11999,Methasol-N,allopathic,61,186,0.1%+0.5%,82
12000,Methasol-N,allopathic,62,186,0.1%+0.5%,82
12001,Methebac,allopathic,92,1040,1 gm,150
12002,Metherspan,allopathic,26,1049,200 mcg/ml,165
12003,Metherspan,allopathic,92,1049,125 mcg,165
12004,Methicap,herbal,2,1458,140 mg,43
12005,Methicol,allopathic,92,1016,500 mcg,217
12006,Methigic,allopathic,92,1051,16 mg,217
12007,Methigic,allopathic,92,1051,2 mg,217
12008,Methigic,allopathic,92,1051,4 mg,217
12009,Methigic,allopathic,92,1051,8 mg,217
12010,Methipred,allopathic,26,1053,1 gm/vial,84
12011,Methipred,allopathic,26,1053,500 mg/vial,84
12012,Methipred,allopathic,92,1051,16 mg,84
12013,Methipred,allopathic,92,1051,2 mg,84
12014,Methipred,allopathic,92,1051,4 mg,84
12015,Methipred,allopathic,92,1051,8 mg,84
12016,Methocid,allopathic,2,828,25 mg,82
12017,Metholone,allopathic,63,665,0.10%,119
12018,Methotrax,allopathic,92,1043,10 mg,62
12019,Methotrax,allopathic,92,1043,15 mg,62
12020,Methotrax,allopathic,92,1043,2.5 mg,62
12021,Methovate-N,allopathic,11,187,0.1%+0.5%,82
12022,Methovate-N,allopathic,58,187,0.1%+0.5%,82
12023,Methovate-R,allopathic,76,188,0.05%+0.1%+2.5%,82
12024,Methox,allopathic,92,1043,10 mg,185
12025,Methox,allopathic,92,1043,2.5 mg,185
12026,Methsolon,allopathic,26,1053,1 gm/vial,106
12027,Methsolon,allopathic,26,1053,500 mg/vial,106
12028,Methsolon,allopathic,30,1052,40 mg/ml,106
12029,Methsolon,allopathic,92,1051,16 mg,106
12030,Methsolon,allopathic,92,1051,4 mg,106
12031,Methyphen,allopathic,92,1050,10 mg,84
12032,Metin,allopathic,92,1039,500 mg,221
12033,Metin,allopathic,92,1039,850 mg,221
12034,Metirox,allopathic,92,1041,10 mg,196
12035,Metirox,allopathic,92,1041,5 mg,196
12036,Metle,allopathic,92,1039,500 mg,20
12037,Metlife,allopathic,92,1039,500 mg,212
12038,Metlife,allopathic,92,1039,850 mg,212
12039,Metmin,allopathic,92,1039,500 mg,9
12040,Metmin,allopathic,92,1039,850 mg,9
12041,Metmin XR,allopathic,96,1039,500 mg,9
12042,Metnil,allopathic,92,1039,500 mg,135
12043,Metnor,allopathic,92,1039,500 mg,143
12044,Metocard,allopathic,38,1056,5 mg/5 ml,185
12045,Metocol,allopathic,72,1054,1 mg/ml,165
12046,Metocol,allopathic,91,1054,5 mg/5 ml,165
12047,Metodex,allopathic,91,485,10 mg/5 ml,5
12048,Metomin,allopathic,92,1039,500 mg,215
12049,Metomin,allopathic,92,1039,850 mg,215
12050,Metonid,allopathic,37,1057,500 mg/100 ml,185
12051,Metoprol-XL,allopathic,96,1056,100 mg,35
12052,Metoprol-XL,allopathic,96,1056,50 mg,35
12053,Metorax,allopathic,92,1043,10 mg,196
12054,Metra,allopathic,70,1057,200 mg/5 ml,5
12055,Metra,allopathic,92,1057,400 mg,5
12056,Metrinor,allopathic,92,500,2 mg,185
12057,Metrion,allopathic,37,1057,500 mg/100 ml,84
12058,Metrion,allopathic,92,1057,400 mg,84
12059,Metrizol,allopathic,92,1057,400 mg,55
12060,Metro,allopathic,37,1057,500 mg/100 ml,164
12061,Metro,allopathic,70,1057,200 mg/5 ml,240
12062,Metro,allopathic,92,1057,400 mg,240
12063,Metrobac,allopathic,37,1057,500 mg/100 ml,240
12064,Metrocin,allopathic,2,828,25 mg,205
12065,Metrocon,allopathic,92,1057,400 mg,53
12066,Metrodol,allopathic,70,1057,200 mg/5 ml,25
12067,Metrodol,allopathic,92,1057,400 mg,25
12068,Metrogard,allopathic,92,1057,400 mg,96
12069,Metrogyl,allopathic,70,1057,200 mg/5 ml,197
12070,Metrogyl,allopathic,92,1057,200 mg,197
12071,Metrogyl,allopathic,92,1057,400 mg,197
12072,Metrol,allopathic,70,1057,200 mg/5 ml,107
12073,Metrol,allopathic,92,1057,400 mg,107
12074,Metrolin,allopathic,92,1057,400 mg,52
12075,Metromax,allopathic,37,1057,500 mg/100 ml,158
12076,Metromax,allopathic,92,1057,400 mg,158
12077,Metron,allopathic,92,1057,400 mg,127
12078,Metrona,allopathic,70,1057,200 mg/5 ml,29
12079,Metrona,allopathic,92,1057,400 mg,29
12080,Metropill,allopathic,70,1057,200 mg/5 ml,136
12081,Metropill,allopathic,92,1057,200 mg,136
12082,Metropill,allopathic,92,1057,400 mg,136
12083,Metrosil,allopathic,70,1057,200 mg/5 ml,212
12084,Metrosil,allopathic,92,1057,400 mg,212
12085,Metroson,allopathic,70,1057,200 mg/5 ml,104
12086,Metroson,allopathic,92,1057,400 mg,104
12087,Metrozen,allopathic,70,1057,200 mg/5 ml,239
12088,Metrozen,allopathic,92,1057,400 mg,239
12089,Metryl,allopathic,37,1057,500 mg/100 ml,165
12090,Metryl,allopathic,70,1057,200 mg/5 ml,165
12091,Metryl,allopathic,92,1057,200 mg,165
12092,Metryl,allopathic,92,1057,400 mg,165
12093,Metryl,allopathic,92,1057,500 mg,165
12094,Metsa,allopathic,92,1039,500 mg,222
12095,Metsa,allopathic,92,1039,850 mg,222
12096,Metsa XR,allopathic,96,1039,1000 mg,222
12097,Metsa XR,allopathic,96,1039,500 mg,222
12098,Metsina,allopathic,37,1057,500 mg/100 ml,105
12099,Metsina,allopathic,70,1057,200 mg/5 ml,105
12100,Metsina,allopathic,92,1057,400 mg,105
12101,Mevelum,herbal,16,874,(3.5 gm+135 mg)/sachet,240
12102,Meverine,allopathic,92,1012,135 mg,66
12103,Meverine SR,allopathic,7,1012,200 mg,66
12104,Mevigut SR,allopathic,7,1012,200 mg,155
12105,Mevin,allopathic,92,1012,135 mg,217
12106,Mevin SR,allopathic,7,1012,200 mg,217
12107,Mexclav,allopathic,75,317,(125 mg+31.25 mg)/5 ml,37
12108,Mexclav,allopathic,92,317,250 mg+62.5 mg,37
12109,Mexclav,allopathic,92,317,500 mg+125 mg,37
12110,Mexiderm,allopathic,11,192,0.10%,37
12111,Mexiderm,allopathic,58,192,0.10%,37
12112,Mexiderm-F,allopathic,11,694,2%+0.1%,37
12113,Mexiderm-N,allopathic,11,187,0.1%+0.5%,37
12114,Mexiderm-N,allopathic,58,187,0.1%+0.5%,37
12115,Mexilyt,allopathic,91,227,4 mg/5 ml,179
12116,Mexlo,allopathic,62,971,0.30%,217
12117,Mextil,allopathic,26,316,750 mg/vial,37
12118,Mextil,allopathic,75,316,125 mg/5 ml,37
12119,Mextil,allopathic,92,316,250 mg,37
12120,Mextil,allopathic,92,316,500 mg,37
12121,Mextil DS,allopathic,75,316,250 mg/5 ml,37
12122,Mez,allopathic,37,1057,500 mg/100 ml,196
12123,Mezest,allopathic,92,1021,160 mg,31
12124,Mezest,allopathic,92,1021,40 mg,31
12125,Mezoxia,allopathic,92,1021,160 mg,76
12126,MFC,allopathic,62,1089,0.50%,153
12127,MFC-XG,allopathic,62,1092,0.5%+0.4%,153
12128,M-Form,allopathic,92,1039,850 mg,46
12129,M-Fort,allopathic,92,1039,500 mg,108
12130,M-Fort,allopathic,92,1039,850 mg,108
12131,MHC,allopathic,11,1062,2%+1%,210
12132,Miacalcic,allopathic,30,1428,100 IU/ml,156
12133,Miaz,allopathic,11,1061,2%,14
12134,MIC,allopathic,11,1061,2%,89
12135,Micac,allopathic,18,264,1000 mg+327 mg+500 mg,140
12136,Mic-HC,allopathic,11,1062,2%+1%,89
12137,Miclo,allopathic,11,386,0.05%,84
12138,Miclo,allopathic,58,386,0.05%,84
12139,Miclocin,allopathic,2,401,500 mg,140
12140,Miclocin,allopathic,75,401,125 mg/5 ml,140
12141,Miclofen,allopathic,92,494,50 mg,140
12142,Miclofen TR,allopathic,8,494,100 mg,140
12143,Miclofenac,allopathic,92,498,50 mg+200 mcg,217
12144,Miclofenac,allopathic,92,498,75 mg+200 mcg,217
12145,Micoderm,allopathic,11,1061,2%,66
12146,Micoderm,allopathic,65,1060,2% w/w,66
12147,Micoderm-HC,allopathic,11,1062,2%+1%,66
12148,Micofun,allopathic,65,1060,2% w/w,150
12149,Micofun-HC,allopathic,11,1062,2%+1%,150
12150,Micogyl,allopathic,37,1057,500 mg/100 ml,89
12151,Micogyl,allopathic,70,1057,200 mg/5 ml,89
12152,Micogyl,allopathic,92,1057,400 mg,89
12153,Micoheal,allopathic,11,1061,2%,14
12154,Miconex,allopathic,11,1061,2%,2
12155,Miconil,allopathic,11,1062,2%+1%,153
12156,Micoplex-B,allopathic,91,1669,,140
12157,Micoplex-B,allopathic,92,1669,,140
12158,Micoplex-M,allopathic,92,1098,,140
12159,Micoral,allopathic,65,1060,2% w/w,2
12160,Micosina,allopathic,65,1060,2% w/w,105
12161,Micosone,allopathic,11,1062,2%+1%,2
12162,Micosone,allopathic,58,1062,2%+1%,2
12163,Micozol-HC,allopathic,11,1062,2%+1%,82
12164,Micro,allopathic,70,34,200 mg/5 ml,11
12165,Microcef,allopathic,2,304,200 mg,53
12166,Microcef,allopathic,2,304,400 mg,53
12167,Microcef,allopathic,75,304,100 mg/5 ml,53
12168,Microcef DS,allopathic,75,304,200 mg/5 ml,53
12169,Microgest,allopathic,2,1328,100 mg,196
12170,Microgest,allopathic,2,1328,200 mg,196
12171,Microgest,allopathic,109,1329,400 mg,196
12172,Microlon,allopathic,92,598,0.02 mg+0.15 mg,161
12173,Mictrol,allopathic,6,1535,0.4 mg,191
12174,Midita,allopathic,92,922,100 mg,35
12175,Midita,allopathic,92,922,50 mg,35
12176,Midolam,allopathic,26,1064,15 mg/3 ml,165
12177,Midolam,allopathic,26,1064,5 mg/ml,165
12178,Midolam,allopathic,92,1064,15 mg,165
12179,Midolam,allopathic,92,1064,7.5 mg,165
12180,Midorest,allopathic,92,1064,15 mg,34
12181,Midorest,allopathic,92,1064,7.5 mg,34
12182,Midoria,allopathic,32,1625,0.02%+0.31%+1%,106
12183,Midothal,allopathic,2,1570,50 mg,106
12184,Midzo,allopathic,26,1064,15 mg/3 ml,196
12185,Midzo,allopathic,92,1064,7.5 mg,196
12186,MIF,allopathic,92,1065,200 mg,196
12187,Mifenac,allopathic,92,498,50 mg+200 mcg,197
12188,Mifenac,allopathic,92,498,75 mg+200 mcg,197
12189,Mifeston,allopathic,92,1065,200 mg,106
12190,Miganil,allopathic,92,656,10 mg,89
12191,Miganil,allopathic,92,656,5 mg,89
12192,Migesic,allopathic,92,1594,200 mg,196
12193,Migofen,allopathic,92,1289,0.5 mg,225
12194,Migofen,allopathic,92,1289,1.5 mg,225
12195,Migon,allopathic,92,656,10 mg,66
12196,Migon,allopathic,92,656,5 mg,66
12197,Migranex,allopathic,92,1289,0.5 mg,67
12198,Migranex,allopathic,92,1289,1.5 mg,67
12199,Migranil,allopathic,92,1289,0.5 mg,217
12200,Migranil,allopathic,92,1289,1.5 mg,217
12201,Migratol,allopathic,92,1594,200 mg,31
12202,Migrex,allopathic,92,1594,200 mg,106
12203,Migrin,allopathic,92,574,1 mg+100 mg,213
12204,Migrium,allopathic,92,656,10 mg,164
12205,Migrium,allopathic,92,656,5 mg,164
12206,Mikacin,allopathic,26,67,100 mg/2 ml,25
12207,Mikacin,allopathic,26,67,500 mg/2 ml,25
12208,Miki-H,allopathic,11,1062,2%+1%,171
12209,Mikotrim,allopathic,70,1520,(200 mg+40 mg)/5 ml,181
12210,Milam,allopathic,26,1064,15 mg/3 ml,73
12211,Milam,allopathic,92,1064,15 mg,73
12212,Milam,allopathic,92,1064,7.5 mg,73
12213,Milast-A,allopathic,92,1402,500 mcg,4
12214,Milium,allopathic,92,524,10 mg,76
12215,Milk Aid,allopathic,9,906,9000 IU,2
12216,Milk Of Magnesia,allopathic,70,998,400 mg/5 ml,
12217,Milk Of Magnesia,allopathic,70,998,400 mg/5 ml,11
12218,Milk of Magnesia,allopathic,70,998,400 mg/5 ml,171
12219,Milk of Magnesia,allopathic,70,998,400 mg/5 ml,207
12220,Milk of Magnesia Plus,allopathic,64,999,(300 mg+1.25 ml)/5 ml,4
12221,Millat malam,allopathic,58,519,0.1%+1%+2%,140
12222,Millat's ORS,allopathic,67,1205,13.95 gm,140
12223,Milran,allopathic,92,1068,12.5 mg,31
12224,Milran,allopathic,92,1068,50 mg,31
12225,Miltefos,allopathic,2,1069,50 mg,185
12226,Mimi Kit,allopathic,92,1066,200 mg+200 mcg,34
12227,Minia,allopathic,91,899,1 mg/5 ml,158
12228,Minibet,allopathic,92,363,100 mg,217
12229,Minicod,allopathic,91,1097,,239
12230,Minipil,allopathic,92,1179,0.075 mg,225
12231,Minipress XL,allopathic,96,1309,2.5 mg,175
12232,Minipress XL,allopathic,96,1309,5 mg,175
12233,Minirfor,allopathic,92,1039,500 mg,197
12234,Minirfor,allopathic,92,1039,850 mg,197
12235,Minirin Melt,allopathic,88,463,120 mcg,79
12236,Minirin Melt,allopathic,88,463,60 mcg,79
12237,Minista,allopathic,92,1411,10 mg,191
12238,Minium,allopathic,92,656,10 mg,165
12239,Minium,allopathic,92,656,5 mg,165
12240,Minocin,allopathic,2,1070,50 mg,229
12241,Minolac,allopathic,26,896,10 mg/ml,2
12242,Minolac,allopathic,26,896,30 mg/ml,2
12243,Minolac,allopathic,26,896,60 mg/2 ml,2
12244,Minolac,allopathic,92,896,10 mg,2
12245,Minomal R,allopathic,79,75,175 mg,173
12246,Minomal R,allopathic,79,75,350 mg,173
12247,Minomal SR,allopathic,100,75,600 mg,173
12248,Minopa,allopathic,92,1594,200 mg,135
12249,Minoxil,allopathic,83,1071,2%,165
12250,Minoxil,allopathic,83,1071,5%,165
12251,Mintek,herbal,2,1259,187 mg/0.2 ml,66
12252,Mintol,herbal,2,1259,187 mg/0.2 ml,84
12253,Minzin,allopathic,91,1671,,166
12254,Miotrol,allopathic,92,1707,2.5 mg,66
12255,Miovit,allopathic,92,,100 mg+200 mg+200 mcg,215
12256,Miptol,allopathic,92,1074,200 mg,4
12257,Mirabeg ER,allopathic,96,1072,25 mg,84
12258,Mirabeg ER,allopathic,96,1072,50 mg,84
12259,Miracal,allopathic,92,253,500 mg,150
12260,Miracal-D,allopathic,92,257,500 mg+200 IU,150
12261,Miracal-J,allopathic,9,253,250 mg,150
12262,Miracal-M,allopathic,92,258,,150
12263,Miracit,allopathic,91,239,7.5 mg/5 ml,25
12264,Miraclon,allopathic,92,389,0.5 mg,31
12265,Miraclon,allopathic,92,389,1 mg,31
12266,Miraclon,allopathic,92,389,2 mg,31
12267,Mirader,allopathic,96,1072,25 mg,217
12268,Miraflo,allopathic,96,1072,25 mg,73
12269,Miragon PR,allopathic,99,1072,25 mg,2
12270,Mirakof,allopathic,72,239,5 mg/ml,217
12271,Mirakof,allopathic,91,239,7.5 mg/5 ml,217
12272,Mirakof SR,allopathic,100,239,50 mg,217
12273,Mirapin,allopathic,92,1073,15 mg,31
12274,Mirapro,allopathic,92,1073,15 mg,217
12275,Mirapro,allopathic,92,1073,7.5 mg,217
12276,Mirasol XR,allopathic,96,1072,25 mg,35
12277,Mirasol XR,allopathic,96,1072,50 mg,35
12278,Miraten,allopathic,72,239,5 mg/ml,73
12279,Miraten,allopathic,91,239,7.5 mg/5 ml,73
12280,Mircera,allopathic,40,1045,100 µg/0.3 ml,200
12281,Mircera,allopathic,40,1045,50 µg/0.3 ml,200
12282,Mircera,allopathic,40,1045,75 µg/0.3 ml,200
12283,Mirez,allopathic,92,1073,15 mg,101
12284,Mirez,allopathic,92,1073,30 mg,101
12285,Mirez,allopathic,92,1073,7.5 mg,101
12286,Mirolast,allopathic,62,1254,0.10%,106
12287,Mirtaz,allopathic,92,1073,15 mg,219
12288,Mirtaz,allopathic,92,1073,30 mg,219
12289,Mirtaz,allopathic,92,1073,7.5 mg,219
12290,Mirzalux,allopathic,92,1073,15 mg,206
12291,Mirzalux,allopathic,92,1073,30 mg,206
12292,Misoclo,allopathic,92,498,50 mg+200 mcg,84
12293,Misoclo,allopathic,92,498,75 mg+200 mcg,84
12294,Misofenac,allopathic,92,498,50 mg+200 mcg,4
12295,Misopa,allopathic,92,1074,200 mcg,35
12296,Misotab,allopathic,92,1074,200 mcg,75
12297,Misotab,allopathic,92,1074,600 mcg,75
12298,Misotol,allopathic,92,1074,200 mcg,240
12299,Mitaprex,allopathic,92,1073,15 mg,106
12300,Mitaprex,allopathic,92,1073,30 mg,106
12301,Mitaprex,allopathic,92,1073,7.5 mg,106
12302,Mitapro,allopathic,92,1073,15 mg,196
12303,Mitapro,allopathic,92,1073,30 mg,196
12304,Mitapro,allopathic,92,1073,7.5 mg,196
12305,Mitargan,allopathic,69,1331,5 mg/5 ml,140
12306,Mithin,allopathic,11,1264,5% w/w,67
12307,Mitigal,allopathic,11,1061,2%,5
12308,Mitomycin,allopathic,30,1075,10 mg/vial,121
12309,Mitomycin,allopathic,30,1075,2 mg/vial,121
12310,Mitomycin-C,allopathic,92,1075,1 mg,121
12311,Mitosan,allopathic,92,1548,40 mg,206
12312,Mitosan,allopathic,92,1548,80 mg,206
12313,Mitosan Plus,allopathic,92,1549,40 mg+12.5 mg,206
12314,Mitosan Plus,allopathic,92,1549,80 mg+12.5 mg,206
12315,Mitrazin,allopathic,92,1073,15 mg,84
12316,Mitrazin,allopathic,92,1073,30 mg,84
12317,Mitrazin,allopathic,92,1073,7.5 mg,84
12318,Mitrocin,allopathic,75,580,125 mg/5 ml,140
12319,Mitrocin,allopathic,92,580,250 mg,140
12320,Mitrocin,allopathic,92,580,500 mg,140
12321,Mitrocin DS,allopathic,75,580,250 mg/5 ml,140
12322,Mixavit,allopathic,91,1097,,73
12323,Mixit,allopathic,92,669,0.5 mg+10 mg,20
12324,Mixtard 30,allopathic,80,841,30%+70% in 100 IU/ml,73
12325,Mixtard 30,allopathic,80,841,30%+70% in 100 IU/ml,159
12326,Mixtard 30,allopathic,80,841,30%+70% in 100 IU/ml,159
12327,Mixtard 30,allopathic,80,841,30%+70% in 40 IU/ml,73
12328,Mixtard 50,allopathic,80,841,50%+50% in 100 IU/ml,159
12329,Mizol,allopathic,65,1060,2% w/w,135
12330,Mizol HC,allopathic,11,1062,2%+1%,135
12331,Mizolam,allopathic,92,1064,7.5 mg,4
12332,M-Kast,allopathic,9,1086,10 mg,66
12333,M-Kast,allopathic,9,1086,4 mg,66
12334,M-Kast,allopathic,9,1086,5 mg,66
12335,M-Kast,allopathic,92,1086,10 mg,66
12336,M-lucas,allopathic,9,1086,4 mg,185
12337,M-lucas,allopathic,9,1086,5 mg,185
12338,M-lucas,allopathic,92,1086,10 mg,185
12339,MM Kit,allopathic,92,1066,200 mg+200 mcg,240
12340,MMF,allopathic,92,1118,500 mg,31
12341,M-min,allopathic,92,1039,500 mg,210
12342,M-min,allopathic,92,1039,850 mg,210
12343,Mobicam,allopathic,92,1555,20 mg,35
12344,Mobifen,allopathic,62,495,0.10%,2
12345,Mobifen,allopathic,89,494,12.5 mg,2
12346,Mobifen,allopathic,89,494,25 mg,2
12347,Mobifen,allopathic,89,494,50 mg,2
12348,Mobifen,allopathic,92,494,50 mg,2
12349,Mobifen Plus,allopathic,24,496,(75 mg+20 mg)/2 ml,2
12350,Mobifen SR,allopathic,7,494,100 mg,2
12351,Modecate,allopathic,27,671,25 mg/ml,41
12352,Modern's Milk of Magnesia,allopathic,70,998,400 mg/5 ml,141
12353,Modern's Whitfield,allopathic,58,170,6%+3%,141
12354,Modesto XR,allopathic,96,1231,3 mg,106
12355,Modesto XR,allopathic,96,1231,6 mg,106
12356,Modipran,allopathic,2,667,20 mg,35
12357,Mokast,allopathic,9,1086,4 mg,9
12358,Mokast,allopathic,92,1086,10 mg,9
12359,Molenzavir,allopathic,2,1077,200 mg,106
12360,Molicust,allopathic,92,1086,10 mg,181
12361,Molukat,allopathic,9,1086,4 mg,119
12362,Molukat,allopathic,9,1086,5 mg,119
12363,Molukat,allopathic,92,1086,10 mg,119
12364,Molvir,allopathic,2,1077,200 mg,217
12365,Mom,allopathic,70,998,400 mg/5 ml,165
12366,Momenex,allopathic,54,1079,50 mcg/spray,164
12367,Momento,allopathic,91,462,2.5 mg/5 ml,35
12368,Momento,allopathic,92,462,5 mg,35
12369,Momeson,allopathic,11,1080,0.10%,106
12370,Momeson,allopathic,28,1078,220 mcg,106
12371,Momeson,allopathic,54,1079,50 mcg/spray,106
12372,Momespray,allopathic,54,1079,50 mcg/spray,150
12373,Mometa,allopathic,11,1080,0.10%,185
12374,Momneed,allopathic,2,287,,4
12375,Momodol Extra,allopathic,92,1240,500 mg+65 mg,66
12376,Momtas,allopathic,11,1080,0.10%,89
12377,Momvit,allopathic,92,1108,,35
12378,Momvit Plus,allopathic,92,1107,,35
12379,Mon,allopathic,92,1086,10 mg,34
12380,Mon,allopathic,92,1086,5 mg,34
12381,Monaclox-F,allopathic,2,651,250 mg,17
12382,Monaclox-F,allopathic,2,651,500 mg,17
12383,Monaclox-F,allopathic,75,651,125 mg/5 ml,17
12384,Monacom,allopathic,11,1613,,17
12385,Monalast,allopathic,92,1086,10 mg,240
12386,Monalast,allopathic,92,1086,5 mg,240
12387,Monalast ODT,allopathic,14,1086,4 mg,240
12388,Monamox,allopathic,2,91,250 mg,17
12389,Monamox,allopathic,2,91,500 mg,17
12390,Monamox,allopathic,72,91,125 mg/1.25 ml,17
12391,Monamox,allopathic,75,91,125 mg/5 ml,17
12392,Monamycin,allopathic,11,716,0.30%,17
12393,Monark,allopathic,92,1086,10 mg,98
12394,Monas,allopathic,9,1086,4 mg,4
12395,Monas,allopathic,9,1086,5 mg,4
12396,Monas,allopathic,92,1086,10 mg,4
12397,Monas OFT,allopathic,21,1086,4 mg,4
12398,Monas OFT,allopathic,21,1086,5 mg,4
12399,Moneka,allopathic,92,1086,10 mg,211
12400,Moneka,allopathic,92,1086,5 mg,211
12401,Monera,herbal,91,148,,217
12402,MoniMix,allopathic,67,854,1 gm/sachet,196
12403,Monipro,allopathic,75,364,250 mg/5 ml,143
12404,Monipro,allopathic,92,364,500 mg,143
12405,Monipro-E,allopathic,62,365,0.30%,143
12406,Monitol,allopathic,92,670,0.5 mg+10 mg,213
12407,Monivis,allopathic,92,1580,50 mg,167
12408,Monkon,allopathic,9,1086,4 mg,108
12409,Monkon,allopathic,9,1086,5 mg,108
12410,Monkon,allopathic,92,1086,10 mg,108
12411,Monlumax,allopathic,2,1077,200 mg,4
12412,Monocal,allopathic,92,253,500 mg,53
12413,Monocal D,allopathic,92,257,500 mg+200 IU,53
12414,Monocal Gold,allopathic,92,268,400 mg,53
12415,Monocard,allopathic,92,869,20 mg,66
12416,Monocard-SR,allopathic,7,869,50 mg,66
12417,Monocast,allopathic,9,1086,4 mg,35
12418,Monocast,allopathic,9,1086,5 mg,35
12419,Monocast,allopathic,67,1086,4 mg/3.5 gm,35
12420,Monocast,allopathic,92,1086,10 mg,35
12421,Monofast,allopathic,92,1086,10 mg,48
12422,Monofast,allopathic,92,1086,5 mg,48
12423,Monofocin,allopathic,67,692,3 gm/sachet,165
12424,Monoplex,allopathic,92,1669,,143
12425,Monosol,allopathic,85,1085,25%,82
12426,Monotate,allopathic,92,869,20 mg,219
12427,Monotate,allopathic,92,869,50 mg,219
12428,Monovas,allopathic,92,1086,10 mg,226
12429,Monovit,allopathic,91,1671,,239
12430,Monprox,allopathic,92,1086,10 mg,192
12431,Montair,allopathic,9,1086,4 mg,106
12432,Montair,allopathic,9,1086,5 mg,106
12433,Montair,allopathic,92,1086,10 mg,106
12434,Montair ODT,allopathic,14,1086,4 mg,106
12435,Montair ODT,allopathic,14,1086,5 mg,106
12436,Montek,allopathic,9,1086,10 mg,219
12437,Montek,allopathic,9,1086,4 mg,219
12438,Montek,allopathic,9,1086,5 mg,219
12439,Montekast,allopathic,9,1086,4 mg,173
12440,Montekast,allopathic,92,1086,10 mg,173
12441,Montela,allopathic,9,1086,4 mg,62
12442,Montela,allopathic,9,1086,5 mg,62
12443,Montela,allopathic,92,1086,10 mg,62
12444,Montelon,allopathic,92,1086,10 mg,20
12445,Montelon Kidz,allopathic,92,1086,4 mg,20
12446,Monteluk,allopathic,92,1086,10 mg,27
12447,Monteluk,allopathic,92,1086,5 mg,27
12448,Montemax,allopathic,14,1086,5 mg,64
12449,Montemax,allopathic,92,1086,10 mg,64
12450,Montenaaf,allopathic,92,1086,10 mg,149
12451,Montene,allopathic,9,1086,4 mg,217
12452,Montene,allopathic,9,1086,5 mg,217
12453,Montene,allopathic,92,1086,10 mg,217
12454,Montex,allopathic,9,1086,4 mg,105
12455,Montex,allopathic,9,1086,5 mg,105
12456,Montex,allopathic,92,1086,10 mg,105
12457,Montezen,allopathic,9,1086,5 mg,239
12458,Montezen,allopathic,92,1086,10 mg,239
12459,Montica,allopathic,9,1086,4 mg,75
12460,Montica,allopathic,9,1086,5 mg,75
12461,Montica,allopathic,92,1086,10 mg,75
12462,Montifast,allopathic,9,1086,4 mg,89
12463,Montifast,allopathic,92,1086,10 mg,89
12464,Montifast,allopathic,92,1086,5 mg,89
12465,Montilab,allopathic,9,1086,4 mg,122
12466,Montilab,allopathic,9,1086,5 mg,122
12467,Montilab,allopathic,92,1086,10 mg,122
12468,Montilet,allopathic,92,1086,10 mg,18
12469,Montinex,allopathic,9,1086,4 mg,31
12470,Montinex,allopathic,9,1086,5 mg,31
12471,Montinex,allopathic,92,1086,10 mg,31
12472,Montiva,allopathic,14,1086,4 mg,155
12473,Montiva,allopathic,14,1086,5 mg,155
12474,Montiva,allopathic,92,1086,10 mg,155
12475,Mont-R,allopathic,92,1086,10 mg,197
12476,Mont-R,allopathic,92,1086,4 mg,197
12477,Montril,allopathic,9,1086,4 mg,25
12478,Montril,allopathic,9,1086,5 mg,25
12479,Montril,allopathic,92,1086,10 mg,25
12480,Monuvir,allopathic,2,1077,200 mg,73
12481,Mon-X,allopathic,92,1086,10 mg,63
12482,Moodnor,allopathic,92,1181,10 mg,105
12483,Moov,allopathic,22,494,1% w/w,27
12484,Moov SR,allopathic,7,494,100 mg,27
12485,Mooverix,allopathic,11,1047,30%+10%+4%,106
12486,Moriamin-M,allopathic,2,855,,63
12487,Moset,allopathic,91,324,5 mg/5 ml,143
12488,Moset,allopathic,92,324,10 mg,143
12489,Motelity,allopathic,92,1343,1 mg,161
12490,Motelity,allopathic,92,1343,2 mg,161
12491,Motifen,allopathic,92,9,100 mg,179
12492,Motigen,allopathic,70,524,5 mg/5 ml,158
12493,Motigen,allopathic,92,524,10 mg,158
12494,Motigut,allopathic,70,524,5 mg/5 ml,217
12495,Motigut,allopathic,72,524,5 mg/ml,217
12496,Motigut,allopathic,92,524,10 mg,217
12497,Motil,allopathic,70,524,5 mg/5 ml,98
12498,Motil,allopathic,92,524,10 mg,98
12499,Motilex,allopathic,70,524,5 mg/5 ml,225
12500,Motilex,allopathic,92,524,10 mg,225
12501,Motilium,allopathic,70,524,5 mg/5 ml,74
12502,Motilium,allopathic,92,524,10 mg,74
12503,Motilon,allopathic,30,1054,10 mg/2 ml,222
12504,Motilon,allopathic,72,1054,1 mg/ml,222
12505,Motilon,allopathic,91,1054,5 mg/5 ml,222
12506,Motilon,allopathic,92,1054,10 mg,222
12507,Motinorm,allopathic,92,524,10 mg,210
12508,Motiper,allopathic,70,524,5 mg/5 ml,148
12509,Motiper,allopathic,92,524,10 mg,148
12510,Motodon,allopathic,92,524,10 mg,136
12511,Mouthcare,allopathic,48,400,3 gm/100 ml,4
12512,Moventa,allopathic,101,1094,0.2%+2%,240
12513,Movex,allopathic,92,9,100 mg,165
12514,Movex SR,allopathic,100,9,200 mg,165
12515,Movicol,allopathic,67,995,,146
12516,Movicol,allopathic,69,995,,146
12517,Movifast,allopathic,67,995,,240
12518,Movifast,allopathic,69,995,,240
12519,Movilax,allopathic,67,1293,,106
12520,Movilax,allopathic,69,1293,,106
12521,Movon,allopathic,92,9,100 mg,98
12522,Movonac TR,allopathic,8,494,100 mg,210
12523,Mox,allopathic,2,91,250 mg,27
12524,Mox,allopathic,2,91,500 mg,27
12525,Mox,allopathic,72,91,125 mg/1.25 ml,27
12526,Mox,allopathic,75,91,125 mg/5 ml,27
12527,Moxacil,allopathic,2,91,250 mg,217
12528,Moxacil,allopathic,2,91,500 mg,217
12529,Moxacil,allopathic,72,91,125 mg/1.25 ml,217
12530,Moxacil,allopathic,75,91,125 mg/5 ml,217
12531,Moxaclav,allopathic,38,90,(1 gm+200 mg)/20 ml,217
12532,Moxaclav,allopathic,75,90,(125 mg+31.25 mg)/5 ml,217
12533,Moxaclav,allopathic,92,90,250 mg+125 mg,217
12534,Moxaclav,allopathic,92,90,500 mg+125 mg,217
12535,Moxaclav,allopathic,92,90,875 mg+125 mg,217
12536,Moxaclav Forte,allopathic,75,90,(400 mg+57.50 mg)/5 ml,217
12537,Moxapen,allopathic,2,91,250 mg,153
12538,Moxapen,allopathic,2,91,500 mg,153
12539,Moxarif,allopathic,2,91,500 mg,210
12540,Moxibac,allopathic,37,1088,400 mg/250 ml,185
12541,Moxibac,allopathic,62,1089,0.50%,185
12542,Moxibac,allopathic,92,1090,400 mg,185
12543,Moxibac XG,allopathic,62,1092,0.5%+0.4%,185
12544,Moxichem,allopathic,62,1089,0.50%,48
12545,Moxico,allopathic,2,91,250 mg,221
12546,Moxico,allopathic,2,91,500 mg,221
12547,Moxico,allopathic,75,91,125 mg/5 ml,221
12548,Moxico DS,allopathic,75,91,250 mg/5 ml,221
12549,Moxidex,allopathic,62,1091,0.5%+0.1%,185
12550,Moxier,allopathic,92,1090,400 mg,75
12551,Moxif,allopathic,62,1089,0.50%,37
12552,Moxif,allopathic,92,1090,400 mg,37
12553,Moxifix,allopathic,92,1090,400 mg,4
12554,Moxiflox,allopathic,92,1090,400 mg,9
12555,Moxigen,allopathic,61,1089,0.50%,84
12556,Moxigen,allopathic,62,1089,0.50%,84
12557,Moxigen,allopathic,92,1090,400 mg,84
12558,Moxigen D,allopathic,62,1091,0.5%+0.1%,84
12559,Moxigen XG,allopathic,62,1092,0.5%+0.4%,84
12560,Moxigram,allopathic,62,1089,0.50%,20
12561,Moxikem,allopathic,62,1089,0.50%,119
12562,Moxilin,allopathic,2,91,250 mg,4
12563,Moxilin,allopathic,2,91,500 mg,4
12564,Moxilin,allopathic,75,91,125 mg/5 ml,4
12565,Moxilocin,allopathic,37,1088,400 mg/250 ml,165
12566,Moxilocin,allopathic,62,1089,0.50%,165
12567,Moxilocin,allopathic,92,1090,400 mg,165
12568,Moxilocin D,allopathic,62,1091,0.5%+0.1%,165
12569,Moxilocin XG,allopathic,62,1092,0.5%+0.4%,165
12570,Moxin,allopathic,2,91,500 mg,165
12571,Moxin,allopathic,26,91,250 mg/vial,165
12572,Moxin,allopathic,26,91,500 mg/vial,165
12573,Moxin,allopathic,72,91,125 mg/1.25 ml,165
12574,Moxin,allopathic,75,91,125 mg/5 ml,165
12575,Moxin,allopathic,92,91,250 mg,165
12576,Moxin,allopathic,92,91,875 mg,165
12577,Moxin DS,allopathic,75,91,250 mg/5 ml,165
12578,Moxivin,allopathic,62,1089,0.50%,101
12579,Moxivin Dx,allopathic,62,1091,0.5%+0.1%,101
12580,Moxlocin,allopathic,62,1089,0.50%,173
12581,Moxlocin D,allopathic,62,1091,0.5%+0.1%,173
12582,Moxlocin XG,allopathic,62,1092,0.5%+0.4%,173
12583,Mox-plus,allopathic,75,91,250 mg/5 ml,104
12584,Moxquin,allopathic,37,1088,400 mg/250 ml,106
12585,Moxquin,allopathic,62,1089,0.50%,106
12586,Moxquin,allopathic,92,1090,400 mg,106
12587,Moxquin D,allopathic,62,1091,0.5%+0.1%,106
12588,Moxquin XG,allopathic,62,1092,0.5%+0.4%,106
12589,M-Plex,allopathic,91,1669,,141
12590,M-Plex,allopathic,92,1669,,141
12591,M-Pol,allopathic,70,1238,120 mg/5 ml,141
12592,M-Pol,allopathic,92,1238,500 mg,141
12593,MQ-4,allopathic,92,1090,400 mg,211
12594,MR Kit,allopathic,92,1066,200 mg+200 mcg,75
12595,MSL,allopathic,69,1087,5 mg/5 ml,229
12596,MSL,allopathic,92,1087,10 mg,229
12597,MSL Retard,allopathic,92,1087,15 mg,229
12598,M-Son,allopathic,54,1079,50 mcg/spray,66
12599,MTP Kit,allopathic,92,1066,200 mg+200 mcg,210
12600,Mtrex,allopathic,30,1043,50 mg/2 ml,225
12601,Mtrex,allopathic,92,1043,10 mg,225
12602,Mtrex,allopathic,92,1043,2.5 mg,225
12603,M-Trim,allopathic,70,1520,(200 mg+40 mg)/5 ml,141
12604,M-Trim,allopathic,92,1520,400 mg+80 mg,141
12605,M-Trim DS,allopathic,92,1520,800 mg+160 mg,141
12606,MTS,allopathic,92,1086,10 mg,135
12607,MTX,allopathic,30,1043,50 mg/2 ml,50
12608,MTX,allopathic,92,1043,2.5 mg,50
12609,Mubrox,allopathic,72,66,6 mg/ml,98
12610,Mubrox,allopathic,91,66,15 mg/5 ml,98
12611,Mucin-R,allopathic,92,1368,150 mg,211
12612,Mucobrox,allopathic,72,66,6 mg/ml,215
12613,Mucobrox,allopathic,91,66,15 mg/5 ml,215
12614,Mucoclean,allopathic,91,66,15 mg/5 ml,64
12615,Mucodil,allopathic,91,227,4 mg/5 ml,155
12616,Mucof,allopathic,91,227,4 mg/5 ml,205
12617,Mucogel,allopathic,70,57,(175 mg+225 mg)/5 ml,135
12618,Mucola,allopathic,91,227,4 mg/5 ml,17
12619,Mucolex,allopathic,91,284,125 mg/5 ml,84
12620,Mucolex DS,allopathic,91,284,250 mg/5 ml,84
12621,Mucolyt,allopathic,91,227,4 mg/5 ml,106
12622,Mucolyt,allopathic,92,227,8 mg,106
12623,Mucomist,allopathic,55,13,600 mg/3 ml,35
12624,Mucomist DT,allopathic,14,13,600 mg,35
12625,Muconil,allopathic,91,227,4 mg/5 ml,240
12626,Mucopront,allopathic,91,227,4 mg/5 ml,54
12627,Mucosol,allopathic,72,66,6 mg/ml,35
12628,Mucosol,allopathic,91,66,15 mg/5 ml,35
12629,Mucospel,allopathic,91,227,4 mg/5 ml,217
12630,Mucotec,allopathic,91,227,4 mg/5 ml,90
12631,Mucoten,allopathic,91,227,4 mg/5 ml,73
12632,Mucovan,allopathic,91,66,15 mg/5 ml,5
12633,Mucut,allopathic,91,227,4 mg/5 ml,37
12634,Muderm,allopathic,58,1116,2% w/w,89
12635,Mudibak,allopathic,92,670,0.5 mg+10 mg,197
12636,Mudiral,allopathic,92,1448,25 mg,165
12637,Mudiral,allopathic,92,1448,50 mg,165
12638,Muex,allopathic,91,66,15 mg/5 ml,166
12639,Mukof,allopathic,14,13,600 mg,66
12640,Multi 7,allopathic,72,1112,,21
12641,Multi Gold,allopathic,92,1100,,212
12642,Multi Kids,allopathic,91,1102,,74
12643,Multi M,allopathic,92,1098,,21
12644,Multi Seas,allopathic,2,407,600 IU+85 IU+0.3 IU,84
12645,Multi Seas,allopathic,91,1097,,84
12646,Multi Silver,allopathic,92,1103,,212
12647,Multical,allopathic,92,258,,239
12648,Multicef,allopathic,2,321,250 mg,63
12649,Multicef,allopathic,2,321,500 mg,63
12650,Multicef,allopathic,72,321,125 mg/1.25 ml,63
12651,Multicef,allopathic,75,321,125 mg/5 ml,63
12652,Multicod,allopathic,91,1097,,173
12653,Multisina,allopathic,72,1112,,105
12654,Multitonic,allopathic,91,1104,,212
12655,Multivit Plus,allopathic,92,1098,,217
12656,Multivita Forte,allopathic,92,1098,,8
12657,Mulyt,allopathic,91,227,4 mg/5 ml,82
12658,Mumox,allopathic,2,91,250 mg,133
12659,Mumox,allopathic,2,91,500 mg,133
12660,Mumox,allopathic,75,91,125 mg/5 ml,133
12661,Munil,allopathic,91,227,4 mg/5 ml,165
12662,Mupi,allopathic,58,1116,2% w/w,9
12663,Mupibac,allopathic,58,1116,2% w/w,180
12664,Mupiderm,allopathic,58,1116,2% w/w,101
12665,Mupiron,allopathic,58,1116,2% w/w,73
12666,Mupitas,allopathic,58,1116,2% w/w,120
12667,Murein,allopathic,2,651,500 mg,20
12668,Muroderm,allopathic,58,1116,2% w/w,84
12669,Muron,allopathic,58,1116,2% w/w,66
12670,Murtrum,allopathic,26,1604,100 mg/2 ml,143
12671,Musclex,allopathic,92,1597,50 mg,25
12672,Mutac,allopathic,92,1368,150 mg,205
12673,Mute,allopathic,91,227,4 mg/5 ml,27
12674,Muterol,allopathic,69,152,5 mg/5 ml,4
12675,Muterol,allopathic,92,152,10 mg,4
12676,Muterol,allopathic,92,152,20 mg,4
12677,Mutex,allopathic,91,66,15 mg/5 ml,27
12678,MV-COD,allopathic,91,1097,,211
12679,MY Jelly,allopathic,22,734,11.25%,210
12680,My Zinc,allopathic,92,1703,20 mg,53
12681,My-Azi,allopathic,75,142,200 mg/5 ml,64
12682,My-Azi,allopathic,92,142,500 mg,64
12683,Mycal,allopathic,92,253,500 mg,167
12684,Mycal-D,allopathic,92,257,500 mg+200 IU,167
12685,Mycef,allopathic,2,321,500 mg,16
12686,Mycef,allopathic,72,321,125 mg/1.25 ml,16
12687,Mycef,allopathic,75,321,125 mg/5 ml,16
12688,Mycef DS,allopathic,75,321,250 mg/5 ml,16
12689,Mycin,allopathic,75,580,125 mg/5 ml,16
12690,Mycin,allopathic,92,580,500 mg,16
12691,Myco HC,allopathic,11,1062,2%+1%,180
12692,Myco OG,allopathic,65,1060,2% w/w,180
12693,Mycocin,allopathic,70,1183,100000 unit/ml,105
12694,Mycoder,allopathic,75,652,50 mg/5 ml,229
12695,Mycoder,allopathic,92,652,150 mg,229
12696,Mycoder,allopathic,92,652,50 mg,229
12697,Mycofin,allopathic,11,1557,1%,73
12698,Mycofin,allopathic,92,1557,250 mg,73
12699,Mycofree,allopathic,11,1557,1%,66
12700,Mycofree,allopathic,92,1557,250 mg,66
12701,Mycofree-OC,allopathic,11,384,0.05%+0.75%+2%+1%,66
12702,Mycon,allopathic,65,1060,2% w/w,25
12703,Mycophenolat-Mofetil,allopathic,92,1118,500 mg,206
12704,Mycorest,allopathic,2,652,50 mg,134
12705,Mydipin,allopathic,92,355,10 mg,66
12706,Mydipin,allopathic,92,355,5 mg,66
12707,Mydocalm,allopathic,92,1597,50 mg,
12708,Mydrate,allopathic,62,428,10 mg/ml,35
12709,Mydri Atropine,allopathic,61,131,1%,195
12710,Mydri Atropine,allopathic,62,131,1%,195
12711,Mydrimide,allopathic,62,1624,0.50%,195
12712,Mydrimide,allopathic,62,1624,1%,195
12713,Mydrimide Plus,allopathic,62,1626,0.8%+5%,195
12714,Mydripine,allopathic,61,131,1%,82
12715,Mydripine,allopathic,62,131,1%,82
12716,Myelin,allopathic,24,,(100 mg+100 mg+1 mg)/3 ml,165
12717,Myelin,allopathic,92,,100 mg+200 mg+200 mcg,165
12718,Myfocin,allopathic,92,1019,500 mg,106
12719,Myfortic,allopathic,94,1119,180 mg,156
12720,Myfortic,allopathic,94,1119,360 mg,156
12721,Mygan,allopathic,92,1594,200 mg,48
12722,Mylac,allopathic,69,911,3.35 gm/5 ml,148
12723,Mylastin,allopathic,92,198,20 mg,66
12724,Myleran,allopathic,92,238,2 mg,
12725,Mylo,allopathic,24,,(100 mg+100 mg+1 mg)/3 ml,150
12726,Mylofen,allopathic,92,147,10 mg,185
12727,Mylofen,allopathic,92,147,5 mg,185
12728,Mylomid,allopathic,2,928,10 mg,66
12729,Mylomid,allopathic,2,928,25 mg,66
12730,Mylostat,allopathic,2,799,500 mg,66
12731,Mylovit-Z,allopathic,2,859,,2
12732,Myobac,allopathic,92,147,10 mg,150
12733,Myobac,allopathic,92,147,5 mg,150
12734,Myobion,allopathic,92,,100 mg+200 mg+200 mcg,120
12735,Myocal,allopathic,92,253,500 mg,153
12736,Myocal-D,allopathic,92,257,500 mg+200 IU,153
12737,Myocard,allopathic,92,208,2.5 mg,84
12738,Myocard,allopathic,92,208,5 mg,84
12739,Myoclop,allopathic,92,392,75 mg,37
12740,Myocor,allopathic,92,208,2.5 mg,37
12741,Myocor,allopathic,92,208,5 mg,37
12742,Myodon,allopathic,70,524,5 mg/5 ml,174
12743,Myodon,allopathic,92,524,10 mg,174
12744,Myolax,allopathic,92,1597,100 mg,106
12745,Myolax,allopathic,92,1597,50 mg,106
12746,Myolax Plus,allopathic,24,1596,(100 mg+2.5 mg)/ml,106
12747,Myomine,allopathic,38,526,200 mg/5 ml,106
12748,Myonil,allopathic,92,565,50 mg,217
12749,Myorel,allopathic,92,147,10 mg,101
12750,Myorel,allopathic,92,147,5 mg,101
12751,Myosit,allopathic,92,831,750 mg,196
12752,Myoson,allopathic,92,1597,100 mg,105
12753,Myoson,allopathic,92,1597,50 mg,105
12754,Myospa,allopathic,92,147,10 mg,120
12755,Myotol,allopathic,92,1597,50 mg,120
12756,Myotril,allopathic,92,389,0.5 mg,105
12757,Myoxan,allopathic,92,1597,50 mg,89
12758,Myoxant,allopathic,92,1597,50 mg,229
12759,Mypart,allopathic,80,1340,100 IU/ml,66
12760,Mypart,allopathic,80,1340,100 IU/ml,66
12761,Mypart Mix,allopathic,80,833,30%+70%,66
12762,Mypril,allopathic,92,1364,2.5 mg,73
12763,Mypril,allopathic,92,1364,5 mg,73
12764,Myrica,allopathic,2,1314,100 mg,229
12765,Myrica,allopathic,2,1314,25 mg,229
12766,Myrica,allopathic,2,1314,50 mg,229
12767,Myrica,allopathic,2,1314,75 mg,229
12768,Myrox,allopathic,72,66,6 mg/ml,2
12769,Myrox,allopathic,91,66,15 mg/5 ml,2
12770,Myrox SR,allopathic,7,66,75 mg,2
12771,Mysprin,allopathic,95,119,75 mg,173
12772,Mystacin,allopathic,91,345,2 mg/5 ml,148
12773,Mystacin,allopathic,92,345,10 mg,148
12774,Mystatin,allopathic,70,1183,100000 unit/ml,213
12775,Mystatin,allopathic,92,1183,500000 unit,213
12776,Mystocal,allopathic,92,253,500 mg,148
12777,Mystrum,allopathic,92,1100,,148
12778,Mysulin 30/70,allopathic,80,840,100 IU/ml,66
12779,Mysulin 30/70,allopathic,80,840,100 IU/ml,66
12780,Mysulin 50/50,allopathic,80,840,100 IU/ml,66
12781,Mysulin 50/50,allopathic,80,840,100 IU/ml,66
12782,Myzid,allopathic,92,142,250 mg,16
12783,Myzid,allopathic,92,142,500 mg,16
12784,N Hexin,allopathic,91,227,4 mg/5 ml,153
12785,N Zith,allopathic,92,142,500 mg,160
12786,Naafboost,allopathic,91,1097,,149
12787,Naafcal,allopathic,92,253,500 mg,149
12788,Naafcal-D,allopathic,92,257,500 mg+200 IU,149
12789,Naafcal-DS,allopathic,92,257,600 mg+400 IU,149
12790,Naafco Orsaline,allopathic,67,1205,13.95 gm,149
12791,Naafvit AZ,allopathic,92,1100,,149
12792,Naafvit BZ,allopathic,91,1671,,149
12793,Naafzinc-DS,allopathic,91,1703,20 mg/5 ml,149
12794,Naafzinc-DS,allopathic,92,1703,20 mg,149
12795,Nabu,allopathic,92,1122,500 mg,2
12796,Nabu,allopathic,92,1122,750 mg,2
12797,Nabulex,allopathic,26,1125,20 mg/2 ml,84
12798,Nabumax,allopathic,92,1122,500 mg,185
12799,Nabumax,allopathic,92,1122,750 mg,185
12800,Nabumet,allopathic,92,1122,500 mg,73
12801,Nabumet,allopathic,92,1122,750 mg,73
12802,Nabuton,allopathic,92,1122,500 mg,150
12803,Nabuton,allopathic,92,1122,750 mg,150
12804,Nab-Xelpac,allopathic,37,1121,100 mg/vial,31
12805,Nacid,allopathic,92,621,20 mg,216
12806,Nacrom,allopathic,62,1473,2%,150
12807,Nacsol,allopathic,18,13,600 mg,155
12808,Naf,allopathic,70,1183,100000 unit/ml,165
12809,Nafex,allopathic,92,642,120 mg,63
12810,Nafex,allopathic,92,642,180 mg,63
12811,Nafgal,allopathic,11,1124,2%,150
12812,Nafodil,allopathic,2,1123,100 mg,217
12813,Naftifun,allopathic,11,1124,2%,120
12814,Naid,allopathic,92,1133,250 mg,173
12815,Naid,allopathic,92,1133,500 mg,173
12816,Nalbun,allopathic,26,1125,10 mg/ml,106
12817,Nalbun,allopathic,26,1125,20 mg/2 ml,106
12818,Nalbun DS,allopathic,26,1125,20 mg/ml,106
12819,Nalbutin,allopathic,26,1125,10 mg/ml,2
12820,Nalbutin,allopathic,26,1125,20 mg/2 ml,2
12821,Nalepsin,allopathic,37,1002,4 gm/100 ml,35
12822,Nalid,allopathic,70,1126,300 mg/5 ml,217
12823,Nalidex,allopathic,70,1126,250 mg/5 ml,16
12824,Nalidex,allopathic,92,1126,500 mg,16
12825,Nalidixin,allopathic,70,1126,300 mg/5 ml,179
12826,Nalidixin,allopathic,92,1126,500 mg,179
12827,Naligram,allopathic,70,1126,300 mg/5 ml,4
12828,Naligram,allopathic,92,1126,500 mg,4
12829,Nalipsy,allopathic,92,1492,200 mg,66
12830,Nalitrum,allopathic,70,1126,300 mg/5 ml,205
12831,Nalphin,allopathic,26,1125,10 mg/ml,4
12832,Nalphin,allopathic,26,1125,20 mg/2 ml,4
12833,Nalphin,allopathic,26,1125,20 mg/ml,4
12834,Nalzin,allopathic,92,656,10 mg,191
12835,Nalzin,allopathic,92,656,5 mg,191
12836,Nameso,allopathic,94,1134,375 mg+20 mg,165
12837,Nameso,allopathic,94,1134,500 mg+20 mg,165
12838,Namicin,allopathic,62,971,0.30%,153
12839,Namitol,allopathic,92,1594,200 mg,2
12840,NAN,allopathic,92,1133,500 mg,194
12841,Nandron,allopathic,24,1130,25 mg/ml,196
12842,Nandron,allopathic,24,1129,50 mg/ml,196
12843,Napa,allopathic,37,1239,10 mg/ml,35
12844,Napa,allopathic,70,1238,120 mg/5 ml,35
12845,Napa,allopathic,72,1238,80 mg/ml,35
12846,Napa,allopathic,89,1238,125 mg,35
12847,Napa,allopathic,89,1238,250 mg,35
12848,Napa,allopathic,89,1238,500 mg,35
12849,Napa,allopathic,91,1238,120 mg/5 ml,35
12850,Napa,allopathic,92,1238,500 mg,35
12851,Napa Extend,allopathic,96,1238,665 mg,35
12852,Napa Extra,allopathic,92,1240,500 mg+65 mg,35
12853,Napa One,allopathic,92,1238,1000 mg,35
12854,Napa Rapid,allopathic,92,1238,500 mg,35
12855,NapaDol,allopathic,92,,325 mg+37.5 mg,35
12856,Napasin,allopathic,92,1133,250 mg,213
12857,Napcon,allopathic,62,1131,0.025%+0.3%,2
12858,Napexa,allopathic,94,1134,375 mg+20 mg,229
12859,Napexa,allopathic,94,1134,500 mg+20 mg,229
12860,Napgin,allopathic,92,1133,500 mg,37
12861,Napgin Plus,allopathic,94,1134,500 mg+20 mg,37
12862,Napguard,allopathic,58,1697,40%,106
12863,Naphalon,allopathic,62,1132,0.005%+0.02%,195
12864,Naphen,allopathic,62,1131,0.025%+0.3%,225
12865,Napier,allopathic,92,1133,500 mg,53
12866,Napium,allopathic,92,1133,250 mg,120
12867,Napium,allopathic,92,1133,500 mg,120
12868,Napix,allopathic,92,1133,500 mg,141
12869,Napoxen,allopathic,92,1133,250 mg,67
12870,Napoxen,allopathic,92,1133,500 mg,67
12871,Napoxol,allopathic,92,1133,500 mg,45
12872,Napren,allopathic,92,1133,250 mg,9
12873,Napren,allopathic,92,1133,500 mg,9
12874,Napreso,allopathic,94,1134,500 mg+20 mg,75
12875,Napro,allopathic,92,1133,250 mg,25
12876,Napro,allopathic,92,1133,500 mg,25
12877,Napro-A,allopathic,92,1133,250 mg,4
12878,Napro-A,allopathic,92,1133,500 mg,4
12879,Napro-A Plus,allopathic,94,1134,375 mg+20 mg,4
12880,Napro-A Plus,allopathic,94,1134,500 mg+20 mg,4
12881,Naproben,allopathic,92,1133,500 mg,34
12882,Naproben Plus,allopathic,94,1134,500 mg+20 mg,34
12883,Naprocid,allopathic,92,1133,250 mg,82
12884,Naprocid,allopathic,92,1133,500 mg,82
12885,Naproflex,allopathic,94,1134,375 mg+20 mg,215
12886,Naproflex,allopathic,94,1134,500 mg+20 mg,215
12887,Napronex,allopathic,94,1134,375 mg+20 mg,20
12888,Napronex,allopathic,94,1134,500 mg+20 mg,20
12889,Napronil,allopathic,92,1133,500 mg,180
12890,Napronil Plus,allopathic,94,1134,375 mg+20 mg,180
12891,Napronil Plus,allopathic,94,1134,500 mg+20 mg,180
12892,Napropain,allopathic,92,1133,250 mg,114
12893,Napropain,allopathic,92,1133,500 mg,114
12894,Naproson,allopathic,92,1133,250 mg,113
12895,Naproson,allopathic,92,1133,500 mg,113
12896,Naprosyn,allopathic,70,1133,125 mg/5 ml,191
12897,Naprosyn,allopathic,92,1133,250 mg,191
12898,Naprosyn,allopathic,92,1133,500 mg,191
12899,Naprosyn Plus,allopathic,94,1134,375 mg+20 mg,191
12900,Naprosyn Plus,allopathic,94,1134,500 mg+20 mg,191
12901,Naprotec,allopathic,94,1134,375 mg+20 mg,210
12902,Naprotec,allopathic,94,1134,500 mg+20 mg,210
12903,Naprox,allopathic,22,1133,10% w/w,73
12904,Naprox,allopathic,70,1133,125 mg/5 ml,73
12905,Naprox,allopathic,92,1133,250 mg,73
12906,Naprox,allopathic,92,1133,500 mg,73
12907,Naprox Plus,allopathic,94,1134,375 mg+20 mg,73
12908,Naprox Plus,allopathic,94,1134,500 mg+20 mg,73
12909,Naproxen,allopathic,92,1133,250 mg,239
12910,Naproxen,allopathic,92,1133,500 mg,17
12911,Naproxen,allopathic,92,1133,500 mg,96
12912,Naproxen,allopathic,92,1133,500 mg,167
12913,Naproxen Plus,allopathic,94,1134,375 mg+20 mg,239
12914,Naproxen Plus,allopathic,94,1134,500 mg+20 mg,239
12915,Naproxen SR,allopathic,100,1133,500 mg,239
12916,Naproxin,allopathic,92,1133,250 mg,16
12917,Naproxin,allopathic,92,1133,500 mg,16
12918,Naproxzia Plus,allopathic,94,1134,500 mg+20 mg,17
12919,Naprozol,allopathic,94,1134,375 mg+20 mg,84
12920,Naprozol,allopathic,94,1134,500 mg+20 mg,84
12921,Napryn,allopathic,22,1133,10% w/w,101
12922,Napryn,allopathic,70,1133,125 mg/5 ml,101
12923,Napryn,allopathic,92,1133,250 mg,101
12924,Napryn,allopathic,92,1133,500 mg,101
12925,Napryn SR,allopathic,100,1133,500 mg,101
12926,Napsec,allopathic,94,1134,375 mg+20 mg,66
12927,Napsec,allopathic,94,1134,500 mg+20 mg,66
12928,Napsod,allopathic,92,1133,275 mg,229
12929,Napsod,allopathic,92,1133,550 mg,229
12930,Naptodin,allopathic,92,1133,500 mg,63
12931,Naptodin Plus,allopathic,94,1134,500 mg+20 mg,63
12932,Napxon,allopathic,94,1134,375 mg+20 mg,240
12933,Napxon,allopathic,94,1134,500 mg+20 mg,240
12934,Napxon-P,allopathic,92,1133,250 mg,240
12935,Napxon-P,allopathic,92,1133,500 mg,240
12936,Nasalox,allopathic,52,1220,0.03%,84
12937,Nasalox,allopathic,52,1220,0.05%,84
12938,Nasida SR,allopathic,7,494,100 mg,62
12939,Nasochrom,allopathic,62,1473,2%,66
12940,Nasogurd,allopathic,54,675,27.5 mcg/spray,73
12941,Nasomet,allopathic,54,1079,50 mcg/spray,35
12942,Nasonex,allopathic,54,1079,50 mcg/spray,165
12943,Nasopain,allopathic,94,1134,375 mg+20 mg,114
12944,Nasopain,allopathic,94,1134,500 mg+20 mg,114
12945,Nasox,allopathic,92,1133,500 mg,207
12946,Naspro,allopathic,92,1133,250 mg,185
12947,Naspro,allopathic,92,1133,500 mg,185
12948,Naspro Plus,allopathic,94,1134,375 mg+20 mg,185
12949,Naspro Plus,allopathic,94,1134,500 mg+20 mg,185
12950,Natacin,allopathic,63,1135,5%,82
12951,Natadrop,allopathic,63,1135,5%,195
12952,Natagen,allopathic,63,1135,5%,84
12953,Natal-16,allopathic,92,1107,,165
12954,Natapro,allopathic,63,1135,5%,185
12955,Natavit TR,allopathic,8,855,,113
12956,Natazol,allopathic,52,1220,0.03%,105
12957,Natazol,allopathic,52,1220,0.05%,105
12958,Natcal DX,allopathic,92,255,600 mg+400 IU,114
12959,Natfol,allopathic,92,261,5 mg,215
12960,Natlax,herbal,17,1346,(3.5 gm+7.5 mg)/5.38 gm,190
12961,Natlina,herbal,2,1504,500 mg,165
12962,Natoph,allopathic,63,1135,5%,105
12963,Natrilix SR,allopathic,100,825,1.5 mg,209
12964,Natrixam,allopathic,98,826,1.5 mg+5 mg,209
12965,Nature-E,herbal,2,1681,200 IU,229
12966,Nature-E,herbal,2,1681,400 IU,229
12967,Naunehal,herbal,91,97,,99
12968,Naurif,allopathic,30,745,1 mg/ml,217
12969,Naurif,allopathic,92,745,1 mg,217
12970,Nauset,allopathic,26,1201,8 mg/4 ml,150
12971,Nauset,allopathic,69,1201,4 mg/5 ml,150
12972,Nauset,allopathic,92,1201,8 mg,150
12973,Navacef,allopathic,2,298,250 mg,150
12974,Navacef,allopathic,2,298,500 mg,150
12975,Navacef,allopathic,72,298,125 mg/1.25 ml,150
12976,Navacef,allopathic,75,298,125 mg/5 ml,150
12977,Navafil,allopathic,92,133,100 mg,62
12978,Navafil,allopathic,92,133,50 mg,62
12979,Navalexin,allopathic,2,320,250 mg,150
12980,Navalexin,allopathic,2,320,500 mg,150
12981,Navalexin,allopathic,75,320,125 mg/5 ml,150
12982,Navamox,allopathic,2,91,250 mg,150
12983,Navamox,allopathic,2,91,500 mg,150
12984,Navamox,allopathic,75,91,125 mg/5 ml,150
12985,Naviscon,allopathic,70,1465,(500 mg+267 mg+160 mg)/10 ml,150
12986,Navit,herbal,2,1504,500 mg,217
12987,Navix,allopathic,92,392,75 mg,150
12988,Navix Plus,allopathic,92,391,75 mg+75 mg,150
12989,Nax Plus,allopathic,94,1134,500 mg+20 mg,186
12990,Naxcel,allopathic,91,227,4 mg/5 ml,120
12991,Naxin,allopathic,22,1133,10% w/w,165
12992,Naxin,allopathic,92,1133,250 mg,165
12993,Naxin,allopathic,92,1133,500 mg,165
12994,Naxin SR,allopathic,100,1133,500 mg,165
12995,Nax-N,allopathic,92,1133,250 mg,160
12996,Nax-N,allopathic,92,1133,500 mg,160
12997,Naxo,allopathic,92,1133,250 mg,150
12998,Naxo,allopathic,92,1133,500 mg,150
12999,Naxsil,allopathic,92,1133,500 mg,211
13000,Naxsil E,allopathic,94,1134,375 mg+20 mg,211
13001,Naxsil E,allopathic,94,1134,500 mg+20 mg,211
13002,Naz,allopathic,62,653,0.30%,195
13003,Nazin,allopathic,62,1132,0.005%+0.02%,25
13004,Nazolin,allopathic,54,1220,0.05%,35
13005,Nazosol,allopathic,52,1468,0.90%,106
13006,N-bion,allopathic,24,,(100 mg+100 mg+1 mg)/3 ml,150
13007,N-bion,allopathic,92,,100 mg+200 mg+200 mcg,150
13008,NCL,allopathic,62,1469,5%,25
13009,Nebacin,allopathic,58,1143,(5 mg+500 IU)/gm,179
13010,Nebanol,allopathic,58,1143,(5 mg+500 IU)/gm,217
13011,Nebanol,allopathic,102,1143,(5 mg+250 IU)/gm,217
13012,Nebanol Plus,allopathic,58,1144,(3.5 mg+400 IU+5000 IU)/gm,217
13013,Nebason,allopathic,58,1143,(5 mg+500 IU)/gm,113
13014,Nebazin,allopathic,58,1143,(5 mg+500 IU)/gm,106
13015,Nebicard,allopathic,92,1139,2.5 mg,229
13016,Nebicard,allopathic,92,1139,5 mg,229
13017,Nebifast,allopathic,92,1139,2.5 mg,66
13018,Nebifast,allopathic,92,1139,5 mg,66
13019,Nebilol,allopathic,92,1139,2.5 mg,165
13020,Nebilol,allopathic,92,1139,5 mg,165
13021,Nebinor,allopathic,92,1139,5 mg,62
13022,Nebipres,allopathic,92,1139,2.5 mg,84
13023,Nebipres,allopathic,92,1139,5 mg,84
13024,Nebiren,allopathic,92,1139,2.5 mg,196
13025,Nebiren,allopathic,92,1139,5 mg,196
13026,Nebita,allopathic,92,1139,2.5 mg,217
13027,Nebita,allopathic,92,1139,5 mg,217
13028,Nebita Plus,allopathic,92,1138,5 mg+12.5 mg,217
13029,Nebium,allopathic,92,380,10 mg,89
13030,Nebs,allopathic,70,1238,120 mg/5 ml,74
13031,Nebs Plus,allopathic,92,1240,500 mg+65 mg,74
13032,Nectar,allopathic,91,736,(0.75 ml+1.93 ml)/5 ml,217
13033,Neeper,allopathic,11,1264,5% w/w,119
13034,Nefoxen,allopathic,92,642,120 mg,153
13035,Nefoxen,allopathic,92,642,180 mg,153
13036,Nefrofer,allopathic,39,862,100 mg/5 ml,48
13037,Negaron,allopathic,92,361,30 mg,82
13038,Nelod,allopathic,92,81,10 mg,119
13039,Nelod,allopathic,92,81,5 mg,119
13040,Nematox DS,allopathic,9,34,400 mg,48
13041,Nemus Hair Serum,allopathic,103,417,3.0%+3.0%+0.5%+0.1%+1.0%,151
13042,Nenol,allopathic,102,1143,(5 mg+250 IU)/gm,9
13043,Nenvit,allopathic,92,,100 mg+200 mg+200 mcg,75
13044,Neo zinc,allopathic,91,1703,10 mg/5 ml,225
13045,Neo zinc,allopathic,92,1703,20 mg,225
13046,Neo zinc B,allopathic,91,1671,,225
13047,Neo zinc B,allopathic,92,1671,,225
13048,Neo-B,allopathic,58,1143,(5 mg+500 IU)/gm,66
13049,Neobac,allopathic,58,1143,(5 mg+500 IU)/gm,164
13050,Neobac,allopathic,58,1143,(5 mg+500 IU)/gm,197
13051,Neobacin,allopathic,58,1143,(5 mg+500 IU)/gm,119
13052,Neobacrin,allopathic,58,1143,(5 mg+500 IU)/gm,88
13053,Neobastin,allopathic,92,541,10 mg,163
13054,Neobet,allopathic,11,187,0.1%+0.5%,4
13055,Neobetrin,allopathic,58,1143,(5 mg+500 IU)/gm,60
13056,Neobion,allopathic,24,,(100 mg+100 mg+1 mg)/3 ml,25
13057,Neobion,allopathic,92,,100 mg+200 mg+200 mcg,25
13058,Neobrox,allopathic,91,66,15 mg/5 ml,53
13059,Neocafen,allopathic,38,246,20 mg/ml,106
13060,Neocal,allopathic,92,253,500 mg,226
13061,Neocal D,allopathic,92,257,500 mg+200 IU,226
13062,Neocal M Vita,allopathic,18,258,,226
13063,Neocard,allopathic,92,507,30 mg,35
13064,Neocard,allopathic,92,507,60 mg,35
13065,Neoceptin R,allopathic,26,1368,50 mg/2 ml,35
13066,Neoceptin R,allopathic,37,1368,50 mg/100 ml,35
13067,Neoceptin R,allopathic,91,1368,75 mg/5 ml,35
13068,Neoceptin R,allopathic,92,1368,150 mg,35
13069,Neocilor,allopathic,91,462,2.5 mg/5 ml,106
13070,Neocilor,allopathic,92,462,5 mg,106
13071,Neocin,allopathic,58,1143,(5 mg+500 IU)/gm,165
13072,Neocin,allopathic,102,1143,(5 mg+250 IU)/gm,165
13073,Neocin Plus,allopathic,58,1144,(3.5 mg+400 IU+5000 IU)/gm,165
13074,Neocipran,allopathic,92,1068,50 mg,105
13075,Neocitrin,allopathic,102,1143,(5 mg+250 IU)/gm,2
13076,Neoclav,allopathic,92,317,250 mg+62.5 mg,114
13077,Neoclav,allopathic,92,317,500 mg+125 mg,114
13078,Neoclomide,allopathic,37,429,1 gm/vial,101
13079,Neoclomide,allopathic,37,429,200 mg/vial,101
13080,Neoclomide,allopathic,37,429,500 mg/vial,101
13081,Neoclomide,allopathic,92,429,50 mg,101
13082,Neocort,allopathic,11,187,0.1%+0.5%,105
13083,Neocort,allopathic,58,187,0.1%+0.5%,105
13084,Neocox,allopathic,92,614,60 mg,226
13085,Neocox,allopathic,92,614,90 mg,226
13086,Neodin,allopathic,48,1303,1% w/v,226
13087,Neo-DP,allopathic,62,473,(1 mg+3500 IU+6000 IU)/ml,66
13088,Neodrop,allopathic,72,1459,67 mg/ml,35
13089,Neofast-S,allopathic,92,1368,150 mg,106
13090,Neofen SR,allopathic,100,494,100 mg,64
13091,Neofenac,allopathic,22,494,1% w/w,5
13092,Neofenac,allopathic,89,494,12.5 mg,5
13093,Neofenac,allopathic,89,494,50 mg,5
13094,Neofenac,allopathic,92,494,50 mg,5
13095,Neofenac,allopathic,92,494,50 mg,141
13096,Neofenac SR,allopathic,7,494,100 mg,141
13097,Neofexim,allopathic,2,304,200 mg,
13098,Neofexim,allopathic,75,304,100 mg/5 ml,
13099,Neofix,allopathic,2,304,200 mg,141
13100,Neofix,allopathic,75,304,100 mg/5 ml,141
13101,Neoflam,allopathic,92,811,400 mg,8
13102,Neoflox,allopathic,92,364,500 mg,46
13103,Neofloxin,allopathic,37,364,200 mg/100 ml,35
13104,Neofloxin,allopathic,62,365,0.30%,35
13105,Neofloxin,allopathic,67,364,250 mg/sachet,35
13106,Neofloxin,allopathic,75,364,250 mg/5 ml,35
13107,Neofloxin,allopathic,92,364,250 mg,35
13108,Neofloxin,allopathic,92,364,500 mg,35
13109,Neofloxin,allopathic,92,364,750 mg,35
13110,Neofloxin XR,allopathic,96,364,1000 mg,35
13111,Neofloxin-D,allopathic,62,366,0.3%+0.1%,35
13112,Neogen Plus,allopathic,58,1144,(3.5 mg+400 IU+5000 IU)/gm,84
13113,Neogest,allopathic,92,500,2 mg,196
13114,Neogyl,allopathic,70,1057,200 mg/5 ml,140
13115,Neogyl,allopathic,92,1057,400 mg,140
13116,Neolev,allopathic,92,945,500 mg,134
13117,Neolor,allopathic,92,462,5 mg,221
13118,Neome,allopathic,4,1199,20 mg,80
13119,Neopanta,allopathic,95,1237,20 mg,221
13120,Neopanta,allopathic,95,1237,40 mg,221
13121,Neopara,allopathic,92,1238,500 mg,42
13122,Neopara Plus,allopathic,92,1240,500 mg+65 mg,42
13123,Neopenem,allopathic,39,1036,1 gm/vial,101
13124,Neopenem,allopathic,39,1036,250 mg/vial,101
13125,Neopenem,allopathic,39,1036,500 mg/vial,101
13126,Neopep,allopathic,92,1368,150 mg,46
13127,Neoplat,allopathic,37,368,1 mg/ml,66
13128,Neopra,allopathic,4,1199,20 mg,221
13129,Neopred,allopathic,59,504,0.05%,25
13130,Neoprox,allopathic,72,309,20 mg/ml,215
13131,Neoprox,allopathic,75,309,40 mg/5 ml,215
13132,Neorex,allopathic,2,320,250 mg,73
13133,Neorex,allopathic,2,320,500 mg,73
13134,Neorex,allopathic,75,320,125 mg/5 ml,73
13135,Neorice,allopathic,67,1206,,73
13136,Neosaline,allopathic,67,1205,10.25 gm,73
13137,Neosetin R,allopathic,92,1368,150 mg,42
13138,Neosol,allopathic,37,1471,0.225%+5%,35
13139,Neosol DS,allopathic,37,1471,0.45%+5%,35
13140,Neospin,allopathic,95,119,75 mg,67
13141,Neos-R,allopathic,30,1147,0.5 mg/ml,196
13142,Neosten,allopathic,11,396,1%,35
13143,Neosten HC,allopathic,11,399,1%+1%,35
13144,Neosten VT,allopathic,111,398,200 mg,35
13145,Neostig,allopathic,30,1147,0.5 mg/ml,185
13146,Neosuxa,allopathic,26,1527,100 mg/2 ml,185
13147,Neotack,allopathic,26,1368,50 mg/2 ml,217
13148,Neotack,allopathic,91,1368,75 mg/5 ml,217
13149,Neotack,allopathic,92,1368,150 mg,217
13150,Neotack,allopathic,92,1368,300 mg,217
13151,Neotear,allopathic,62,291,0.5%+0.9%,25
13152,Neotid,allopathic,92,1368,150 mg,141
13153,Neotin,allopathic,92,1368,150 mg,153
13154,Neotison,allopathic,28,675,100 mcg,106
13155,Neotison,allopathic,28,675,200 mcg,106
13156,Neotison,allopathic,54,675,27.5 mcg/spray,106
13157,Neotracin,allopathic,58,1143,(5 mg+500 IU)/gm,4
13158,Neotracin,allopathic,102,1143,(5 mg+250 IU)/gm,4
13159,Neotrax,allopathic,91,934,40 mg/5 ml,4
13160,Neotrax,allopathic,92,934,40 mg,4
13161,Neotrim,allopathic,70,1520,(200 mg+40 mg)/5 ml,135
13162,Neovera,allopathic,92,879,12 mg,53
13163,Neovera,allopathic,92,879,6 mg,53
13164,Neovox,allopathic,92,945,500 mg,114
13165,Neoxit,allopathic,92,669,0.5 mg+10 mg,158
13166,Neozine,allopathic,11,1457,1%,165
13167,Neozith,allopathic,75,142,200 mg/5 ml,134
13168,Neozith,allopathic,92,142,500 mg,134
13169,Nep TS,allopathic,63,1148,0.30%,105
13170,Nepafen,allopathic,63,1148,0.10%,164
13171,Nepafix,allopathic,63,1148,0.10%,101
13172,Nepafix TS,allopathic,63,1148,0.30%,101
13173,Nepagen,allopathic,63,1148,0.10%,84
13174,Nepagen TS,allopathic,63,1148,0.30%,84
13175,Nepanil,allopathic,63,1148,0.10%,106
13176,Nepanil TS,allopathic,63,1148,0.30%,106
13177,Neparact TS,allopathic,63,1148,0.30%,150
13178,Nepco,allopathic,2,1314,100 mg,173
13179,Nepco,allopathic,2,1314,150 mg,173
13180,Nepco,allopathic,2,1314,25 mg,173
13181,Nepco,allopathic,2,1314,50 mg,173
13182,Nepco,allopathic,2,1314,75 mg,173
13183,Nepofer,allopathic,37,633,27.2 mg/5 ml,106
13184,Nepsy,allopathic,92,700,300 mg,73
13185,Neptor,allopathic,4,586,20 mg,206
13186,Neptor,allopathic,4,586,40 mg,206
13187,Nerbo,allopathic,92,,100 mg+200 mg+200 mcg,210
13188,Nerfid,allopathic,2,1314,150 mg,226
13189,Nerfid,allopathic,2,1314,50 mg,226
13190,Nerfid,allopathic,2,1314,75 mg,226
13191,Nerkein,allopathic,30,235,0.50%,35
13192,Nerupa,allopathic,92,1411,10 mg,224
13193,Nerv B,allopathic,92,,100 mg+200 mg+200 mcg,82
13194,Nerva,allopathic,92,,100 mg+200 mg+200 mcg,179
13195,Nervaid,allopathic,2,1314,50 mg,114
13196,Nervaid,allopathic,2,1314,75 mg,114
13197,Nervalin,allopathic,2,1314,25 mg,35
13198,Nervalin,allopathic,2,1314,50 mg,35
13199,Nervalin,allopathic,2,1314,75 mg,35
13200,Nervalin,allopathic,69,1314,100 mg/5 ml,35
13201,Nervalin CR,allopathic,96,1314,165 mg,35
13202,Nervalin CR,allopathic,96,1314,330 mg,35
13203,Nervalin CR,allopathic,96,1314,82.5 mg,35
13204,Nervent,herbal,92,,,99
13205,Nervex,allopathic,92,1016,500 mcg,171
13206,Nervin,allopathic,30,,(100 mg+50 mg+100 mg)/2 ml,113
13207,Nerviplex,allopathic,24,,(100 mg+100 mg+1 mg)/3 ml,113
13208,Nerviplex,allopathic,92,,100 mg+200 mg+200 mcg,113
13209,Nerviton,allopathic,26,1016,500 mcg/ml,165
13210,Nerviton,allopathic,92,1016,500 mcg,165
13211,Nervolin,herbal,91,122,,4
13212,Nervopex,allopathic,92,,100 mg+200 mg+200 mcg,20
13213,Nescom,allopathic,94,1134,500 mg+20 mg,233
13214,Nesifin,allopathic,64,999,(300 mg+1.25 ml)/5 ml,165
13215,Neso,allopathic,94,1134,375 mg+20 mg,25
13216,Neso,allopathic,94,1134,500 mg+20 mg,25
13217,Nesotem,allopathic,94,1134,375 mg+20 mg,224
13218,Nesotem,allopathic,94,1134,500 mg+20 mg,224
13219,Nestor,allopathic,92,1406,10 mg,150
13220,Nestor,allopathic,92,1406,5 mg,150
13221,Nesudil,allopathic,62,1151,0.02%,25
13222,Nesudil Plus,allopathic,62,1150,0.02% + 0.005%,25
13223,Netac-R,allopathic,92,1368,150 mg,199
13224,Netis,allopathic,69,939,2.5 mg/5 ml,165
13225,Netis,allopathic,92,939,5 mg,165
13226,Neu-3,allopathic,92,,100 mg+200 mg+200 mcg,54
13227,Neubin,allopathic,24,,(100 mg+100 mg+1 mg)/3 ml,240
13228,Neubin,allopathic,92,,100 mg+200 mg+200 mcg,240
13229,Neucos-B,allopathic,92,,100 mg+200 mg+200 mcg,191
13230,Neufil,allopathic,40,643,120 mcg/0.2 ml,101
13231,Neufil,allopathic,40,643,300 mcg/0.5 ml,101
13232,Neugaba,allopathic,2,1314,150 mg,219
13233,Neugaba,allopathic,2,1314,25 mg,219
13234,Neugaba,allopathic,2,1314,50 mg,219
13235,Neugaba,allopathic,2,1314,75 mg,219
13236,Neugalin,allopathic,2,1314,150 mg,4
13237,Neugalin,allopathic,2,1314,25 mg,4
13238,Neugalin,allopathic,2,1314,50 mg,4
13239,Neugalin,allopathic,2,1314,75 mg,4
13240,Neugalin XR,allopathic,96,1314,165 mg,4
13241,Neugalin XR,allopathic,96,1314,82.5 mg,4
13242,Neugrastim,allopathic,40,643,300 mcg/0.5 ml,225
13243,Neulyn,allopathic,100,1571,400 mg,171
13244,Neural,allopathic,92,1016,500 mcg,101
13245,Neuralgin,allopathic,24,,(100 mg+100 mg+1 mg)/3 ml,105
13246,Neuralgin,allopathic,92,,100 mg+200 mg+200 mcg,105
13247,Neuratam,allopathic,91,1285,500 mg/5 ml,105
13248,Neuratam,allopathic,92,1285,800 mg,105
13249,Neurega,allopathic,2,1314,100 mg,105
13250,Neurega,allopathic,2,1314,25 mg,105
13251,Neurega,allopathic,2,1314,50 mg,105
13252,Neurega,allopathic,2,1314,75 mg,105
13253,Neurep,allopathic,92,,100 mg+200 mg+200 mcg,37
13254,Neurex-B,allopathic,92,,100 mg+200 mg+200 mcg,212
13255,Neurica,allopathic,2,1314,150 mg,89
13256,Neurica,allopathic,2,1314,50 mg,89
13257,Neurica,allopathic,2,1314,75 mg,89
13258,Neuriva,herbal,2,718,60 mg,229
13259,Neuro Vitamin,allopathic,92,,100 mg+200 mg+200 mcg,186
13260,Neuroaid,allopathic,92,,100 mg+200 mg+200 mcg,158
13261,Neuro-B,allopathic,24,,(100 mg+100 mg+1 mg)/3 ml,217
13262,Neuro-B,allopathic,92,,100 mg+200 mg+200 mcg,217
13263,Neurobest,allopathic,24,,(100 mg+100 mg+1 mg)/3 ml,196
13264,Neurobest,allopathic,92,,100 mg+200 mg+200 mcg,196
13265,Neurocare,allopathic,92,,100 mg+200 mg+200 mcg,35
13266,Neurocet,allopathic,37,935,500 mg/5 ml,106
13267,Neurocet,allopathic,69,935,500 mg/5 ml,106
13268,Neurocet,allopathic,92,935,250 mg,106
13269,Neurocet,allopathic,92,935,500 mg,106
13270,Neurocet,allopathic,96,935,500 mg,106
13271,Neurocet,allopathic,96,935,750 mg,106
13272,Neurocon,allopathic,92,,100 mg+200 mg+200 mcg,157
13273,Neurocone,allopathic,92,,100 mg+200 mg+200 mcg,181
13274,Neurodol,allopathic,92,,100 mg+200 mg+200 mcg,192
13275,Neurofen,allopathic,92,811,400 mg,89
13276,Neurogin,allopathic,92,,100 mg+200 mg+200 mcg,211
13277,Neurolep,allopathic,91,1285,500 mg/5 ml,217
13278,Neurolep,allopathic,92,1285,800 mg,217
13279,Neurolin,allopathic,2,1314,150 mg,217
13280,Neurolin,allopathic,2,1314,25 mg,217
13281,Neurolin,allopathic,2,1314,50 mg,217
13282,Neurolin,allopathic,2,1314,75 mg,217
13283,Neuromate,allopathic,92,,100 mg+200 mg+200 mcg,122
13284,Neuropen,allopathic,92,700,300 mg,66
13285,Neuroprax,allopathic,92,,100 mg+200 mg+200 mcg,53
13286,Neuroson,allopathic,92,,100 mg+200 mg+200 mcg,104
13287,Neurotin,allopathic,92,700,300 mg,212
13288,Neurotonic,allopathic,24,,(100 mg+100 mg+1 mg)/3 ml,90
13289,Neurotonic,allopathic,92,,100 mg+200 mg+200 mcg,90
13290,Neurovan,allopathic,2,1314,150 mg,25
13291,Neurovan,allopathic,2,1314,25 mg,25
13292,Neurovan,allopathic,2,1314,50 mg,25
13293,Neurovan,allopathic,2,1314,75 mg,25
13294,Neurovit,allopathic,26,1572,100 mg/ml,136
13295,Neurovit,allopathic,92,1572,100 mg,136
13296,Neuroxen,allopathic,92,,100 mg+200 mg+200 mcg,76
13297,Neutral S,allopathic,9,58,200 mg+200 mg+30 mg,98
13298,Neutral S,allopathic,70,58,(200 mg+400 mg+30 mg)/5 ml,98
13299,Neuvit,allopathic,92,1572,100 mg,231
13300,Neuvit Plus,allopathic,92,,100 mg+200 mg+200 mcg,231
13301,Neuvital,allopathic,92,,100 mg+200 mg+200 mcg,229
13302,Nevan,allopathic,63,1148,0.10%,25
13303,Nevan TS,allopathic,63,1148,0.30%,25
13304,Nevirax,allopathic,92,1164,150 mg+100 mg,2
13305,Nevola,allopathic,96,467,100 mg,240
13306,Nevola,allopathic,96,467,50 mg,240
13307,Nevralip,allopathic,79,51,600 mg,198
13308,Nevrona,allopathic,92,,100 mg+200 mg+200 mcg,163
13309,New Orsa-A,allopathic,67,1205,10.25 gm,5
13310,Newage,allopathic,92,1114,,171
13311,Newcip,allopathic,92,364,500 mg,33
13312,Newseas,allopathic,91,1097,,210
13313,Nexanib,allopathic,92,1498,200 mg,114
13314,Nexataf,allopathic,92,1553,25 mg,76
13315,Nexcal-D,allopathic,92,255,500 mg+200 IU,26
13316,NexCap,allopathic,4,586,20 mg,229
13317,NexCap,allopathic,4,586,40 mg,229
13318,Nexcital,allopathic,92,583,10 mg,229
13319,Nexcital,allopathic,92,583,5 mg,229
13320,Nexdex,allopathic,4,477,30 mg,196
13321,Nexdex,allopathic,4,477,60 mg,196
13322,Nexe,allopathic,4,586,20 mg,20
13323,Nexe,allopathic,4,586,40 mg,20
13324,Nexe,allopathic,38,586,40 mg/vial,20
13325,Nexe,allopathic,95,586,20 mg,20
13326,Nexito,allopathic,92,583,10 mg,219
13327,Nexito,allopathic,92,583,5 mg,219
13328,Nexol,allopathic,72,66,6 mg/ml,25
13329,Nexol,allopathic,91,66,15 mg/5 ml,25
13330,Nexolid,allopathic,92,1544,200 mg,196
13331,Nexopan Plus,allopathic,94,1134,500 mg+20 mg,226
13332,Nexovas,allopathic,92,355,10 mg,101
13333,Nexovas,allopathic,92,355,5 mg,101
13334,Nexrab,allopathic,4,1358,20 mg,229
13335,Nexum,allopathic,4,586,20 mg,217
13336,Nexum,allopathic,4,586,40 mg,217
13337,Nexum,allopathic,38,586,40 mg/vial,217
13338,Nexum MUPS,allopathic,49,587,20 mg,217
13339,Nexum MUPS,allopathic,49,587,40 mg,217
13340,Nexyl,allopathic,2,1605,500 mg,105
13341,N-Fenac TS,allopathic,63,1148,0.30%,173
13342,NFT,allopathic,7,1167,100 mg,101
13343,NFT,allopathic,70,1167,25 mg/5 ml,101
13344,Ngcef,allopathic,2,304,200 mg,192
13345,Ngcef,allopathic,2,304,400 mg,192
13346,Ngcef,allopathic,75,304,100 mg/5 ml,192
13347,Ngcef DS,allopathic,75,304,200 mg/5 ml,192
13348,NGS,allopathic,63,665,0.10%,164
13349,Niagra,allopathic,92,1455,100 mg,62
13350,Niagra,allopathic,92,1455,50 mg,62
13351,Niapid,allopathic,96,1154,500 mg,66
13352,Niazid,allopathic,75,1165,100 mg/5 ml,20
13353,Niazid,allopathic,92,1165,500 mg,20
13354,Nibalap,allopathic,92,920,250 mg,114
13355,Nicin,allopathic,63,1135,5%,153
13356,Nicodex,allopathic,62,472,0.1%+0.5%,197
13357,Nicol,allopathic,62,331,0.50%,197
13358,Niconic,allopathic,96,1154,50 mg,173
13359,Nicor,allopathic,92,1153,10 mg,171
13360,Nicosit,allopathic,92,831,500 mg,106
13361,Nicosit,allopathic,92,831,750 mg,106
13362,Nictoris,allopathic,92,1153,10 mg,165
13363,Nictoris,allopathic,92,1153,20 mg,165
13364,Nicud,allopathic,75,1165,100 mg/5 ml,143
13365,Nid,allopathic,91,1703,10 mg/5 ml,165
13366,Nid,allopathic,92,1703,20 mg,165
13367,Nida,allopathic,92,1057,400 mg,216
13368,Nidagest,allopathic,92,44,5 mg,48
13369,Nidazyl,allopathic,37,1057,500 mg/100 ml,170
13370,Nidazyl,allopathic,70,1057,200 mg/5 ml,171
13371,Nidazyl,allopathic,92,1057,400 mg,171
13372,Nidependiol,allopathic,62,331,0.50%,173
13373,Nidependiol D,allopathic,62,472,0.1%+0.5%,173
13374,Nidipine SR,allopathic,100,1155,20 mg,217
13375,Nidocard,allopathic,37,1170,50 mg/10 ml,66
13376,Nidocard,allopathic,104,1173,400 mcg/spray,66
13377,Nidocard Retard,allopathic,79,1172,2.6 mg,66
13378,Nidocard Retard,allopathic,79,1172,6.4 mg,66
13379,Nidor,allopathic,75,1165,100 mg/5 ml,180
13380,Nidor,allopathic,92,1165,500 mg,180
13381,Nidozox,allopathic,75,1165,100 mg/5 ml,4
13382,Nidozox,allopathic,92,1165,500 mg,4
13383,Nifecap,allopathic,2,1155,10 mg,66
13384,Nifev,allopathic,2,1162,100 mg,229
13385,Nifev,allopathic,2,1162,150 mg,229
13386,Nifin,allopathic,100,1155,10 mg,4
13387,Nifura,allopathic,11,1169,0.20%,221
13388,Night Fresh,allopathic,61,1689,57.3%+42.5%+0.2%,84
13389,Nightus,allopathic,92,224,3 mg,35
13390,Nikethamide,allopathic,30,1157,250 mg/ml,113
13391,Nilagel,herbal,2,1156,500 mg,217
13392,Nilcid,allopathic,70,997,(480 mg+20 mg)/5 ml,167
13393,Nilfun,allopathic,11,396,1%,224
13394,Nilicon,allopathic,24,315,1 gm/vial,74
13395,Nilicon,allopathic,24,315,250 mg/vial,74
13396,Nilicon,allopathic,24,315,500 mg/vial,74
13397,Nilicon,allopathic,38,315,1 gm/vial,74
13398,Nilicon,allopathic,38,315,250 mg/vial,74
13399,Nilicon,allopathic,38,315,2 gm/vial,74
13400,Nilicon,allopathic,38,315,500 mg/vial,74
13401,Nilkof,allopathic,91,484,(10 mg+30 mg+1.25 mg)/5 ml,16
13402,Nilonib,allopathic,2,1158,200 mg,66
13403,Niloren,allopathic,2,1158,200 mg,196
13404,Nim Gold,herbal,92,1140,250 mg,4
13405,Nim-A,herbal,2,1159,500 mg,4
13406,Nimenrix,allopathic,24,1027,0.5 ml/prefilled syringe,175
13407,Nimocal,allopathic,92,1161,30 mg,217
13408,Nimodi,allopathic,92,1161,30 mg,73
13409,Nimovo,allopathic,94,1134,500 mg+20 mg,155
13410,Nimulant,herbal,2,542,450 mg,99
13411,Ninacent,allopathic,2,1162,100 mg,106
13412,Ninacent,allopathic,2,1162,150 mg,106
13413,Ninavir,allopathic,37,1377,5 mg/ml,106
13414,Nine Seas,allopathic,91,1097,,25
13415,Nins,allopathic,92,,100 mg+200 mg+200 mcg,34
13416,Nintoin,allopathic,2,1167,50 mg,106
13417,Nintoin,allopathic,70,1167,25 mg/5 ml,106
13418,Nintoin,allopathic,92,1167,100 mg,106
13419,Nintoin SR,allopathic,7,1167,100 mg,106
13420,Nipaplex,allopathic,91,1669,,153
13421,Nipavit-M,allopathic,92,1098,,153
13422,Nipotin,allopathic,40,581,10000 IU,25
13423,Nipotin,allopathic,40,581,2000 IU,25
13424,Nipotin,allopathic,40,581,3000 IU,25
13425,Nipotin,allopathic,40,581,4000 IU,25
13426,Nipotin,allopathic,40,581,5000 IU,25
13427,Nipoxen,allopathic,92,1133,250 mg,155
13428,Nipoxen SR,allopathic,100,1133,500 mg,155
13429,Nipozin,allopathic,91,1703,10 mg/5 ml,155
13430,Nipro Gold,allopathic,92,1100,,155
13431,Nipro Seas,allopathic,91,1097,,155
13432,Niprolac,allopathic,69,911,3.35 gm/5 ml,155
13433,Niramin,allopathic,91,345,2 mg/5 ml,231
13434,Niramin,allopathic,92,345,4 mg,231
13435,Niranib,allopathic,2,1163,100 mg,76
13436,Nirvana,allopathic,92,1532,10 mg,101
13437,Nirvana,allopathic,92,1532,20 mg,101
13438,Nirvana,allopathic,92,1532,5 mg,101
13439,Nishat,herbal,92,1417,,99
13440,Nispore,allopathic,2,652,150 mg,106
13441,Nispore,allopathic,2,652,200 mg,106
13442,Nispore,allopathic,2,652,50 mg,106
13443,Nispore,allopathic,62,653,0.30%,106
13444,Nispore,allopathic,75,652,50 mg/5 ml,106
13445,Nitacure,allopathic,75,1165,100 mg/5 ml,34
13446,Nitacure,allopathic,92,1165,500 mg,34
13447,Nitalet,allopathic,92,1165,500 mg,18
13448,Nitamed,allopathic,75,1165,100 mg/5 ml,137
13449,Nitamed,allopathic,92,1165,500 mg,137
13450,Nitanid,allopathic,75,1165,100 mg/5 ml,66
13451,Nitanid,allopathic,92,1165,500 mg,66
13452,Nitasol,allopathic,75,1165,100 mg/5 ml,105
13453,Nitasol,allopathic,92,1165,500 mg,105
13454,Nitax,allopathic,92,1165,500 mg,62
13455,Nitaxen,allopathic,75,1165,100 mg/5 ml,127
13456,Nitaxen,allopathic,92,1165,500 mg,127
13457,Nitaxide,allopathic,75,1165,100 mg/5 ml,35
13458,Nitazet,allopathic,75,1165,100 mg/5 ml,167
13459,Nitazet,allopathic,92,1165,500 mg,167
13460,Nitazox,allopathic,75,1165,100 mg/5 ml,106
13461,Nitazox,allopathic,92,1165,500 mg,106
13462,Nitide,allopathic,75,1165,100 mg/5 ml,155
13463,Nitide,allopathic,92,1165,500 mg,155
13464,Nitoxin,allopathic,75,1165,100 mg/5 ml,25
13465,Nitoxin,allopathic,92,1165,500 mg,25
13466,Nitrest,allopathic,92,1708,10 mg,219
13467,Nitrin,allopathic,104,1173,400 mcg/spray,101
13468,Nitrin SR,allopathic,7,1172,2.6 mg,101
13469,Nitro,allopathic,104,1173,400 mcg/spray,229
13470,Nitro SR,allopathic,100,1172,2.6 mg,229
13471,Nitrobac,allopathic,7,1167,100 mg,105
13472,Nitrobac,allopathic,70,1167,25 mg/5 ml,105
13473,Nitrocard,allopathic,104,1173,400 mcg/spray,25
13474,Nitrocard SR,allopathic,100,1172,2.6 mg,25
13475,Nitrocontin,allopathic,93,1172,2.6 mg,146
13476,Nitrocontin,allopathic,93,1172,6.4 mg,146
13477,Nitrofix SR,allopathic,100,1172,2.6 mg,165
13478,Nitrofur,allopathic,70,1167,25 mg/5 ml,2
13479,Nitrofur SR,allopathic,7,1167,100 mg,2
13480,Nitrofur SR,allopathic,7,1167,50 mg,2
13481,Nitrogina SR,allopathic,100,1172,2.6 mg,155
13482,Nitromint,allopathic,104,1173,400 mcg/spray,69
13483,Nitromint Retard,allopathic,79,1172,2.6 mg,69
13484,Nitroren SR,allopathic,100,1172,2.6 mg,196
13485,Nitrosol,allopathic,104,1173,400 mcg/spray,35
13486,Nitrosol SR,allopathic,100,1172,2.6 mg,35
13487,Nitrovas,allopathic,58,1171,0.40%,185
13488,Nitrovas SR,allopathic,100,1172,2.6 mg,185
13489,Nivoloc,allopathic,92,945,500 mg,120
13490,Nivomab,allopathic,37,1175,100 mg/10 ml,31
13491,Nivomab,allopathic,37,1175,40 mg/4 ml,31
13492,Nixamid,allopathic,92,1165,500 mg,75
13493,Nixar,allopathic,75,1165,100 mg/5 ml,210
13494,Nixar,allopathic,92,1165,500 mg,210
13495,Nixcof,allopathic,91,748,(100 mg+1.1 mg+14 mg)/5 ml,165
13496,Nixon,allopathic,24,315,1 gm/vial,155
13497,Nixon,allopathic,24,315,250 mg/vial,155
13498,Nixon,allopathic,24,315,500 mg/vial,155
13499,Nixon,allopathic,38,315,1 gm/vial,155
13500,Nixon,allopathic,38,315,250 mg/vial,155
13501,Nixon,allopathic,38,315,2 gm/vial,155
13502,Nixon,allopathic,38,315,500 mg/vial,155
13503,Nixpan,allopathic,95,1237,20 mg,5
13504,Nixpan,allopathic,95,1237,40 mg,5
13505,Niz,allopathic,75,1165,100 mg/5 ml,74
13506,Niz,allopathic,92,1165,500 mg,74
13507,Nizoder,allopathic,11,891,2% w/w,229
13508,Nizoder,allopathic,84,892,2%,229
13509,Nizonid,allopathic,75,1165,100 mg/5 ml,135
13510,Nizonid,allopathic,92,1165,500 mg,135
13511,Nizoral,allopathic,84,892,2%,112
13512,Nizox,allopathic,75,1165,100 mg/5 ml,215
13513,Nizox,allopathic,92,1165,500 mg,215
13514,N-Mycin,allopathic,63,1135,5%,25
13515,Noak,allopathic,92,9,100 mg,171
13516,Noanxit,allopathic,92,669,0.5 mg+10 mg,194
13517,Noanxit,allopathic,92,380,10 mg,197
13518,Nobac,allopathic,92,1248,400 mg,105
13519,Nobesit,allopathic,92,1039,500 mg,106
13520,Nobesit,allopathic,92,1039,850 mg,106
13521,Nobesit XR,allopathic,96,1039,1000 mg,106
13522,Nobesit XR,allopathic,96,1039,500 mg,106
13523,Nobokin,allopathic,92,1498,200 mg,85
13524,Noburn,allopathic,92,524,10 mg,31
13525,Nocid,allopathic,9,57,250 mg+400 mg,136
13526,Nocid Plus,allopathic,9,58,200 mg+200 mg+30 mg,136
13527,Noclog,allopathic,92,392,75 mg,73
13528,Noclog Plus,allopathic,92,391,75 mg+75 mg,73
13529,Noctin,allopathic,92,1166,5 mg,16
13530,Nodep,allopathic,2,667,20 mg,84
13531,Nodepress,allopathic,2,667,20 mg,119
13532,Nodia,allopathic,92,927,100 mg,106
13533,Nodia,allopathic,92,927,10 mg,106
13534,Nodia,allopathic,92,927,20 mg,106
13535,Nofenac,allopathic,92,9,100 mg,66
13536,Nofiate,allopathic,2,625,200 mg,106
13537,Noficon,allopathic,2,625,200 mg,73
13538,Noflash,allopathic,92,390,0.1 mg,233
13539,Nogal,allopathic,92,652,150 mg,120
13540,Nogal,allopathic,92,652,50 mg,120
13541,Nohist,allopathic,92,324,10 mg,20
13542,Noir,allopathic,11,791,4%,180
13543,Nok,allopathic,92,1064,15 mg,64
13544,Nok,allopathic,92,1064,7.5 mg,64
13545,Nokof,allopathic,2,284,375 mg,35
13546,Nokof,allopathic,91,284,125 mg/5 ml,35
13547,Nokof DS,allopathic,91,284,250 mg/5 ml,35
13548,Nolargy,allopathic,70,642,30 mg/5 ml,67
13549,Nolargy,allopathic,92,642,120 mg,67
13550,Nolargy,allopathic,92,642,180 mg,67
13551,Noler,allopathic,92,324,10 mg,9
13552,Nomark,allopathic,22,25,0.1%+2.5%,165
13553,Nomesis,allopathic,92,1014,25 mg+50 mg,101
13554,Nomi,allopathic,54,1707,2.5 mg/spray,217
13555,Nomi,allopathic,92,1707,2.5 mg,217
13556,Nomiten,allopathic,92,1707,2.5 mg,197
13557,Nomopil,allopathic,92,1378,0.5 mg,106
13558,Nomopil,allopathic,92,1378,1 mg,106
13559,Nomopil,allopathic,92,1378,2 mg,106
13560,Nomos,allopathic,11,611,12.50%,35
13561,Nomosic,allopathic,92,1015,50 mg,66
13562,Nop,allopathic,92,968,5 mg,16
13563,Nopain,allopathic,62,495,0.10%,66
13564,Nopain,allopathic,92,493,25 mg,66
13565,Nopain,allopathic,92,493,50 mg,66
13566,Nopain Extra,allopathic,92,498,50 mg+200 mcg,66
13567,Nopain Extra,allopathic,92,498,75 mg+200 mcg,66
13568,Nopath,allopathic,92,,100 mg+200 mg+200 mcg,18
13569,Nopidin,allopathic,92,81,5 mg,5
13570,Nor Plus,allopathic,92,1240,500 mg+65 mg,157
13571,Nor Q,allopathic,38,1652,10 mg/vial,106
13572,Norad,allopathic,92,178,6 mg+200 mg+50 mg,173
13573,Norad Plus,allopathic,2,1524,,173
13574,Norad SG,allopathic,2,178,6 mg+200 mg+50 mg,173
13575,Norain,allopathic,4,1199,20 mg,88
13576,Norash,allopathic,58,479,5%,106
13577,Norbit,allopathic,2,518,100 mg,106
13578,Norcolut,allopathic,92,1178,5 mg,52
13579,Nordette 28,allopathic,92,606,0.03 mg+0.15 mg+75 mg,114
13580,Nordette 28,allopathic,92,606,0.03 mg+0.15 mg+75 mg,175
13581,Norditropin SimpleXx,allopathic,80,1497,5 mg/1.5 ml,159
13582,Nordol,allopathic,92,,325 mg+37.5 mg,157
13583,Nordrine,allopathic,30,566,25 mg/5 ml,106
13584,Norestin,allopathic,92,1178,5 mg,35
13585,Noret 28,allopathic,92,606,0.03 mg+0.15 mg+75 mg,114
13586,Norfen,allopathic,92,494,50 mg,120
13587,Norfen-SR,allopathic,7,494,100 mg,120
13588,Norflu,allopathic,92,670,0.5 mg+10 mg,4
13589,Norgest,allopathic,92,606,0.03 mg+0.15 mg+75 mg,225
13590,Norglic,allopathic,92,721,80 mg,143
13591,Norium,allopathic,92,656,10 mg,73
13592,Norium,allopathic,92,656,5 mg,73
13593,Norix,allopathic,92,948,0.75 mg,114
13594,Norix 1,allopathic,92,948,1.5 mg,114
13595,Noriz,allopathic,91,324,5 mg/5 ml,213
13596,Noriz,allopathic,92,324,10 mg,213
13597,Norline,allopathic,37,1177,2 mg/2 ml,191
13598,Normacid,allopathic,26,1368,50 mg/2 ml,119
13599,Normacid,allopathic,91,1368,75 mg/5 ml,119
13600,Normacid,allopathic,92,1368,150 mg,119
13601,Norma-H,allopathic,92,1368,150 mg,196
13602,Normal Saline,allopathic,37,1467,0.90%,4
13603,Normal Saline,allopathic,37,1467,0.90%,109
13604,Normal Saline,allopathic,37,1467,0.90%,164
13605,Normalin,allopathic,37,1467,0.90%,185
13606,Normanal,allopathic,92,1063,450 mg+50 mg,196
13607,Normasol,allopathic,37,1467,0.90%,128
13608,Normaten,allopathic,92,123,50 mg,150
13609,Normatensin,herbal,92,,,99
13610,Normens,allopathic,92,1178,5 mg,196
13611,Normoglobin,allopathic,39,774,2.5 gm/50 ml,106
13612,Normoglobin,allopathic,39,774,500 mg/10 ml,106
13613,Normogut,allopathic,70,524,5 mg/5 ml,192
13614,Normogut,allopathic,92,524,10 mg,192
13615,Normo-K,allopathic,67,1488,15 gm/sachet,217
13616,Norpill,allopathic,92,948,0.75 mg,217
13617,Norpill 1,allopathic,92,948,1.5 mg,217
13618,Norpress,allopathic,92,123,100 mg,119
13619,Norpress,allopathic,92,123,50 mg,119
13620,Norry,allopathic,92,224,3 mg,196
13621,Norsol,allopathic,52,1468,0.90%,164
13622,Nortin,allopathic,2,1181,10 mg,150
13623,Nortin,allopathic,2,1181,25 mg,150
13624,Norvis,allopathic,26,1580,5 mg/2 ml,217
13625,Norvis,allopathic,91,1580,10 mg/5 ml,217
13626,Norvis,allopathic,92,1580,50 mg,217
13627,Norxit,allopathic,92,669,0.5 mg+10 mg,53
13628,Norzin,allopathic,92,670,0.5 mg+10 mg,25
13629,Noscab,allopathic,11,1264,5% w/w,35
13630,Nosedex,allopathic,70,642,30 mg/5 ml,171
13631,Nosedex,allopathic,92,642,120 mg,171
13632,Nosemin,allopathic,91,324,5 mg/5 ml,105
13633,Nosemin,allopathic,92,324,10 mg,105
13634,Noseral,allopathic,92,975,10 mg,174
13635,Nosomist,allopathic,52,1468,0.90%,165
13636,Nosomist,allopathic,54,1468,0.90%,165
13637,No-Spa,allopathic,30,536,40 mg/2 ml,16
13638,No-Spa,allopathic,92,536,40 mg,16
13639,Nospot,allopathic,11,659,0.01%+4%+0.05%,73
13640,Nostis,allopathic,92,727,250 mg+200 mg,16
13641,Nostrin,allopathic,92,9,100 mg,143
13642,Notafol,allopathic,2,810,140 mg,85
13643,Notens,allopathic,92,224,3 mg,25
13644,Noteron,allopathic,92,1178,5 mg,106
13645,No-Trol,allopathic,92,324,10 mg,8
13646,Nouranz,allopathic,92,896,10 mg,24
13647,Nova,allopathic,70,1238,120 mg/5 ml,54
13648,Nova,allopathic,92,1238,500 mg,54
13649,Nova Plus,allopathic,92,1240,500 mg+65 mg,54
13650,Novacal DX,allopathic,92,257,500 mg+400 IU,157
13651,Novacal-D,allopathic,92,257,500 mg+200 IU,127
13652,Novacef,allopathic,2,304,200 mg,160
13653,Novacef,allopathic,75,304,100 mg/5 ml,160
13654,Novacin,allopathic,92,364,500 mg,160
13655,Novadin,allopathic,2,321,500 mg,8
13656,Novadin,allopathic,75,321,125 mg/5 ml,8
13657,Novaflox,allopathic,75,364,250 mg/5 ml,127
13658,Novaflox,allopathic,92,364,500 mg,127
13659,Novagra,allopathic,92,1455,25 mg,157
13660,Novapan,allopathic,95,1237,40 mg,160
13661,Novarin,allopathic,22,494,1% w/w,17
13662,Novarin SR,allopathic,7,494,100 mg,17
13663,Novastin,allopathic,92,1460,10 mg,66
13664,Novatron,allopathic,26,1201,8 mg/4 ml,191
13665,Novatron,allopathic,92,1201,8 mg,191
13666,Novavit Gold,allopathic,92,1100,,127
13667,Novavit Silver,allopathic,92,1103,,127
13668,Novaxen,allopathic,92,1133,500 mg,127
13669,Novaxen Plus,allopathic,94,1134,375 mg+20 mg,127
13670,Novaxen Plus,allopathic,94,1134,500 mg+20 mg,127
13671,Novazith,allopathic,75,142,200 mg/5 ml,127
13672,Novazith,allopathic,92,142,500 mg,127
13673,Novea,allopathic,94,1352,10 mg+10 mg,101
13674,Novefos,allopathic,67,692,3 gm/sachet,161
13675,Novelip,allopathic,92,163,180 mg,196
13676,Novelon,allopathic,92,601,0.03 mg+3 mg,196
13677,Novelon Lite,allopathic,92,602,0.02 mg+3 mg,196
13678,Novelta,allopathic,9,997,480 mg+20 mg,171
13679,Novelta,allopathic,70,997,(480 mg+20 mg)/5 ml,171
13680,Novelta Power,allopathic,70,1465,(500 mg+267 mg+160 mg)/10 ml,171
13681,Novin,allopathic,52,1690,0.05%,82
13682,Novin,allopathic,52,1690,0.10%,82
13683,Novirax,allopathic,11,21,5% w/w,66
13684,Novirax,allopathic,92,20,200 mg,66
13685,Novirax,allopathic,92,20,400 mg,66
13686,Novirax HC,allopathic,11,22,5%+1%,66
13687,NOVO ORS,allopathic,67,1205,13.95 gm,158
13688,Novocaine,allopathic,62,1217,0.40%,164
13689,Novodol,allopathic,92,,325 mg+37.5 mg,171
13690,NovoMix,allopathic,80,203,30%+70%,159
13691,NovoMix,allopathic,80,203,30%+70%,159
13692,NovoRapid,allopathic,80,1340,100 IU/ml,159
13693,NovoRapid,allopathic,80,1340,100 IU/ml,159
13694,NovoSeven,allopathic,38,403,1 mg/vial,159
13695,Novotin,herbal,2,202,1000 mcg,229
13696,Novotin,herbal,2,202,2500 mcg,229
13697,Novotin,herbal,2,202,5000 mcg,229
13698,Novotril,allopathic,92,389,0.5 mg,53
13699,Novotril,allopathic,92,389,2 mg,53
13700,Novoxen,allopathic,94,1134,375 mg+20 mg,171
13701,Novoxen,allopathic,94,1134,500 mg+20 mg,171
13702,Nox,allopathic,92,178,6 mg+200 mg+50 mg,9
13703,Noxarin,allopathic,80,561,2000 Anti-Xa IU/0.2 ml,165
13704,Noxarin,allopathic,80,561,4000 Anti-Xa IU/0.4 ml,165
13705,Noxarin,allopathic,80,561,6000 Anti-Xa IU/0.6 ml,165
13706,Noxarin,allopathic,80,561,8000 Anti-Xa IU/0.8 ml,165
13707,Noxid,allopathic,92,178,6 mg+200 mg+50 mg,150
13708,Nozee,allopathic,92,1133,500 mg,145
13709,Nozee,allopathic,92,1133,500 mg,223
13710,Nozma,allopathic,92,1086,10 mg,167
13711,NPH,allopathic,15,785,(10 mg+3400 Units+10000 Units)/ml,195
13712,N-Proton,allopathic,94,1134,500 mg+20 mg,64
13713,NPV,allopathic,94,1352,10 mg+10 mg,240
13714,NRG,allopathic,67,487,100%,73
13715,NSB,allopathic,58,1143,(5 mg+500 IU)/gm,148
13716,NSC,allopathic,52,1468,0.90%,82
13717,N-Sol,allopathic,52,1468,0.90%,185
13718,N-Sol 5,allopathic,62,1469,5%,185
13719,NT-Par,allopathic,9,34,400 mg,192
13720,NT-Par,allopathic,70,34,200 mg/5 ml,192
13721,NTZ,allopathic,75,1165,100 mg/5 ml,26
13722,Nuba,allopathic,58,1143,(5 mg+500 IU)/gm,37
13723,Nuba Plus,allopathic,58,1144,(3.5 mg+400 IU+5000 IU)/gm,37
13724,Nubis,allopathic,92,208,2.5 mg,161
13725,Nubis,allopathic,92,208,5 mg,161
13726,Nuceta Plus,allopathic,92,1240,500 mg+65 mg,80
13727,Nucip,allopathic,92,364,500 mg,80
13728,Nudom,allopathic,92,524,10 mg,80
13729,Nudon,allopathic,92,524,10 mg,167
13730,Nufex,allopathic,2,320,500 mg,84
13731,Nufex,allopathic,75,320,125 mg/5 ml,84
13732,Nugesic,allopathic,92,,100 mg+200 mg+200 mcg,171
13733,Nuloc,allopathic,38,586,40 mg/vial,143
13734,Nuloc,allopathic,95,586,20 mg,143
13735,Nunap,allopathic,92,1133,250 mg,80
13736,Nuovit-F,allopathic,2,855,,160
13737,Nupiravir,allopathic,2,1077,200 mg,180
13738,Nuprafen,allopathic,92,1133,250 mg,35
13739,Nuprafen,allopathic,92,1133,500 mg,35
13740,Nupralgin,allopathic,92,1133,250 mg,105
13741,Nupralgin,allopathic,92,1133,500 mg,105
13742,Nupralgin Plus,allopathic,94,1134,375 mg+20 mg,105
13743,Nupralgin Plus,allopathic,94,1134,500 mg+20 mg,105
13744,Nuprazol,allopathic,4,1199,20 mg,161
13745,Nuprin,allopathic,11,1146,(3.5 mg+10000 IU+10 mg)/gm,9
13746,Nurela,allopathic,2,1314,50 mg,96
13747,Nurobix Plus,allopathic,24,,(100 mg+100 mg+1 mg)/3 ml,48
13748,Nurobix Plus,allopathic,92,,100 mg+200 mg+200 mcg,48
13749,Nuroguard,allopathic,92,,100 mg+200 mg+200 mcg,96
13750,Nuronaaf,allopathic,92,,100 mg+200 mg+200 mcg,149
13751,Nuropa,allopathic,92,,100 mg+200 mg+200 mcg,153
13752,Nutramid,allopathic,72,1054,1 mg/ml,4
13753,Nutramid,allopathic,91,1054,5 mg/5 ml,4
13754,Nutramid,allopathic,92,1054,10 mg,4
13755,Nutriace,allopathic,92,178,6 mg+200 mg+50 mg,134
13756,Nutribon,allopathic,92,257,500 mg+200 IU,233
13757,Nutridex,allopathic,37,487,25%,35
13758,Nutrilina,herbal,2,1504,500 mg,196
13759,Nutrilive,allopathic,37,71,5%,101
13760,Nutrimin,allopathic,37,71,5%,35
13761,Nutrimin-D,allopathic,37,72,7%+10%,35
13762,Nutrivit-B,allopathic,91,1669,,2
13763,Nutrivit-B,allopathic,92,1669,,2
13764,Nutrivit-C,allopathic,9,1676,250 mg,2
13765,Nutrivit-C,allopathic,18,1676,1000 mg,2
13766,Nutrivit-C,allopathic,91,1676,100 mg/5 ml,2
13767,Nutrivit-MV,allopathic,72,1112,,2
13768,Nutrona Gold,allopathic,92,1100,,197
13769,Nutrona Silver,allopathic,92,1103,,197
13770,Nutrovita,allopathic,91,1669,,26
13771,Nutrum 50+,allopathic,92,1103,,4
13772,Nutrum Bone,allopathic,92,258,,4
13773,Nutrum Eye,allopathic,20,,,4
13774,Nutrum Gold,allopathic,92,1100,,4
13775,Nutrum Junior,allopathic,91,1102,,4
13776,Nutrum Kids,allopathic,91,1097,,4
13777,Nutrum PN,allopathic,92,1114,,4
13778,Nutrum Super,allopathic,92,1524,,4
13779,Nuvicort,allopathic,92,456,6 mg,161
13780,Nuviron,allopathic,92,635,48 mg+0.5 mg+22.5 mg,161
13781,N-Vit,allopathic,92,,100 mg+200 mg+200 mcg,145
13782,NVmet,allopathic,92,1039,500 mg,150
13783,NVmet,allopathic,92,1039,850 mg,150
13784,NVmet SR,allopathic,100,1039,500 mg,150
13785,NVP,allopathic,92,1014,25 mg+50 mg,4
13786,NX Plus,allopathic,94,1134,375 mg+20 mg,163
13787,NX Plus,allopathic,94,1134,500 mg+20 mg,163
13788,NX-1,allopathic,92,1133,500 mg,163
13789,Nyclobate,allopathic,11,382,0.05%,106
13790,Nyclobate,allopathic,45,381,0.05%,106
13791,Nyclobate,allopathic,58,382,0.05%,106
13792,Nyclobate,allopathic,83,381,0.05%,106
13793,Nyclobate,allopathic,84,381,0.05%,106
13794,Nyclobate,allopathic,104,381,0.05%,106
13795,Nyclobate NN,allopathic,11,383,(0.5 mg+5 mg+1 Lac IU)/gm,106
13796,Nyclobate NN,allopathic,58,383,(0.5 mg+5 mg+1 Lac IU)/gm,106
13797,Nycof D,allopathic,91,510,(14 mg+6.5 mg+2 mg)/5 ml,73
13798,Nygas,allopathic,70,997,(480 mg+20 mg)/5 ml,224
13799,Nysol,allopathic,70,1183,100000 unit/ml,67
13800,Nyst,allopathic,70,1183,100000 unit/ml,215
13801,Nystat,allopathic,70,1183,100000 unit/ml,4
13802,Nystat,allopathic,92,1183,500000 unit,4
13803,Nystat Plus,allopathic,92,341,1%+100000 IU,4
13804,Nytkof,allopathic,91,484,(10 mg+30 mg+1.25 mg)/5 ml,31
13805,O Fruity Saline,allopathic,67,1204,,239
13806,O Saline N,allopathic,67,1205,10.25 gm,239
13807,O-20,allopathic,4,1199,20 mg,26
13808,O3,allopathic,2,1198,1000 mg,188
13809,O-40,allopathic,4,1199,40 mg,26
13810,Obactin,allopathic,62,1188,0.30%,105
13811,Obecol,allopathic,92,1185,10 mg,185
13812,Obecol,allopathic,92,1185,5 mg,185
13813,Obeliva,allopathic,92,1185,10 mg,76
13814,Obeliva,allopathic,92,1185,5 mg,76
13815,Obemet,allopathic,92,1039,500 mg,75
13816,Obemet,allopathic,92,1039,850 mg,75
13817,Obetic,allopathic,92,1185,10 mg,66
13818,Obetic,allopathic,92,1185,5 mg,66
13819,Obid,allopathic,92,1039,500 mg,62
13820,Obid,allopathic,92,1039,850 mg,62
13821,OC-20,allopathic,4,1199,20 mg,46
13822,O-Cal,allopathic,92,268,740 mg,4
13823,O-Cal Kit,allopathic,92,808,150 mg & 740 mg,4
13824,Ocaliva,allopathic,92,1185,10 mg,37
13825,Ocaliva,allopathic,92,1185,5 mg,37
13826,Ocarnix,allopathic,69,938,500 mg/5 ml,106
13827,Ocarnix,allopathic,92,938,330 mg,106
13828,Oceancal-D,allopathic,92,255,500 mg+200 IU,84
13829,Oceancal-DX,allopathic,92,255,600 mg+400 IU,84
13830,Ocimax,allopathic,75,364,250 mg/5 ml,163
13831,Ocimax,allopathic,92,364,500 mg,163
13832,Ocin,allopathic,26,1226,5 IU/ml,165
13833,Oclazid,allopathic,92,721,80 mg,171
13834,Oclazid MR,allopathic,98,721,30 mg,171
13835,Oclube,allopathic,62,1292,0.4%+0.3%,2
13836,Ocluma B,allopathic,63,221,1%+0.2%,173
13837,Ocof,allopathic,91,483,(20 mg+10 mg+2.5 mg)/5 ml,217
13838,Ocoral,allopathic,92,255,500 mg+200 IU,120
13839,Ocoral D,allopathic,92,255,500 mg+200 IU,120
13840,Octabid,allopathic,92,364,500 mg,197
13841,Octon,allopathic,92,1166,5 mg,82
13842,Octreotide,allopathic,30,1187,100 mcg/ml,219
13843,Octreotide,allopathic,30,1187,50 mcg/ml,219
13844,Ocubac,allopathic,62,331,0.50%,20
13845,Ocubac-D,allopathic,62,472,0.1%+0.5%,20
13846,Ocuberry,herbal,2,199,160 mg,66
13847,Ocubil,herbal,2,199,160 mg,217
13848,Ocubrin,allopathic,63,220,1%,26
13849,Ocubrom,allopathic,62,226,0.07%,217
13850,Ocuclor,allopathic,61,331,1%,84
13851,Ocuclor,allopathic,62,331,0.50%,84
13852,Ocudex,allopathic,62,471,0.10%,26
13853,Ocuflox,allopathic,62,971,0.30%,37
13854,Ocugel,allopathic,112,798,2%,25
13855,Oculant,allopathic,62,1292,0.4%+0.3%,217
13856,Oculax,allopathic,62,735,0.2%+0.36%+1%,2
13857,Oculogen,allopathic,62,1132,0.005%+0.02%,84
13858,Ocumox,allopathic,62,1089,0.50%,195
13859,Ocupres,allopathic,62,1583,0.50%,185
13860,Ocuram,allopathic,62,331,0.50%,150
13861,Ocusol,allopathic,63,1313,1%,185
13862,Ocustin,allopathic,62,176,1.50%,185
13863,Ocutear,allopathic,62,804,0.30%,26
13864,Ocutif,allopathic,62,898,0.03%,26
13865,Ocutifen,allopathic,62,898,0.03%,84
13866,Ocutob,allopathic,62,1590,0.30%,89
13867,Ocutrex,allopathic,62,331,0.50%,35
13868,Ocuvit,allopathic,20,,,26
13869,Odacef,allopathic,2,304,200 mg,229
13870,Odacef,allopathic,2,304,400 mg,229
13871,Odacef,allopathic,75,304,100 mg/5 ml,229
13872,Odafen,allopathic,70,642,30 mg/5 ml,150
13873,Odafen,allopathic,92,642,120 mg,150
13874,Odafen,allopathic,92,642,180 mg,150
13875,Odatrix,allopathic,24,315,500 mg/vial,229
13876,Odatrix,allopathic,38,315,1 gm/vial,229
13877,Odatrix,allopathic,38,315,2 gm/vial,229
13878,Odatron,allopathic,26,1201,2 mg/ml,173
13879,Odatron,allopathic,26,1201,8 mg/4 ml,173
13880,Odatron,allopathic,69,1201,4 mg/5 ml,173
13881,Odatron,allopathic,92,1201,4 mg,173
13882,Odatron,allopathic,92,1201,8 mg,173
13883,Odaz,allopathic,75,142,200 mg/5 ml,229
13884,Odaz,allopathic,92,142,500 mg,229
13885,Odazin,allopathic,92,142,500 mg,33
13886,Odazyth,allopathic,2,142,250 mg,2
13887,Odazyth,allopathic,75,142,200 mg/5 ml,2
13888,Odazyth,allopathic,92,142,500 mg,2
13889,Odeson,allopathic,26,470,4 mg/ml,35
13890,Odeson,allopathic,92,470,0.5 mg,35
13891,Odessy,allopathic,84,892,2%,74
13892,Oditen,allopathic,2,314,200 mg,165
13893,Oditen,allopathic,2,314,400 mg,165
13894,Oditen,allopathic,75,314,90 mg/5 ml,165
13895,Odmon,allopathic,9,1086,4 mg,196
13896,Odmon,allopathic,9,1086,5 mg,196
13897,Odmon,allopathic,92,1086,10 mg,196
13898,Odofex,allopathic,92,642,120 mg,54
13899,Odrel,allopathic,92,392,75 mg,35
13900,Odrel Plus,allopathic,92,391,75 mg+75 mg,35
13901,Odycin,allopathic,62,1089,0.50%,35
13902,Odycin,allopathic,92,1090,400 mg,35
13903,Odycin D,allopathic,62,1091,0.5%+0.1%,35
13904,Ofex,allopathic,2,304,200 mg,62
13905,Ofex,allopathic,2,304,400 mg,62
13906,Ofex,allopathic,75,304,100 mg/5 ml,62
13907,Off-H,allopathic,92,1368,150 mg,167
13908,Ofkof,allopathic,91,484,(10 mg+30 mg+1.25 mg)/5 ml,217
13909,Oflacin,allopathic,92,1189,200 mg,66
13910,Oflacin,allopathic,92,1189,400 mg,66
13911,Ofmit,allopathic,26,1201,8 mg/4 ml,161
13912,Ofmit,allopathic,92,1201,8 mg,161
13913,Ofpain,allopathic,26,896,30 mg/ml,119
13914,Ofpain,allopathic,26,896,60 mg/2 ml,119
13915,Ofpain,allopathic,62,897,0.50%,119
13916,Ofpain,allopathic,92,896,10 mg,119
13917,Ofran,allopathic,26,1201,8 mg/4 ml,217
13918,Ofran,allopathic,69,1201,4 mg/5 ml,217
13919,Ofran,allopathic,92,1201,8 mg,217
13920,Ofuran SR,allopathic,100,1167,100 mg,173
13921,Ogivri,allopathic,37,1606,440 mg/20 ml,35
13922,Ogli,allopathic,92,1280,15 mg,119
13923,Okical-D,allopathic,92,255,500 mg+400 IU,229
13924,Okical-DX,allopathic,92,255,600 mg+400 IU,229
13925,Olacent,allopathic,92,1192,100 mg,106
13926,Olacent,allopathic,92,1192,150 mg,106
13927,Olacing DS,allopathic,62,1196,0.20%,173
13928,Olanap,allopathic,92,1191,10 mg,106
13929,Olanap,allopathic,92,1191,5 mg,106
13930,Olanap ODT,allopathic,14,1191,10 mg,106
13931,Olanap ODT,allopathic,14,1191,5 mg,106
13932,Olanib,allopathic,92,1192,150 mg,76
13933,Olanor,allopathic,92,1191,10 mg,31
13934,Olanor,allopathic,92,1191,5 mg,31
13935,Olanza,allopathic,92,1191,10 mg,108
13936,Olanza,allopathic,92,1191,5 mg,108
13937,Olapar,allopathic,92,1192,100 mg,31
13938,Olapar,allopathic,92,1192,150 mg,31
13939,Olarif,allopathic,62,1196,0.10%,37
13940,Olarif DS,allopathic,62,1196,0.20%,37
13941,Olarigen,allopathic,2,1192,50 mg,84
13942,Olarigen,allopathic,92,1192,150 mg,84
13943,Olay,allopathic,92,1191,10 mg,226
13944,Olay,allopathic,92,1191,5 mg,226
13945,Olcin,allopathic,92,945,500 mg,62
13946,Oleanz,allopathic,92,1191,10 mg,219
13947,Oleanz,allopathic,92,1191,5 mg,219
13948,Olif,allopathic,2,652,150 mg,119
13949,Olif,allopathic,2,652,50 mg,119
13950,Olistat,allopathic,2,1207,120 mg,217
13951,Olistat,allopathic,2,1207,60 mg,217
13952,Olivan TS,allopathic,63,1148,0.30%,165
13953,Oliver,allopathic,92,979,150 mg,31
13954,Olixar,allopathic,92,1191,10 mg,76
13955,Olixar,allopathic,92,1191,20 mg,76
13956,Olixar,allopathic,92,1191,5 mg,76
13957,Olme,allopathic,92,1193,10 mg,108
13958,Olme,allopathic,92,1193,20 mg,108
13959,Olme,allopathic,92,1193,40 mg,108
13960,Olme-AM,allopathic,92,85,5 mg+20 mg,108
13961,Olmeben,allopathic,92,1193,20 mg,150
13962,Olmeben,allopathic,92,1193,40 mg,150
13963,Olmeben Plus,allopathic,92,1194,20 mg+12.5 mg,150
13964,Olmecar,allopathic,92,1193,10 mg,217
13965,Olmecar,allopathic,92,1193,20 mg,217
13966,Olmecar,allopathic,92,1193,40 mg,217
13967,Olmecar Plus,allopathic,92,1194,20 mg+12.5 mg,217
13968,Olmedip,allopathic,92,85,5 mg+20 mg,105
13969,Olmedip,allopathic,92,85,5 mg+40 mg,105
13970,Olmefast H,allopathic,92,1194,20 mg+12.5 mg,92
13971,Olmefast-AM,allopathic,92,85,5 mg+20 mg,92
13972,Olmefast-AM,allopathic,92,85,5 mg+40 mg,92
13973,Olme-H,allopathic,92,1194,20 mg+12.5 mg,108
13974,Olmenor,allopathic,92,1193,20 mg,62
13975,Olmenor,allopathic,92,1193,40 mg,62
13976,Olmenor Plus,allopathic,92,85,5 mg+20 mg,62
13977,Olmenor Plus,allopathic,92,85,5 mg+40 mg,62
13978,Olmepin,allopathic,92,85,5 mg+20 mg,150
13979,Olmepin,allopathic,92,85,5 mg+40 mg,150
13980,Olmepres,allopathic,92,1193,20 mg,84
13981,Olmepres,allopathic,92,1193,40 mg,84
13982,Olmepres AM,allopathic,92,85,5 mg+20 mg,84
13983,Olmepres AM,allopathic,92,85,5 mg+40 mg,84
13984,Olmesafe,allopathic,92,1193,20 mg,171
13985,Olmesafe AM,allopathic,92,85,5 mg+20 mg,171
13986,Olmesafe-HT,allopathic,92,1194,20 mg+12.5 mg,171
13987,Olmesan,allopathic,92,1193,10 mg,35
13988,Olmesan,allopathic,92,1193,20 mg,35
13989,Olmesan,allopathic,92,1193,40 mg,35
13990,Olmesan Plus,allopathic,92,1194,20 mg+12.5 mg,35
13991,Olmesta,allopathic,92,1193,10 mg,73
13992,Olmesta,allopathic,92,1193,20 mg,73
13993,Olmesta,allopathic,92,1193,40 mg,73
13994,Olmesta M,allopathic,92,85,5 mg+20 mg,73
13995,Olmesta M,allopathic,92,85,5 mg+40 mg,73
13996,Olmesta Plus,allopathic,92,1194,20 mg+12.5 mg,73
13997,Olmetab,allopathic,92,1193,10 mg,105
13998,Olmetab,allopathic,92,1193,20 mg,105
13999,Olmetab,allopathic,92,1193,40 mg,105
14000,Olmetab Plus,allopathic,92,1194,20 mg+12.5 mg,105
14001,Olmetab Plus,allopathic,92,1194,40 mg+12.5 mg,105
14002,Olmetic,allopathic,92,1193,20 mg,66
14003,Olmetic Plus,allopathic,92,1194,20 mg+12.5 mg,66
14004,Olmetor,allopathic,92,1193,10 mg,75
14005,Olmetor,allopathic,92,1193,20 mg,75
14006,Olmetor,allopathic,92,1193,40 mg,75
14007,Olmetor Plus,allopathic,92,1194,20 mg+12.5 mg,75
14008,Olmetor Plus,allopathic,92,1194,40 mg+12.5 mg,75
14009,Olmetor-AM,allopathic,92,85,5 mg+20 mg,75
14010,Olmetor-AM,allopathic,92,85,5 mg+40 mg,75
14011,Olmevas,allopathic,92,1193,20 mg,185
14012,Olmevas AM,allopathic,92,85,5 mg+20 mg,185
14013,Olmevas AM,allopathic,92,85,5 mg+40 mg,185
14014,Olmezest,allopathic,92,1193,10 mg,219
14015,Olmezest,allopathic,92,1193,20 mg,219
14016,Olmezest,allopathic,92,1193,40 mg,219
14017,Olmezest AM,allopathic,92,85,5 mg+20 mg,219
14018,Olmezest AM,allopathic,92,85,5 mg+40 mg,219
14019,Olmezest H,allopathic,92,1194,20 mg+12.5 mg,219
14020,Olodin,allopathic,62,1196,0.10%,195
14021,Olodin DS,allopathic,62,1196,0.20%,195
14022,Olofix,allopathic,62,1196,0.10%,164
14023,Olofix DS,allopathic,62,1196,0.20%,164
14024,Ologen,allopathic,62,1196,0.10%,84
14025,Ologen DS,allopathic,62,1196,0.20%,84
14026,Ologen Max,allopathic,62,1196,0.70%,84
14027,Olon-DS,allopathic,62,1196,0.20%,119
14028,Olopan,allopathic,54,1195,600 mcg/spray,35
14029,Olopan,allopathic,62,1196,0.10%,35
14030,Olopan DS,allopathic,62,1196,0.20%,35
14031,Olopan Pro,allopathic,62,1196,0.70%,35
14032,Olopta,allopathic,62,1196,0.10%,82
14033,Olopta DS,allopathic,62,1196,0.20%,82
14034,Olorid,allopathic,62,1196,0.10%,143
14035,Olpadin,allopathic,62,1196,0.10%,25
14036,Olpadin 7,allopathic,62,1196,0.70%,25
14037,Olpadin DS,allopathic,62,1196,0.20%,25
14038,Olpres,allopathic,92,1193,10 mg,240
14039,Olpres,allopathic,92,1193,20 mg,240
14040,Olpres,allopathic,92,1193,40 mg,240
14041,Olpres A,allopathic,92,85,5 mg+20 mg,240
14042,Olpres A,allopathic,92,85,5 mg+40 mg,240
14043,Olpres HZ,allopathic,92,1194,20 mg+12.5 mg,240
14044,Olpres HZ,allopathic,92,1194,40 mg+12.5 mg,240
14045,Olsart,allopathic,92,1193,10 mg,165
14046,Olsart,allopathic,92,1193,20 mg,165
14047,Olsart,allopathic,92,1193,40 mg,165
14048,Olsart Plus,allopathic,92,1194,20 mg+12.5 mg,165
14049,Olsart Plus,allopathic,92,1194,40 mg+12.5 mg,165
14050,Oltan-A,allopathic,92,85,5 mg+20 mg,211
14051,Oltan-A,allopathic,92,85,5 mg+40 mg,211
14052,Olvance,allopathic,92,1193,20 mg,37
14053,Olvance-AM,allopathic,92,85,5 mg+20 mg,37
14054,Olzap,allopathic,92,1191,10 mg,165
14055,Olzap,allopathic,92,1191,5 mg,165
14056,Olzep,allopathic,4,1199,20 mg,24
14057,OM,allopathic,4,1199,20 mg,16
14058,OM,allopathic,4,1199,40 mg,16
14059,Omag-DR,allopathic,95,1199,20 mg,192
14060,Omaprin,allopathic,4,1199,20 mg,
14061,Omastin,allopathic,2,652,150 mg,35
14062,Omastin,allopathic,2,652,200 mg,35
14063,Omastin,allopathic,2,652,50 mg,35
14064,Omastin,allopathic,37,652,200 mg/100 ml,35
14065,Omastin,allopathic,75,652,50 mg/5 ml,35
14066,Omazif,allopathic,92,684,5 mg+20 mg,163
14067,Omazif-CI,allopathic,8,286,50 mg+0.50 mg+61.80 mg,163
14068,OME,allopathic,4,1199,20 mg,215
14069,OME,allopathic,4,1199,40 mg,215
14070,Omeben,allopathic,4,1199,20 mg,34
14071,Omeben,allopathic,4,1199,40 mg,34
14072,Omeben MUPS,allopathic,49,1200,20 mg,34
14073,Omecap,allopathic,4,1199,20 mg,48
14074,Omecap,allopathic,38,1199,40 mg/vial,48
14075,Omecare,allopathic,4,1199,40 mg,157
14076,Omecent,allopathic,4,1199,20 mg,45
14077,Omecent,allopathic,4,1199,40 mg,45
14078,Omecron,allopathic,4,1199,20 mg,155
14079,Omecron,allopathic,4,1199,40 mg,155
14080,Omectil,allopathic,4,1199,20 mg,231
14081,Omegaven,allopathic,37,845,10%,191
14082,Omegut,allopathic,4,1199,20 mg,185
14083,Omegut,allopathic,4,1199,40 mg,185
14084,Omegut,allopathic,38,1199,40 mg/vial,185
14085,Omel,allopathic,4,1199,20 mg,135
14086,Omel,allopathic,4,1199,40 mg,135
14087,Omelet,allopathic,4,1199,20 mg,18
14088,Omelet,allopathic,4,1199,40 mg,18
14089,Omelock,allopathic,4,1199,20 mg,163
14090,Omelock,allopathic,4,1199,40 mg,163
14091,Omemed,allopathic,4,1199,20 mg,137
14092,Omemed,allopathic,4,1199,40 mg,137
14093,Omenaaf,allopathic,4,1199,20 mg,149
14094,Omenix,allopathic,4,1199,20 mg,106
14095,Omenix,allopathic,4,1199,40 mg,106
14096,Omenix,allopathic,38,1199,40 mg/vial,106
14097,Omenix,allopathic,67,1199,20 mg/sachet,106
14098,Omenix,allopathic,67,1199,40 mg/sachet,106
14099,Omenta,allopathic,4,1199,20 mg,114
14100,Omenta,allopathic,38,1199,40 mg/vial,114
14101,Omep,allopathic,4,1199,10 mg,25
14102,Omep,allopathic,4,1199,20 mg,25
14103,Omep,allopathic,4,1199,40 mg,25
14104,Omep,allopathic,38,1199,40 mg/vial,25
14105,Omepra,allopathic,4,1199,20 mg,9
14106,Omepra,allopathic,4,1199,40 mg,9
14107,Omeprol,allopathic,4,1199,20 mg,240
14108,Omeprol,allopathic,4,1199,40 mg,240
14109,Omeprol,allopathic,38,1199,40 mg/vial,240
14110,Omesil,allopathic,4,1199,20 mg,212
14111,Omesil,allopathic,4,1199,40 mg,212
14112,Omesoft,allopathic,2,1198,1000 mg,173
14113,Omet,allopathic,4,1199,20 mg,179
14114,Ometac,allopathic,4,1199,20 mg,150
14115,Ometac,allopathic,4,1199,40 mg,150
14116,Ometem,allopathic,4,1199,20 mg,224
14117,Ometem,allopathic,4,1199,40 mg,224
14118,Ometid,allopathic,4,1199,20 mg,165
14119,Ometid,allopathic,4,1199,40 mg,165
14120,Ometid,allopathic,38,1199,40 mg/vial,165
14121,Ometid MUPS,allopathic,49,1200,20 mg,165
14122,Ometid MUPS,allopathic,49,1200,40 mg,165
14123,Ometop,allopathic,4,1199,20 mg,160
14124,Ometor,allopathic,4,1199,20 mg,27
14125,Ometor,allopathic,4,1199,40 mg,27
14126,Ometor,allopathic,38,1199,40 mg/vial,27
14127,Omevir,allopathic,4,1199,20 mg,235
14128,Omex,allopathic,4,1199,20 mg,119
14129,Omex,allopathic,4,1199,40 mg,119
14130,Omex,allopathic,38,1199,40 mg/vial,119
14131,Omezole,allopathic,4,1199,20 mg,136
14132,OMG-3,allopathic,2,1198,1000 mg,66
14133,Omid,allopathic,70,524,5 mg/5 ml,63
14134,Omid,allopathic,92,524,10 mg,63
14135,Omidex,allopathic,4,1199,20 mg,141
14136,Omidon,allopathic,70,524,5 mg/5 ml,106
14137,Omidon,allopathic,72,524,5 mg/ml,106
14138,Omidon,allopathic,92,524,10 mg,106
14139,Omidon D,allopathic,14,524,10 mg,106
14140,Omilant,allopathic,4,1199,20 mg,96
14141,Omiloc,allopathic,4,1199,20 mg,120
14142,Omilux,allopathic,4,1199,20 mg,189
14143,Omirex,allopathic,4,1199,20 mg,113
14144,Omirex,allopathic,4,1199,40 mg,113
14145,Omitac,allopathic,4,1199,20 mg,82
14146,Omitin,allopathic,4,1199,20 mg,153
14147,Omitin,allopathic,4,1199,40 mg,153
14148,Omixen,allopathic,4,1199,20 mg,13
14149,Omizit,allopathic,4,1199,20 mg,226
14150,Omniclear,allopathic,38,847,350 mg/ml,106
14151,Omniderm,allopathic,11,544,1%+0.1%,185
14152,Omnimycin,allopathic,2,1568,500 mg,63
14153,Omnisef,allopathic,2,321,500 mg,166
14154,Omnisef,allopathic,75,321,125 mg/5 ml,166
14155,Omnitrope,allopathic,80,1497,5 mg/1.5 ml,206
14156,Omnitrope,allopathic,80,1497,5 mg/1.5 ml,206
14157,Omnivit,allopathic,2,287,,35
14158,O-Morphon,allopathic,30,1221,1 mg/ml,240
14159,O-Morphon,allopathic,92,1221,10 mg,240
14160,Ompa,allopathic,4,1199,20 mg,207
14161,Omrazol,allopathic,4,1199,20 mg,5
14162,Omrazol,allopathic,4,1199,40 mg,5
14163,Omsec,allopathic,4,1199,20 mg,225
14164,Omsec,allopathic,38,1199,40 mg/vial,225
14165,Onamis,allopathic,92,1201,8 mg,20
14166,Onaseron,allopathic,26,1201,8 mg/4 ml,106
14167,Onaseron,allopathic,69,1201,4 mg/5 ml,106
14168,Onaseron,allopathic,92,1201,8 mg,106
14169,Onaseron ODT,allopathic,14,1201,4 mg,106
14170,Onasia,allopathic,26,1201,8 mg/4 ml,171
14171,Onasia,allopathic,69,1201,4 mg/5 ml,171
14172,Onasia,allopathic,92,1201,8 mg,171
14173,Onatron,allopathic,69,1201,4 mg/5 ml,157
14174,Onatron,allopathic,92,1201,8 mg,157
14175,Onaxen,allopathic,69,1201,4 mg/5 ml,76
14176,Onbrez Breezhaler,allopathic,28,824,150 mcg,156
14177,Onclav,allopathic,75,90,(125 mg+31.25 mg)/5 ml,20
14178,Onclav,allopathic,92,90,500 mg+125 mg,20
14179,Oncodex,allopathic,26,1201,8 mg/4 ml,113
14180,Oncodex,allopathic,92,1201,4 mg,113
14181,Oncodex,allopathic,92,1201,8 mg,113
14182,Ondagen,allopathic,26,1201,8 mg/4 ml,84
14183,Ondamax,allopathic,69,1201,4 mg/5 ml,215
14184,Ondamax,allopathic,92,1201,8 mg,215
14185,Ondan,allopathic,92,1201,8 mg,229
14186,Ondason,allopathic,26,1201,8 mg/4 ml,66
14187,Ondason,allopathic,69,1201,4 mg/5 ml,66
14188,Ondason,allopathic,92,1201,8 mg,66
14189,One Alpha,allopathic,2,40,0.25 mcg,126
14190,One Gold,allopathic,92,1100,,20
14191,Onecal-D,allopathic,92,257,500 mg+200 IU,163
14192,Onecal-M,allopathic,92,258,,163
14193,Onecof,allopathic,91,66,15 mg/5 ml,163
14194,Onedex,allopathic,4,477,30 mg,163
14195,Onedex,allopathic,4,477,60 mg,163
14196,Onefix,allopathic,2,304,200 mg,155
14197,Onefix,allopathic,2,304,400 mg,155
14198,Onefix,allopathic,75,304,100 mg/5 ml,155
14199,Onepro,allopathic,4,586,20 mg,163
14200,Onepro,allopathic,4,586,40 mg,163
14201,Onepro,allopathic,95,586,20 mg,163
14202,Onepro,allopathic,95,586,40 mg,163
14203,Onesol,allopathic,23,597,66%+3.5%,163
14204,Onesol Advance,allopathic,23,339,0.5%+70%,163
14205,Onevit,allopathic,92,1572,100 mg,5
14206,Onicon,allopathic,75,652,50 mg/5 ml,239
14207,Onicon,allopathic,92,652,50 mg,239
14208,Onida,allopathic,70,1057,200 mg/5 ml,148
14209,Onida,allopathic,92,1057,400 mg,148
14210,Onium,allopathic,26,1580,5 mg/2 ml,171
14211,Onium,allopathic,91,1580,10 mg/5 ml,171
14212,Onium,allopathic,92,1580,50 mg,171
14213,Onlac,allopathic,69,911,3.35 gm/5 ml,163
14214,Onmet,allopathic,92,1039,500 mg,127
14215,Onmet,allopathic,92,1039,850 mg,127
14216,Onriva,allopathic,28,824,150 mcg,35
14217,Onriva,allopathic,28,824,75 mcg,35
14218,Onriva Plus,allopathic,28,822,110 mcg+50 mcg,35
14219,Onriva Trio,allopathic,28,823,150 mcg+50 mcg+160 mcg,35
14220,Onsat,allopathic,26,1201,8 mg/4 ml,35
14221,Onsat,allopathic,92,1201,8 mg,35
14222,Onsat OSF,allopathic,68,1201,4 mg,35
14223,Onsat OSF,allopathic,68,1201,8 mg,35
14224,Onstar,allopathic,69,1201,4 mg/5 ml,37
14225,Onstar ODT,allopathic,14,1201,8 mg,37
14226,Ontaxel,allopathic,37,1228,6 mg/ml,66
14227,Ontin,allopathic,91,324,5 mg/5 ml,73
14228,Ontin,allopathic,92,324,10 mg,73
14229,Onvas,allopathic,92,128,10 mg,163
14230,Onvas,allopathic,92,128,20 mg,163
14231,Onvicon,allopathic,70,1464,(500 mg+100 mg)/5 ml,163
14232,Onvicon Plus,allopathic,70,1465,(500 mg+267 mg+160 mg)/10 ml,163
14233,Onzid,allopathic,92,721,80 mg,127
14234,Onzid,allopathic,98,721,30 mg,127
14235,OP max,allopathic,4,1199,20 mg,53
14236,OP max,allopathic,4,1199,40 mg,53
14237,OP-20,allopathic,4,1199,20 mg,89
14238,OP-40,allopathic,4,1199,40 mg,89
14239,OP-40,allopathic,38,1199,40 mg/vial,89
14240,Opal,allopathic,4,1199,20 mg,101
14241,Opal,allopathic,4,1199,40 mg,101
14242,Opal,allopathic,38,1199,40 mg/vial,101
14243,Opalgic,allopathic,2,1604,50 mg,75
14244,Opanac,allopathic,63,1148,0.10%,35
14245,Opatin,allopathic,62,1196,0.10%,165
14246,Opatin DS,allopathic,62,1196,0.20%,165
14247,Opcare,allopathic,62,472,0.1%+0.5%,48
14248,Opcet,allopathic,62,325,0.24%,105
14249,Opcol,allopathic,62,1292,0.4%+0.3%,4
14250,Opdex,allopathic,62,366,0.3%+0.1%,153
14251,Opegus,allopathic,2,1382,200 mg,66
14252,Open,allopathic,75,1270,125 mg/5 ml,165
14253,Open,allopathic,92,1270,250 mg,165
14254,Open,allopathic,92,1270,500 mg,165
14255,Opexa,allopathic,92,198,20 mg,196
14256,Opezen,allopathic,95,1199,20 mg,239
14257,Opezen,allopathic,95,1199,40 mg,239
14258,Opezen-S,allopathic,67,1199,20 mg/sachet,239
14259,Opidol,allopathic,2,1604,50 mg,150
14260,Opifen,allopathic,30,626,100 mcg/2 ml,106
14261,Opifen,allopathic,92,626,100 mcg,106
14262,Opiren,allopathic,4,477,30 mg,24
14263,Opler,allopathic,62,471,0.10%,143
14264,Opra,allopathic,4,1199,20 mg,55
14265,Opsocrom,allopathic,62,1473,2%,164
14266,Opsomycetin,allopathic,70,332,125 mg/5 ml,165
14267,Opsonil,allopathic,24,346,50 mg/2 ml,165
14268,Opsonil,allopathic,92,346,100 mg,165
14269,Opsonil,allopathic,92,346,50 mg,165
14270,Opsophenicol,allopathic,61,331,1%,164
14271,Opsophenicol,allopathic,62,331,0.50%,164
14272,Opso-Rinse,allopathic,36,149,,164
14273,Opsovit,allopathic,26,1669,,165
14274,Opsovit,allopathic,91,1669,,165
14275,Opsovit,allopathic,92,1669,,165
14276,Opsovit C,allopathic,2,1670,,165
14277,Opsovit MM,allopathic,92,1098,,165
14278,Opsovit Z,allopathic,91,1671,,165
14279,Opsovit Z,allopathic,92,1671,,165
14280,Opsovit ZI,allopathic,91,861,,165
14281,Optabac,allopathic,62,331,0.50%,185
14282,Optacarpine,allopathic,62,1276,2%,185
14283,Optacid,allopathic,62,1515,20%,195
14284,Optacrom,allopathic,62,1473,2%,195
14285,Optadex,allopathic,62,472,0.1%+0.5%,195
14286,Optadin,allopathic,62,1196,0.10%,26
14287,Optadin-DS,allopathic,62,1196,0.20%,26
14288,Optafenac,allopathic,63,1148,0.10%,185
14289,Optafenac TS,allopathic,63,1148,0.30%,185
14290,Optafresh,allopathic,62,481,0.2%+0.2%,20
14291,Optagel,allopathic,112,798,2%,185
14292,Optagold,allopathic,20,,,105
14293,Optaloc,allopathic,62,193,0.50%,185
14294,Optaphenicol,allopathic,61,331,1%,195
14295,Optaphenicol,allopathic,62,331,0.50%,195
14296,Optavit,allopathic,20,,,185
14297,Optear,allopathic,62,1303,5% v/v,105
14298,Opthacol,allopathic,62,331,0.50%,66
14299,Opthaflox,allopathic,62,971,0.30%,66
14300,Opthamet,allopathic,62,99,0.05%+0.04%,66
14301,Opti Fusion,allopathic,62,1483,0.1%+0.5%,25
14302,Optibet,allopathic,62,193,0.25%,113
14303,Optichlor,allopathic,61,331,1%,113
14304,Optichlor,allopathic,62,331,0.50%,113
14305,Opticol,allopathic,62,331,0.50%,26
14306,Opticol-D,allopathic,62,472,0.1%+0.5%,26
14307,Optifen,allopathic,62,226,0.09%,89
14308,Optiflox,allopathic,62,971,0.30%,113
14309,Optilom,allopathic,62,971,0.30%,101
14310,Optimide,allopathic,62,1515,20%,113
14311,Optimin,allopathic,92,1014,25 mg+50 mg,54
14312,Optimox,allopathic,37,1088,400 mg/250 ml,25
14313,Optimox,allopathic,61,1089,0.50%,25
14314,Optimox,allopathic,62,1089,0.50%,25
14315,Optimox,allopathic,92,1090,400 mg,25
14316,Optimox XG,allopathic,62,1092,0.5%+0.4%,25
14317,Optipan,allopathic,62,1473,2%,113
14318,Optipeg-A,allopathic,80,1250,135 mcg/0.5 ml,106
14319,Optipeg-A,allopathic,80,1250,180 mcg/0.5 ml,106
14320,Optirex,allopathic,62,1303,5% v/v,113
14321,Optison-N,allopathic,61,186,0.1%+0.5%,164
14322,Optison-N,allopathic,62,186,0.1%+0.5%,164
14323,Optivas,allopathic,92,128,10 mg,53
14324,Optivas,allopathic,92,128,20 mg,53
14325,Optivir,allopathic,61,19,3%,37
14326,Opton,allopathic,4,586,20 mg,35
14327,Opton,allopathic,4,586,40 mg,35
14328,Opton,allopathic,38,586,40 mg/vial,35
14329,Opton,allopathic,95,586,20 mg,35
14330,Opton,allopathic,95,586,40 mg,35
14331,Opzin,allopathic,91,324,5 mg/5 ml,179
14332,Opzin,allopathic,92,324,10 mg,179
14333,OR,allopathic,92,1208,500 mg,239
14334,Ora K,allopathic,75,1270,125 mg/5 ml,63
14335,Ora K,allopathic,92,1270,250 mg,63
14336,Orabex,allopathic,2,1669,,113
14337,Orabex,allopathic,26,1669,,113
14338,Orabex,allopathic,26,1669,,113
14339,Orabex,allopathic,92,1669,,113
14340,Orabis,allopathic,92,208,2.5 mg,105
14341,Orabis,allopathic,92,208,5 mg,105
14342,Oracal,allopathic,92,253,500 mg,17
14343,Oracal D,allopathic,92,257,500 mg+200 IU,17
14344,Oracal M,allopathic,92,258,,17
14345,Oracyn-K,allopathic,75,1270,125 mg/5 ml,222
14346,Oracyn-K,allopathic,92,1270,250 mg,222
14347,Oracyn-K,allopathic,92,1270,500 mg,222
14348,Oradexon,allopathic,92,470,0.5 mg,161
14349,Oradin,allopathic,70,975,5 mg/5 ml,73
14350,Oradin,allopathic,92,975,10 mg,73
14351,Oradin FT,allopathic,14,975,10 mg,73
14352,Oradin Plus,allopathic,96,976,10 mg+240 mg,73
14353,Oradol,allopathic,26,896,30 mg/ml,25
14354,Oradol,allopathic,26,896,60 mg/2 ml,25
14355,Oradol,allopathic,92,896,10 mg,25
14356,Oraf,allopathic,2,652,150 mg,98
14357,Oraf,allopathic,2,652,50 mg,98
14358,Oraf,allopathic,75,652,50 mg/5 ml,98
14359,Orafen Plus,allopathic,24,496,(75 mg+20 mg)/2 ml,192
14360,Orafen SR,allopathic,100,494,100 mg,192
14361,Oragel-M,allopathic,65,1060,2% w/w,229
14362,Oragon,allopathic,92,548,150 mg,196
14363,Oral Varelon,allopathic,72,1203,1 dose=2 drop=0.1 ml,57
14364,Oral ZB,allopathic,91,1671,,2
14365,Oralax,allopathic,69,911,3.35 gm/5 ml,215
14366,Oral-C,allopathic,48,334,0.20%,229
14367,Oralfresh,allopathic,48,1033,,180
14368,Oralis,allopathic,48,1033,,165
14369,Oralis,allopathic,66,1629,,
14370,Oralis Cavicare,allopathic,48,1478,0.02%,165
14371,Oralis TTO,allopathic,104,1540,,
14372,Oralon,allopathic,48,334,0.20%,2
14373,Oralon,allopathic,65,335,1%,2
14374,Oral-Z,allopathic,91,1703,10 mg/5 ml,2
14375,Oral-Z,allopathic,92,1703,20 mg,2
14376,Oramet,allopathic,92,1039,500 mg,66
14377,Oramet,allopathic,92,1039,850 mg,66
14378,Oramet Plus,allopathic,92,1405,2 mg+500 mg,66
14379,Oramet-SR,allopathic,100,1039,1000 mg,66
14380,Oramet-SR,allopathic,100,1039,500 mg,66
14381,Oramycin,allopathic,2,1224,250 mg,63
14382,Oramycin,allopathic,92,1224,500 mg,63
14383,Oranex,allopathic,2,1605,500 mg,171
14384,Orasol Saline,allopathic,67,1205,13.95 gm,216
14385,Orasquin,allopathic,92,712,320 mg,106
14386,Oratics,allopathic,12,167,20% w/w,4
14387,Orazid,allopathic,92,721,80 mg,215
14388,Orazinc,allopathic,91,1703,10 mg/5 ml,150
14389,Orazinc,allopathic,92,1703,20 mg,150
14390,Orazinc-B,allopathic,91,861,,150
14391,Orbapin,allopathic,92,85,5 mg+20 mg,4
14392,Orbapin,allopathic,92,85,5 mg+40 mg,4
14393,Orbas,allopathic,92,1193,20 mg,4
14394,Orbas,allopathic,92,1193,40 mg,4
14395,Orbas Plus,allopathic,92,1194,20 mg+12.5 mg,4
14396,Orben,allopathic,9,34,400 mg,166
14397,Orbical,allopathic,92,253,500 mg,166
14398,Orbidex,allopathic,61,471,0.05%,185
14399,Orbidex,allopathic,62,471,0.10%,185
14400,Orbidex C,allopathic,62,472,0.1%+0.5%,185
14401,Orbidex G,allopathic,62,708,0.3%+0.1%,185
14402,Orbidex T,allopathic,61,474,0.1%+0.3%,185
14403,Orbidex T,allopathic,62,474,0.1%+0.3%,185
14404,Orbixim,allopathic,2,304,200 mg,166
14405,Orbixim,allopathic,75,304,100 mg/5 ml,166
14406,Orbizol,allopathic,70,1057,200 mg/5 ml,166
14407,Orbizol,allopathic,92,1057,400 mg,166
14408,Orbuten,allopathic,2,314,400 mg,25
14409,Orbuten,allopathic,75,314,90 mg/5 ml,25
14410,Orc,allopathic,26,896,30 mg/ml,150
14411,Orc,allopathic,26,896,60 mg/2 ml,150
14412,Orc,allopathic,92,896,10 mg,150
14413,Or-C,allopathic,9,1676,250 mg,166
14414,Orcef,allopathic,2,304,200 mg,196
14415,Orcef,allopathic,2,304,400 mg,196
14416,Orcef,allopathic,72,304,25 mg/ml,196
14417,Orcef,allopathic,75,304,100 mg/5 ml,196
14418,Orcef,allopathic,92,304,200 mg,196
14419,Orcef,allopathic,92,304,400 mg,196
14420,Orcef DS,allopathic,75,304,200 mg/5 ml,196
14421,Orcenac,allopathic,92,9,100 mg,167
14422,Orcical,allopathic,92,268,400 mg,105
14423,Orcical,allopathic,92,268,740 mg,105
14424,Orcipro,allopathic,92,364,500 mg,167
14425,Orcon,allopathic,2,652,150 mg,224
14426,Orcon,allopathic,2,652,50 mg,224
14427,Orextil,allopathic,92,316,250 mg,143
14428,Orextil,allopathic,92,316,500 mg,143
14429,Orfenac Plus,allopathic,24,496,(75 mg+20 mg)/2 ml,171
14430,Orfenac TR,allopathic,8,494,100 mg,171
14431,Orfix,allopathic,2,304,200 mg,148
14432,Orfix DS,allopathic,75,304,200 mg/5 ml,148
14433,Orgabion,allopathic,92,,100 mg+200 mg+200 mcg,167
14434,Orgacef,allopathic,2,321,250 mg,167
14435,Orgacef,allopathic,2,321,500 mg,167
14436,Orgacef,allopathic,75,321,125 mg/5 ml,167
14437,Orgafen TR,allopathic,8,494,100 mg,167
14438,Orgaflu,allopathic,2,651,250 mg,167
14439,Orgaflu,allopathic,2,651,500 mg,167
14440,Orgalev,allopathic,92,945,500 mg,167
14441,Orgamox,allopathic,2,91,250 mg,167
14442,Orgamox,allopathic,2,91,500 mg,167
14443,Orgatril,allopathic,92,992,5 mg,161
14444,Orgaxim,allopathic,2,304,200 mg,167
14445,Orgaxim,allopathic,2,304,400 mg,167
14446,Orgaxim,allopathic,75,304,100 mg/5 ml,167
14447,Orgazinc,allopathic,91,1703,10 mg/5 ml,167
14448,Orgazith,allopathic,2,142,250 mg,167
14449,Orgazith,allopathic,75,142,200 mg/5 ml,167
14450,Orgazith,allopathic,92,142,500 mg,167
14451,Orgic,allopathic,92,721,80 mg,166
14452,Orgy,allopathic,91,324,5 mg/5 ml,120
14453,Orgy,allopathic,92,324,10 mg,120
14454,Oricef,allopathic,24,315,1 gm/vial,101
14455,Oricef,allopathic,24,315,250 mg/vial,101
14456,Oricef,allopathic,24,315,500 mg/vial,101
14457,Oricef,allopathic,38,315,1 gm/vial,101
14458,Oricef,allopathic,38,315,250 mg/vial,101
14459,Oricef,allopathic,38,315,2 gm/vial,101
14460,Oricef,allopathic,38,315,500 mg/vial,101
14461,Oricox,allopathic,92,614,120 mg,106
14462,Oricox,allopathic,92,614,60 mg,106
14463,Oricox,allopathic,92,614,90 mg,106
14464,Orifen,allopathic,92,9,100 mg,212
14465,Origano DR,allopathic,94,1119,180 mg,106
14466,Origano DR,allopathic,94,1119,360 mg,106
14467,Origolix,allopathic,92,548,150 mg,106
14468,Origolix,allopathic,92,548,200 mg,106
14469,Orili,allopathic,92,548,200 mg,217
14470,Orin,allopathic,70,975,5 mg/5 ml,4
14471,Orin,allopathic,92,975,10 mg,4
14472,Orinex,allopathic,92,462,5 mg,4
14473,Orinil,allopathic,92,490,5 mg,
14474,Oriodox,allopathic,2,533,100 mg,171
14475,Orioplex,allopathic,91,1669,,171
14476,Orioplex,allopathic,92,1669,,171
14477,Orioplex-M,allopathic,92,1098,,171
14478,Orizone,allopathic,38,315,1 gm/vial,178
14479,Orizone,allopathic,38,315,2 gm/vial,178
14480,Orizone,allopathic,38,315,500 mg/vial,178
14481,Orlev,allopathic,37,945,500 mg/100 ml,170
14482,Orlev,allopathic,92,945,250 mg,170
14483,Orlev,allopathic,92,945,500 mg,170
14484,Orlev,allopathic,92,945,500 mg,171
14485,Orlifit,allopathic,2,1207,120 mg,165
14486,Orlifit,allopathic,2,1207,60 mg,165
14487,Orlo,allopathic,70,975,5 mg/5 ml,166
14488,Orlo,allopathic,92,975,10 mg,166
14489,Ormet,allopathic,70,1057,200 mg/5 ml,32
14490,Ormet,allopathic,92,1057,400 mg,32
14491,Ormico,allopathic,65,1060,2% w/w,173
14492,Ormin,allopathic,92,1039,500 mg,171
14493,Ormin,allopathic,92,1039,850 mg,171
14494,Ornical,allopathic,2,1207,120 mg,2
14495,Ornid,allopathic,92,1208,500 mg,66
14496,Ornil,allopathic,92,1208,500 mg,165
14497,Ornizol,allopathic,92,1208,500 mg,9
14498,Ornys,allopathic,70,1183,100000 unit/ml,119
14499,Orobac,allopathic,92,302,200 mg,106
14500,Orocal Kit,allopathic,92,808,150 mg & 400 mg,240
14501,Orocal Kit,allopathic,92,808,150 mg & 740 mg,240
14502,Orocare,allopathic,65,1060,2% w/w,158
14503,Oroclean Coolmint,allopathic,48,1033,,106
14504,Oroclean Original,allopathic,48,1033,,106
14505,Oroconazol,allopathic,65,1060,2% w/w,106
14506,Orocure,allopathic,72,1459,67 mg/ml,67
14507,Orofer,allopathic,91,861,,229
14508,Orofer,allopathic,92,860,47 mg+0.5 mg+22.5 mg,229
14509,Orofresh OS,allopathic,69,1381,5%+1%,240
14510,Orogel,allopathic,12,167,20%,217
14511,Orogurd,allopathic,65,1060,2% w/w,73
14512,Oromax,allopathic,65,1060,2% w/w,226
14513,Oropem,allopathic,39,1036,1 gm/vial,75
14514,Ororinse,allopathic,48,334,0.20%,106
14515,Orostar Cool Mint,allopathic,48,1033,,217
14516,Orostar Original,allopathic,48,1033,,217
14517,Orostar Plus,allopathic,48,615,,217
14518,Orotifen,allopathic,91,899,1 mg/5 ml,84
14519,Orotifen,allopathic,92,899,1 mg,84
14520,Orozole,allopathic,92,1057,400 mg,189
14521,Orpa Plus,allopathic,92,1240,500 mg+65 mg,32
14522,Orpra,allopathic,4,1199,20 mg,166
14523,Orpra,allopathic,4,1199,40 mg,166
14524,ORS,allopathic,67,1205,10.25 gm,185
14525,Orsal,allopathic,91,1419,2 mg/5 ml,171
14526,ORSaline Fruity,allopathic,67,1204,,114
14527,ORSaline-N,allopathic,67,1205,10.25 gm,4
14528,Orsaline-N,allopathic,67,1205,13.95 gm,42
14529,Orsema,allopathic,80,1444,0.25 mg/dose,106
14530,Orsema,allopathic,80,1444,0.50 mg/dose,106
14531,ORS-Jayson,allopathic,67,1205,10.25 gm,113
14532,Ortac,allopathic,26,1368,50 mg/2 ml,171
14533,Ortac,allopathic,92,1368,150 mg,171
14534,Orthocal,allopathic,92,253,500 mg,37
14535,Orthocal-D,allopathic,92,257,500 mg+200 IU,37
14536,Ortho-D3,allopathic,2,410,40000 IU,37
14537,Ortho-D3,allopathic,69,410,1000 IU/5 ml,37
14538,Ortho-D3,allopathic,92,410,1000 IU,37
14539,Ortho-D3,allopathic,92,410,2000 IU,37
14540,Orthogen,allopathic,92,1635,20 mg+750 mg+50 mg+0.75 mg,4
14541,Orthorate,allopathic,92,268,400 mg,37
14542,Ortical,allopathic,92,268,400 mg,165
14543,Ortical,allopathic,92,268,740 mg,165
14544,Orva,allopathic,92,128,10 mg,222
14545,Orva,allopathic,92,128,20 mg,222
14546,Orvatin,allopathic,92,128,10 mg,119
14547,Orvatin,allopathic,92,128,20 mg,119
14548,Orxen,allopathic,92,1133,250 mg,166
14549,Orxen,allopathic,92,1133,500 mg,166
14550,Oryx,allopathic,24,315,1 gm/vial,192
14551,Oryx,allopathic,24,315,250 mg/vial,192
14552,Oryx,allopathic,24,315,500 mg/vial,192
14553,Oryx,allopathic,38,315,1 gm/vial,192
14554,Oryx,allopathic,38,315,250 mg/vial,192
14555,Oryx,allopathic,38,315,2 gm/vial,192
14556,Oryx,allopathic,38,315,500 mg/vial,192
14557,Oryza,allopathic,48,172,0.15%,106
14558,Orzith,allopathic,75,142,200 mg/5 ml,166
14559,Orzith,allopathic,92,142,500 mg,166
14560,Orzolol,allopathic,62,528,2%+0.5%,164
14561,Osartan,allopathic,92,982,25 mg,25
14562,Osartan,allopathic,92,982,50 mg,25
14563,Osartan-HZ,allopathic,92,983,50 mg+12.5 mg,25
14564,Osartek,allopathic,92,982,25 mg,179
14565,Osartek,allopathic,92,982,50 mg,179
14566,Osartil,allopathic,92,982,100 mg,106
14567,Osartil,allopathic,92,982,25 mg,106
14568,Osartil,allopathic,92,982,50 mg,106
14569,Osartil Plus,allopathic,92,983,100 mg+12.5 mg,106
14570,Osartil Plus,allopathic,92,983,100 mg+25 mg,106
14571,Osartil Plus,allopathic,92,983,50 mg+12.5 mg,106
14572,Oscal,allopathic,92,253,500 mg,229
14573,Oscal-D,allopathic,92,257,500 mg+400 IU,229
14574,Oscal-D Forte,allopathic,92,257,600 mg+400 IU,229
14575,Oscal-M,allopathic,92,258,,229
14576,Oscard,allopathic,92,983,50 mg+12.5 mg,210
14577,Osecton,allopathic,4,1199,20 mg,205
14578,Osedan,allopathic,92,1201,8 mg,75
14579,Oseflu,allopathic,2,1209,75 mg,35
14580,Osetron,allopathic,26,1201,8 mg/4 ml,2
14581,Osetron,allopathic,69,1201,4 mg/5 ml,2
14582,Osetron,allopathic,92,1201,8 mg,2
14583,Osicent,allopathic,92,1210,80 mg,106
14584,Osimert,allopathic,92,1210,80 mg,76
14585,Osinib,allopathic,92,1210,80 mg,66
14586,Osmifen,allopathic,92,1211,60 mg,161
14587,Osmigen,allopathic,92,1210,80 mg,84
14588,Osmina,allopathic,92,1211,60 mg,150
14589,Osmin-D,allopathic,92,257,500 mg+200 IU,133
14590,Osmolax,allopathic,69,911,3.35 gm/5 ml,217
14591,Osmosol,allopathic,37,1005,20%,35
14592,Osmotic,allopathic,37,1005,20%,185
14593,Osovast,allopathic,92,1406,10 mg,20
14594,Ossi,allopathic,92,253,500 mg,120
14595,Ossi D,allopathic,92,257,500 mg+200 IU,120
14596,OST,allopathic,92,,100 mg+200 mg+200 mcg,46
14597,Ostacid,allopathic,92,253,500 mg,192
14598,Ostacid-D,allopathic,92,257,500 mg+200 IU,192
14599,Ostan,allopathic,92,982,25 mg,196
14600,Ostan,allopathic,92,982,50 mg,196
14601,Ostan Plus,allopathic,92,983,100 mg+25 mg,196
14602,Ostan Plus,allopathic,92,983,50 mg+12.5 mg,196
14603,Ostelac,allopathic,92,896,10 mg,221
14604,Ostel-D,allopathic,92,39,70 mg+2800 IU,217
14605,Ostelin-D,allopathic,92,257,500 mg+200 IU,76
14606,Osteo-D,allopathic,2,410,20000 IU,106
14607,Osteo-D,allopathic,2,410,40000 IU,106
14608,Osteo-D,allopathic,14,410,1000 IU,106
14609,Osteo-D,allopathic,24,410,200000 IU/ml,106
14610,Osteo-D,allopathic,72,410,200 IU/ml,106
14611,Osteonil,allopathic,92,807,150 mg,108
14612,Ostiban,allopathic,92,807,150 mg,73
14613,Osticare,allopathic,92,729,750 mg+50 mg,73
14614,Ostim,allopathic,92,253,500 mg,98
14615,Ostim-D,allopathic,92,257,500 mg+200 IU,98
14616,Ostimet,allopathic,92,253,500 mg,235
14617,Ostimet-D,allopathic,92,257,500 mg+200 IU,235
14618,Ostium Gold,allopathic,92,1100,,19
14619,Ostocal,allopathic,92,253,500 mg,73
14620,Ostocal D,allopathic,9,257,500 mg+200 IU,73
14621,Ostocal D,allopathic,92,257,500 mg+200 IU,73
14622,Ostocal DX,allopathic,9,257,600 mg+400 IU,73
14623,Ostocal DX,allopathic,92,257,600 mg+400 IU,73
14624,Ostocal G,allopathic,92,255,500 mg+200 IU,73
14625,Ostocal GX,allopathic,92,255,600 mg+400 IU,73
14626,Ostocal JR,allopathic,9,253,250 mg,73
14627,Ostocal M,allopathic,92,258,,73
14628,Ostocal Vita,allopathic,18,266,1358.196 mg+600 mg+400 IU,73
14629,Ostocal-C,allopathic,18,264,1000 mg+327 mg+500 mg,73
14630,Ostocin,allopathic,11,279,0.025% w/w,84
14631,Ostocurb,allopathic,92,253,500 mg,8
14632,Ostofid Plus,allopathic,92,727,250 mg+200 mg,226
14633,Ostoflex,allopathic,92,9,100 mg,215
14634,Ostogen,allopathic,92,253,500 mg,165
14635,Ostogen Bone,allopathic,92,251,,165
14636,Ostogen C,allopathic,18,264,1000 mg+327 mg+500 mg,165
14637,Ostogen C Plus,allopathic,18,265,1000 mg+327 mg+500 mg+400 IU,165
14638,Ostogen D,allopathic,92,257,500 mg+200 IU,165
14639,Ostogen D Forte,allopathic,92,257,600 mg+400 IU,165
14640,Ostogen Jr.,allopathic,9,253,250 mg,165
14641,Ostogen Plus,allopathic,92,258,,165
14642,Ostomax,allopathic,92,38,10 mg,73
14643,Ostomax,allopathic,92,38,70 mg,73
14644,Ostomax D,allopathic,92,39,70 mg+2800 IU,73
14645,Ostometa,allopathic,37,1705,4 mg/5 ml,225
14646,Ostoplus,allopathic,92,253,500 mg,63
14647,Ostoplus-Coral DX,allopathic,92,255,600 mg+400 IU,63
14648,Ostoplus-D,allopathic,92,257,500 mg+200 IU,63
14649,Ostorate,allopathic,92,268,400 mg,164
14650,Ostorate,allopathic,92,268,740 mg,164
14651,Ostoref D,allopathic,92,255,500 mg+200 IU,165
14652,Ostoref DX,allopathic,92,255,600 mg+400 IU,165
14653,Ostorin,allopathic,92,729,750 mg+50 mg,105
14654,Ostovit D,allopathic,2,410,20000 IU,73
14655,Ostovit D,allopathic,2,410,40000 IU,73
14656,Ostovit D,allopathic,18,265,1000 mg+327 mg+500 mg+400 IU,73
14657,Ostovit D,allopathic,92,410,1000 IU,73
14658,Ostriol,allopathic,2,249,0.25 mcg,155
14659,Ostylon,herbal,2,469,400 mg,72
14660,Osyn-20,allopathic,4,1199,20 mg,145
14661,Otelast,allopathic,92,105,10 mg,217
14662,Otelast,allopathic,92,105,30 mg,217
14663,Othera,allopathic,38,587,40 mg/vial,2
14664,Othera,allopathic,49,587,20 mg,2
14665,Othera,allopathic,49,587,40 mg,2
14666,Otholon,allopathic,63,665,0.10%,150
14667,Oticef,allopathic,2,298,500 mg,9
14668,Oticef,allopathic,72,298,125 mg/1.25 ml,9
14669,Oticef,allopathic,75,298,125 mg/5 ml,9
14670,Oticlor,allopathic,2,298,500 mg,106
14671,Oticlor,allopathic,72,298,125 mg/1.25 ml,106
14672,Oticlor,allopathic,75,298,125 mg/5 ml,106
14673,Otonix,allopathic,95,1237,20 mg,174
14674,Otonix,allopathic,95,1237,40 mg,174
14675,OTO-Plus,allopathic,15,333,5%+1%,67
14676,Otosil,allopathic,69,1331,5 mg/5 ml,165
14677,Otosil,allopathic,92,1331,10 mg,165
14678,Otosil,allopathic,92,1331,25 mg,165
14679,Otosporin,allopathic,15,785,(10 mg+3400 Units+10000 Units)/ml,88
14680,OTsol,allopathic,23,339,0.5%+70%,135
14681,Ovacon Gold,allopathic,92,607,0.0375 mg+0.75 mg,114
14682,Ovanil,allopathic,91,934,40 mg/5 ml,181
14683,Ovaxa,allopathic,2,1163,100 mg,114
14684,Ovazol,allopathic,92,932,2.5 mg,2
14685,Ovel,allopathic,62,944,0.50%,25
14686,Ovel,allopathic,92,945,500 mg,25
14687,Ovel TS,allopathic,62,944,1.50%,25
14688,Ovestin,allopathic,92,592,1 mg,161
14689,Ovestin,allopathic,107,593,0.10%,161
14690,Ovidrel,allopathic,30,349,250 mcg/0.5 ml,138
14691,Ovit-A,allopathic,2,1667,200000 IU,165
14692,Ovit-A,allopathic,2,1667,50000 IU,165
14693,Ovit-E,herbal,2,1681,200 IU,165
14694,Ovit-E,herbal,2,1681,400 IU,165
14695,Ovocal-D,allopathic,92,256,500 mg+200 IU,31
14696,Ovocal-DX,allopathic,92,256,600 mg+400 IU,31
14697,Ovostat Gold,allopathic,92,607,0.0375 mg+0.75 mg,161
14698,Ovuclon,allopathic,92,387,100 mg,106
14699,Ovuclon,allopathic,92,387,50 mg,106
14700,Ovulet,allopathic,92,387,100 mg,196
14701,Ovulet,allopathic,92,387,50 mg,196
14702,Oxaban,allopathic,92,1398,10 mg,229
14703,Oxacin,allopathic,2,1224,250 mg,
14704,Oxacol,allopathic,2,651,500 mg,5
14705,Oxagon,allopathic,38,282,100 mcg/ml,101
14706,Oxaliplat,allopathic,37,1212,5 mg/ml,101
14707,Oxaliplatin AqVida,allopathic,37,1212,5 mg/ml,23
14708,Oxaliplatin SANDOZ,allopathic,37,1212,5 mg/ml,206
14709,Oxalotin,allopathic,37,1212,5 mg/ml,225
14710,Oxapro,allopathic,92,583,10 mg,217
14711,Oxapro,allopathic,92,583,5 mg,217
14712,Oxat,allopathic,92,1244,20 mg,217
14713,Oxator,allopathic,37,1212,5 mg/ml,73
14714,Oxcarb XR,allopathic,96,1215,150 mg,196
14715,Oxcarb XR,allopathic,96,1215,300 mg,196
14716,Oxcarb XR,allopathic,96,1215,600 mg,196
14717,Oxecone,allopathic,70,57,(250 mg+400 mg)/5 ml,4
14718,Oxecone-M,allopathic,70,996,400 mg/5 ml,4
14719,Oxecone-MS,allopathic,70,997,(480 mg+20 mg)/5 ml,4
14720,Oxecone-S,allopathic,70,58,(400 mg+400 mg+30 mg)/5 ml,4
14721,Oxecylin,allopathic,2,1224,250 mg,4
14722,Oxetin,allopathic,2,667,20 mg,61
14723,Oxetol,allopathic,92,1215,150 mg,219
14724,Oxetol,allopathic,92,1215,300 mg,219
14725,Oxfort,allopathic,92,178,6 mg+200 mg+50 mg,195
14726,Oxicam,allopathic,92,1555,20 mg,2
14727,Oxid,allopathic,92,178,6 mg+200 mg+50 mg,135
14728,Oxiflam,allopathic,92,1555,20 mg,105
14729,Oxifun,allopathic,11,1216,1%,217
14730,Oxifun,allopathic,45,1216,1%,217
14731,Oxifyl CR,allopathic,93,1258,400 mg,217
14732,Oxigel,allopathic,101,171,2.50%,229
14733,Oxigel,allopathic,101,171,5%,229
14734,Oxigel Wash,allopathic,101,171,5%,229
14735,Oxima,allopathic,28,824,150 mcg,2
14736,Oxima,allopathic,28,824,300 mcg,2
14737,Oxima,allopathic,28,824,75 mcg,2
14738,Oxima Plus,allopathic,28,822,110 mcg+50 mcg,2
14739,Oxipin,allopathic,92,1215,300 mg,108
14740,Oxiplat,allopathic,37,1212,5 mg/ml,66
14741,Oxi-Q,herbal,2,408,30 mg,155
14742,Oxi-Q,herbal,2,408,60 mg,155
14743,Oxiquin,allopathic,92,794,200 mg,171
14744,Oxiquin,allopathic,92,794,400 mg,171
14745,Oxitab,allopathic,92,178,6 mg+200 mg+50 mg,145
14746,Oxivit,allopathic,92,178,6 mg+200 mg+50 mg,179
14747,Oxizol,allopathic,11,1216,1%,106
14748,Oxizol,allopathic,45,1216,1%,106
14749,Oxofyline,allopathic,92,531,200 mg,101
14750,Oxofyline,allopathic,92,531,400 mg,101
14751,Oxpro,allopathic,92,364,250 mg,231
14752,Oxpro,allopathic,92,364,500 mg,231
14753,Oxrin,allopathic,52,1220,0.03%,89
14754,Oxrin,allopathic,52,1220,0.05%,89
14755,Oxycaine,allopathic,62,1217,0.40%,195
14756,Oxycol,allopathic,92,1641,150 mg,229
14757,Oxycol,allopathic,92,1641,300 mg,229
14758,Oxydrop,allopathic,52,1220,0.03%,155
14759,Oxydrop,allopathic,52,1220,0.05%,155
14760,Oxyface,allopathic,11,1219,1%,150
14761,OxyFast,allopathic,54,1220,0.05%,155
14762,Oxyfer,allopathic,39,630,1 gm/20 ml,105
14763,Oxyfer,allopathic,39,630,500 mg/10 ml,105
14764,Oxyfer,allopathic,39,630,750 mg/15 ml,105
14765,Oxymet,allopathic,52,1220,0.03%,164
14766,Oxymet,allopathic,52,1220,0.05%,164
14767,Oxynex,allopathic,52,1220,0.03%,165
14768,Oxynex,allopathic,52,1220,0.05%,165
14769,Oxynex,allopathic,54,1220,0.05%,165
14770,Oxytetracycline,allopathic,2,1224,250 mg,194
14771,Oxyton,allopathic,26,1226,5 IU/ml,196
14772,Oxyton DS,allopathic,26,1226,10 IU/ml,196
14773,Oxyzolin,allopathic,52,1220,0.03%,82
14774,Oxyzolin,allopathic,52,1220,0.05%,82
14775,Ozil,allopathic,92,1191,10 mg,92
14776,Ozil,allopathic,92,1191,5 mg,92
14777,Ozink,allopathic,91,1703,10 mg/5 ml,163
14778,Ozink-B,allopathic,91,1671,,163
14779,Ozole,allopathic,4,1199,20 mg,174
14780,P Lac,allopathic,69,911,3.35 gm/5 ml,179
14781,P Phos,allopathic,92,1315,15 mg,104
14782,P+C,allopathic,92,1240,500 mg+65 mg,9
14783,P-20,allopathic,95,1237,20 mg,26
14784,P-40,allopathic,95,1237,40 mg,26
14785,PAC,allopathic,92,1240,500 mg+65 mg,105
14786,Pace,allopathic,92,1240,500 mg+65 mg,134
14787,Pacet,allopathic,92,76,100 mg,35
14788,Pacet,allopathic,92,76,200 mg,35
14789,Pacibion,allopathic,24,,(100 mg+100 mg+1 mg)/3 ml,173
14790,Pacibion,allopathic,92,,100 mg+200 mg+200 mcg,173
14791,Pacin-V,allopathic,92,1270,250 mg,239
14792,Pacli,allopathic,37,1228,6 mg/ml,35
14793,Paclitaxel Actavis,allopathic,37,1228,6 mg/ml,40
14794,Paclitaxel AqVida,allopathic,37,1228,6 mg/ml,23
14795,Paclitaxel PhaRes,allopathic,37,1228,6 mg/ml,176
14796,Paclitaxel SANDOZ,allopathic,37,1228,6 mg/ml,206
14797,Paclitex,allopathic,37,1228,6 mg/ml,225
14798,Paclitor,allopathic,37,1228,6 mg/ml,73
14799,Pactorin,allopathic,104,1173,400 mcg/spray,2
14800,Pactorin Retard,allopathic,79,1172,2.6 mg,2
14801,Paftrol,allopathic,69,1411,5 mg/5 ml,150
14802,Paftrol,allopathic,92,1411,10 mg,150
14803,Pagerd,allopathic,95,1237,20 mg,167
14804,Pagerd,allopathic,95,1237,40 mg,167
14805,Pain Zero TR,allopathic,8,494,100 mg,194
14806,Painac-TR,allopathic,8,494,100 mg,202
14807,Paincare,allopathic,94,1134,375 mg+20 mg,122
14808,Paincare,allopathic,94,1134,500 mg+20 mg,122
14809,Painex,allopathic,92,9,100 mg,48
14810,Painfree,allopathic,92,896,10 mg,189
14811,Painil,allopathic,70,1238,120 mg/5 ml,120
14812,Painil,allopathic,92,1238,500 mg,120
14813,Painil Plus,allopathic,92,1240,500 mg+65 mg,120
14814,Painkil,allopathic,92,9,100 mg,233
14815,Painlok,allopathic,92,896,10 mg,160
14816,Painmove,allopathic,11,1046,30%+8%,226
14817,Paino,allopathic,92,9,100 mg,73
14818,Painthol,herbal,50,1031,(25.40 mg+14.30 mg+4.20 mg+0.05 mg)/gm,119
14819,Pair,allopathic,26,896,30 mg/ml,66
14820,Pair,allopathic,62,897,0.50%,66
14821,Pair,allopathic,92,896,10 mg,66
14822,Pairox,allopathic,92,1133,250 mg,26
14823,Pairox,allopathic,92,1133,500 mg,26
14824,Palanomed,allopathic,92,1233,0.5 mg,137
14825,Palbo,allopathic,2,1230,125 mg,66
14826,Palbocent,allopathic,2,1230,125 mg,106
14827,Palboxen,allopathic,2,1230,125 mg,76
14828,Palcef,allopathic,2,301,300 mg,196
14829,Palcef,allopathic,75,301,125 mg/5 ml,196
14830,Palcef DS,allopathic,75,301,250 mg/5 ml,196
14831,Palcigen,allopathic,2,1230,125 mg,84
14832,Palimax ER,allopathic,96,1231,1.5 mg,2
14833,Palimax ER,allopathic,96,1231,3 mg,2
14834,Palimax ER,allopathic,96,1231,6 mg,2
14835,Palker,allopathic,2,1230,125 mg,31
14836,Palmet,herbal,2,1437,160 mg,99
14837,Palnox,allopathic,38,1233,0.25 mg/5 ml,66
14838,Palnox,allopathic,92,1233,0.5 mg,66
14839,Palon,allopathic,38,1233,0.075 mg/1.5 ml,180
14840,Palon,allopathic,38,1233,0.25 mg/5 ml,180
14841,Palon,allopathic,92,1233,0.5 mg,180
14842,Palopag,allopathic,92,1443,200 mg,106
14843,Palopag,allopathic,92,1443,400 mg,106
14844,Palorex,allopathic,92,1233,0.5 mg,114
14845,Paloron,allopathic,38,1233,0.075 mg/1.5 ml,240
14846,Paloron,allopathic,38,1233,0.25 mg/5 ml,240
14847,Paloron,allopathic,92,1233,0.5 mg,240
14848,Paloron ODT,allopathic,14,1233,0.5 mg,240
14849,Paloset,allopathic,38,1233,0.075 mg/1.5 ml,217
14850,Paloset,allopathic,92,1233,0.5 mg,217
14851,Palosis,allopathic,2,1233,0.5 mg,73
14852,Palosis,allopathic,38,1233,0.075 mg/1.5 ml,73
14853,Palosis,allopathic,38,1233,0.25 mg/5 ml,73
14854,Palosis,allopathic,92,1233,0.5 mg,73
14855,Palostar,allopathic,38,1233,0.075 mg/1.5 ml,171
14856,Palostar,allopathic,92,1233,0.5 mg,171
14857,Palostat,allopathic,38,1233,0.075 mg/1.5 ml,105
14858,Palostat,allopathic,38,1233,0.25 mg/5 ml,105
14859,Palostat,allopathic,92,1233,0.5 mg,105
14860,Palotic,allopathic,38,1233,0.075 mg/1.5 ml,185
14861,Palotic,allopathic,38,1233,0.25 mg/5 ml,185
14862,Palotic,allopathic,92,1233,0.5 mg,185
14863,Paloxi,allopathic,2,1233,0.5 mg,31
14864,Paloxi,allopathic,38,1233,0.075 mg/1.5 ml,31
14865,Paloxi,allopathic,38,1233,0.25 mg/5 ml,31
14866,Paloxi,allopathic,92,1233,0.5 mg,31
14867,Paloxi DT,allopathic,14,1233,0.5 mg,31
14868,Paloxiron,allopathic,38,1233,0.075 mg/1.5 ml,106
14869,Paloxiron,allopathic,38,1233,0.25 mg/5 ml,106
14870,Paloxiron,allopathic,92,1233,0.5 mg,106
14871,Paltex,herbal,2,1437,160 mg,43
14872,Palzen,allopathic,38,1233,0.075 mg/1.5 ml,101
14873,Palzen,allopathic,38,1233,0.25 mg/5 ml,101
14874,Palzen,allopathic,92,1233,0.5 mg,101
14875,Pamel,allopathic,95,1237,20 mg,135
14876,Pamel,allopathic,95,1237,40 mg,135
14877,Pamix,allopathic,70,1238,120 mg/5 ml,240
14878,Pamix,allopathic,92,1238,500 mg,240
14879,Pamix Extra,allopathic,92,1240,500 mg+65 mg,240
14880,Pamulin,allopathic,58,1379,1%,150
14881,Panadol Extra,allopathic,92,1240,500 mg+65 mg,88
14882,Panagra,allopathic,92,1455,100 mg,53
14883,Panagra,allopathic,92,1455,50 mg,53
14884,Panaking,herbal,2,1234,100 mg,233
14885,Panalgin Plus,allopathic,92,1240,500 mg+65 mg,204
14886,Panalon,allopathic,30,1236,4 mg/2 ml,225
14887,Panamox,allopathic,9,1011,100 mg,113
14888,Panamox,allopathic,70,1011,100 mg/5 ml,113
14889,Panaseng,herbal,2,1234,100 mg,190
14890,Pancil,allopathic,92,356,100 mg,66
14891,Pandovir,allopathic,37,1377,5 mg/ml,31
14892,Pandura,allopathic,92,389,0.5 mg,155
14893,Pandura,allopathic,92,389,1 mg,155
14894,Pandura,allopathic,92,389,2 mg,155
14895,Panfast,allopathic,38,1237,40 mg/vial,143
14896,Panfre,allopathic,22,494,1% w/w,173
14897,Panfre,allopathic,24,494,75 mg/3 ml,173
14898,Panfre Plus,allopathic,92,498,50 mg+200 mcg,173
14899,Panfre SR,allopathic,7,494,100 mg,173
14900,Pangesic,allopathic,92,,325 mg+37.5 mg,196
14901,Panirid,allopathic,92,1244,20 mg,106
14902,Panium,allopathic,26,1580,5 mg/2 ml,150
14903,Panium,allopathic,91,1580,10 mg/5 ml,150
14904,Panium,allopathic,92,1580,50 mg,150
14905,Panlid,allopathic,24,496,(75 mg+20 mg)/2 ml,173
14906,Panloc,allopathic,95,1237,20 mg,120
14907,Panloc,allopathic,95,1237,40 mg,120
14908,Panodin SR,allopathic,100,612,600 mg,217
14909,Panol,allopathic,70,1238,120 mg/5 ml,235
14910,Panol,allopathic,92,1238,500 mg,235
14911,Panol Plus,allopathic,92,1240,500 mg+65 mg,235
14912,Panol-T,allopathic,92,,325 mg+37.5 mg,235
14913,Panoral,allopathic,95,1237,20 mg,73
14914,Panoral,allopathic,95,1237,40 mg,73
14915,Panosa,allopathic,95,1237,20 mg,211
14916,Panosa,allopathic,95,1237,40 mg,211
14917,Panoset,allopathic,38,1233,0.075 mg/1.5 ml,165
14918,Panoset,allopathic,38,1233,0.25 mg/5 ml,165
14919,Panoset,allopathic,92,1233,0.5 mg,165
14920,Panotem,allopathic,95,1237,20 mg,224
14921,Panotem,allopathic,95,1237,40 mg,224
14922,Panovir,allopathic,92,1494,400 mg+100 mg,106
14923,Panoz,allopathic,95,1237,20 mg,27
14924,Panprazo,allopathic,95,1237,20 mg,173
14925,Panprin,allopathic,95,1237,20 mg,
14926,Panprin,allopathic,95,1237,40 mg,
14927,Panpro,allopathic,38,1237,40 mg/vial,37
14928,Panpro,allopathic,95,1237,20 mg,37
14929,Panpro,allopathic,95,1237,40 mg,37
14930,Pansec,allopathic,38,1237,40 mg/vial,66
14931,Pansec,allopathic,95,1237,20 mg,66
14932,Pansec,allopathic,95,1237,40 mg,66
14933,Pansos,allopathic,95,1237,20 mg,155
14934,Pansos,allopathic,95,1237,40 mg,155
14935,Pantac,allopathic,95,1237,20 mg,150
14936,Pantac,allopathic,95,1237,40 mg,150
14937,Pantaloc,allopathic,95,1237,40 mg,8
14938,Pantex,allopathic,38,1237,40 mg/vial,2
14939,Pantex,allopathic,95,1237,20 mg,2
14940,Pantex,allopathic,95,1237,40 mg,2
14941,Pantid,allopathic,38,1237,40 mg/vial,165
14942,Pantid,allopathic,95,1237,20 mg,165
14943,Pantid,allopathic,95,1237,40 mg,165
14944,Pantium,allopathic,95,1237,20 mg,191
14945,Pantium,allopathic,95,1237,40 mg,191
14946,Panto,allopathic,95,1237,20 mg,215
14947,Panto,allopathic,95,1237,40 mg,215
14948,Panto SP,allopathic,95,1237,20 mg,207
14949,Panto SP,allopathic,95,1237,40 mg,207
14950,Pantobex,allopathic,38,1237,40 mg/vial,35
14951,Pantobex,allopathic,95,1237,20 mg,35
14952,Pantobex,allopathic,95,1237,40 mg,35
14953,Pantobio,allopathic,95,1237,20 mg,36
14954,Pantochem,allopathic,95,1237,20 mg,48
14955,Pantocure,allopathic,95,1237,20 mg,192
14956,Pantodac,allopathic,95,1237,20 mg,240
14957,Pantodac,allopathic,95,1237,40 mg,240
14958,Pantofast,allopathic,95,1237,20 mg,204
14959,Pantogen,allopathic,95,1237,20 mg,84
14960,Pantogen,allopathic,95,1237,40 mg,84
14961,Pantogut,allopathic,38,1237,40 mg/vial,185
14962,Pantogut,allopathic,95,1237,20 mg,185
14963,Pantogut,allopathic,95,1237,40 mg,185
14964,Pantolam,allopathic,95,1237,20 mg,166
14965,Pantolok,allopathic,38,1237,40 mg/vial,105
14966,Pantolok,allopathic,95,1237,20 mg,105
14967,Pantolok,allopathic,95,1237,40 mg,105
14968,Pantomax,allopathic,38,1237,40 mg/vial,178
14969,Panton-AX,allopathic,95,1237,20 mg,42
14970,Panton-AX,allopathic,95,1237,40 mg,42
14971,Pantonix,allopathic,38,1237,40 mg/vial,106
14972,Pantonix,allopathic,95,1237,20 mg,106
14973,Pantonix,allopathic,95,1237,40 mg,106
14974,Pantopan,allopathic,95,1237,20 mg,231
14975,Pantopra,allopathic,95,1237,20 mg,9
14976,Pantopra,allopathic,95,1237,40 mg,9
14977,Pantoprox,allopathic,95,1237,20 mg,114
14978,Pantoraz,allopathic,95,1237,20 mg,186
14979,Pantoraz,allopathic,95,1237,40 mg,186
14980,Pantosec,allopathic,38,1237,40 mg/vial,225
14981,Pantosil,allopathic,95,1237,20 mg,212
14982,Pantosil,allopathic,95,1237,40 mg,212
14983,Pantotop,allopathic,95,1237,20 mg,34
14984,Pantotop,allopathic,95,1237,40 mg,34
14985,Pantover,allopathic,38,1237,40 mg/vial,233
14986,Pantover,allopathic,95,1237,20 mg,233
14987,Pantozol,allopathic,95,1237,20 mg,82
14988,Pantozol,allopathic,95,1237,40 mg,82
14989,Pantrol,allopathic,95,1237,20 mg,20
14990,Pantrol,allopathic,95,1237,40 mg,20
14991,Panzer,allopathic,95,1237,20 mg,219
14992,Panzer,allopathic,95,1237,40 mg,219
14993,Panzol,allopathic,95,1237,20 mg,17
14994,Panzol,allopathic,95,1237,40 mg,17
14995,Papaya,herbal,2,293,250 mg,105
14996,Papilovax,allopathic,24,777,0.5 ml/dose,106
14997,Para,allopathic,70,1238,120 mg/5 ml,17
14998,Para,allopathic,72,1238,80 mg/ml,17
14999,Para,allopathic,92,1238,500 mg,17
15000,Para C,allopathic,92,1240,500 mg+65 mg,17
15001,Para Caf,allopathic,92,1240,500 mg+65 mg,207
15002,Para Fast,allopathic,92,1240,500 mg+65 mg,19
15003,Paracet Plus,allopathic,92,1240,500 mg+65 mg,226
15004,Paracin,allopathic,92,1240,500 mg+65 mg,179
15005,Paraciv,allopathic,37,1239,10 mg/ml,31
15006,Paradil,allopathic,70,1238,120 mg/5 ml,36
15007,Paradil Extra,allopathic,92,1240,500 mg+65 mg,36
15008,Parafol,allopathic,70,1238,120 mg/5 ml,231
15009,Parafresh,allopathic,61,1689,57.3%+42.5%+0.2%,105
15010,Paragesic,allopathic,92,1238,500 mg,114
15011,Paragesic-C,allopathic,92,1240,500 mg+65 mg,114
15012,Parajor,allopathic,70,1238,120 mg/5 ml,210
15013,Parajor,allopathic,92,1238,500 mg,210
15014,Parajor Plus,allopathic,92,1240,500 mg+65 mg,210
15015,Parakil,allopathic,92,879,6 mg,106
15016,Paramol,allopathic,70,1238,120 mg/5 ml,207
15017,Paramol,allopathic,92,1238,500 mg,207
15018,Parapyrol,allopathic,70,1238,120 mg/5 ml,88
15019,Parapyrol,allopathic,92,1238,500 mg,88
15020,Paratadol,allopathic,92,,325 mg+37.5 mg,75
15021,Paraxia,allopathic,70,1238,120 mg/5 ml,180
15022,Paraxia,allopathic,92,1238,500 mg,180
15023,Paraxia Plus,allopathic,92,1240,500 mg+65 mg,180
15024,Parcef,allopathic,24,315,1 gm/vial,113
15025,Parcef,allopathic,24,315,250 mg/vial,113
15026,Parcef,allopathic,24,315,500 mg/vial,113
15027,Parcef,allopathic,38,315,1 gm/vial,113
15028,Parcef,allopathic,38,315,250 mg/vial,113
15029,Parcef,allopathic,38,315,2 gm/vial,113
15030,Parcef,allopathic,38,315,500 mg/vial,113
15031,Paret,allopathic,92,1238,500 mg,172
15032,Paret Plus,allopathic,92,1240,500 mg+65 mg,172
15033,Parib,allopathic,2,1192,50 mg,66
15034,Parib,allopathic,92,1192,150 mg,66
15035,Paricap,allopathic,2,1243,1 mcg,66
15036,Paricel,allopathic,4,1358,20 mg,2
15037,Paricel,allopathic,95,1358,10 mg,2
15038,Paricel,allopathic,95,1358,20 mg,2
15039,Paridon,allopathic,70,524,5 mg/5 ml,66
15040,Paridon,allopathic,92,524,10 mg,66
15041,Parillex,allopathic,92,1580,50 mg,66
15042,Parinox,allopathic,80,561,2000 Anti-Xa IU/0.2 ml,106
15043,Parinox,allopathic,80,561,4000 Anti-Xa IU/0.4 ml,106
15044,Parinox,allopathic,80,561,6000 Anti-Xa IU/0.6 ml,106
15045,Parinox,allopathic,80,561,8000 Anti-Xa IU/0.8 ml,106
15046,Parix,allopathic,26,1242,40 mg/vial,73
15047,Parixol,allopathic,92,1305,180 mcg,2
15048,Parixol,allopathic,92,1305,88 mcg,2
15049,Parkifen,allopathic,92,1620,2 mg,229
15050,Parkifen,allopathic,92,1620,5 mg,229
15051,Parkinor,allopathic,92,942,100 mg+10 mg,185
15052,Parkitrol,allopathic,92,1620,2 mg,219
15053,Parkitrol,allopathic,92,1620,5 mg,219
15054,Parlox,allopathic,92,1500,200 mg,73
15055,Parnil DS,allopathic,9,34,400 mg,75
15056,Parotin,allopathic,92,1244,10 mg,2
15057,Parotin,allopathic,92,1244,20 mg,2
15058,Paroxet,allopathic,92,1244,20 mg,113
15059,Parten,allopathic,92,982,50 mg,113
15060,Parten Plus,allopathic,92,983,50 mg+12.5 mg,113
15061,Pase,allopathic,72,389,2.5 mg/ml,165
15062,Pase,allopathic,92,389,0.5 mg,165
15063,Pase,allopathic,92,389,1 mg,165
15064,Pase,allopathic,92,389,2 mg,165
15065,Pasmodil,allopathic,92,802,20 mg,204
15066,Patadin,allopathic,62,1196,0.10%,185
15067,Patadin DS,allopathic,62,1196,0.20%,185
15068,Patadin Max,allopathic,62,1196,0.70%,185
15069,Patalon,allopathic,62,1196,0.10%,105
15070,Patalon DS,allopathic,62,1196,0.20%,105
15071,Patalon Max,allopathic,62,1196,0.70%,105
15072,Patanix,allopathic,95,1237,20 mg,153
15073,Pathozil,allopathic,2,311,500 mg,73
15074,Pathozil,allopathic,75,311,250 mg/5 ml,73
15075,Patron,allopathic,38,1233,0.075 mg/1.5 ml,4
15076,Patron,allopathic,38,1233,0.25 mg/5 ml,4
15077,Patron,allopathic,92,1233,0.5 mg,4
15078,Pavigard,allopathic,92,1287,2 mg,4
15079,Pavitex,herbal,2,1234,500 mg,119
15080,Pax,allopathic,92,1240,500 mg+65 mg,133
15081,Paxel,allopathic,37,1228,6 mg/ml,101
15082,Paxovir,allopathic,92,1164,150 mg+100 mg,73
15083,Pazocent,allopathic,92,1246,200 mg,106
15084,Pazonib,allopathic,92,1246,200 mg,66
15085,Pazoren,allopathic,92,1246,200 mg,196
15086,PC-20,allopathic,95,1237,20 mg,46
15087,P-caine,allopathic,62,1336,0.50%,185
15088,P-Cef,allopathic,2,321,500 mg,179
15089,P-Cef,allopathic,72,321,125 mg/1.25 ml,179
15090,P-Cef,allopathic,75,321,125 mg/5 ml,179
15091,P-Cef DS,allopathic,75,321,250 mg/5 ml,179
15092,P-Cool,allopathic,11,1046,15%+10%,9
15093,P-Cort,allopathic,69,1311,5 mg/5 ml,89
15094,P-Cort,allopathic,92,1311,5 mg,89
15095,P-Dol,allopathic,92,,325 mg+37.5 mg,185
15096,P-Don,allopathic,70,524,5 mg/5 ml,179
15097,P-Don,allopathic,92,524,10 mg,179
15098,PDS,allopathic,13,1263,1000 ml,164
15099,Peacepil,allopathic,92,224,3 mg,53
15100,Pear,allopathic,4,1199,20 mg,187
15101,Peblew,herbal,92,,15.63 mg+78.12 mg,99
15102,Pedeamin,allopathic,91,512,10 mg/5 ml,35
15103,Pedial,allopathic,92,1016,500 mcg,89
15104,Pediasure Classic,allopathic,67,,,1
15105,Pediasure Delight,allopathic,67,,,1
15106,Pediasure Premium,allopathic,67,,,1
15107,Pediavit,allopathic,91,1097,,229
15108,Pedicef,allopathic,72,309,20 mg/ml,171
15109,Pedicef,allopathic,75,309,40 mg/5 ml,171
15110,Pedicef DS,allopathic,75,309,80 mg/5 ml,171
15111,Pedicin,allopathic,75,580,125 mg/5 ml,192
15112,Pedicon,allopathic,72,1459,67 mg/ml,171
15113,Pedigas,allopathic,72,1459,67 mg/ml,89
15114,Pedilar,allopathic,91,512,10 mg/5 ml,185
15115,Pedilid,allopathic,75,1410,50 mg/5 ml,106
15116,Pedilid,allopathic,92,1410,150 mg,106
15117,Pedilid,allopathic,92,1410,300 mg,106
15118,Pediphen,allopathic,91,512,10 mg/5 ml,215
15119,Pedipred,allopathic,69,1311,5 mg/5 ml,240
15120,Pedisol,allopathic,37,1471,0.225%+5%,185
15121,Pedisol DS,allopathic,37,1471,0.225%+10%,185
15122,Pedi-Z,allopathic,91,1703,10 mg/5 ml,221
15123,Pedizinc,allopathic,91,1703,10 mg/5 ml,192
15124,Pednisol,allopathic,63,1313,1%,66
15125,Pednisol,allopathic,92,1311,10 mg,66
15126,Pednisol,allopathic,92,1311,20 mg,66
15127,Pednisol,allopathic,92,1311,5 mg,66
15128,Pedryl,allopathic,91,512,10 mg/5 ml,172
15129,Pefla,allopathic,92,1248,400 mg,216
15130,Peflacine,allopathic,92,1248,400 mg,222
15131,Peflon,allopathic,92,1248,400 mg,88
15132,Peflox,allopathic,92,1248,400 mg,66
15133,Pegalin,allopathic,2,1314,100 mg,185
15134,Pegalin,allopathic,2,1314,150 mg,185
15135,Pegalin,allopathic,2,1314,25 mg,185
15136,Pegalin,allopathic,2,1314,50 mg,185
15137,Pegalin,allopathic,2,1314,75 mg,185
15138,Pegalin ER,allopathic,96,1314,165 mg,185
15139,Pegalin ER,allopathic,96,1314,330 mg,185
15140,Pegalin ER,allopathic,96,1314,82.5 mg,185
15141,Pegamax,allopathic,2,1314,50 mg,27
15142,Pegamax,allopathic,2,1314,75 mg,27
15143,Pegaron,allopathic,2,1314,50 mg,114
15144,Pegaron,allopathic,2,1314,75 mg,114
15145,PEG-Epo,allopathic,40,1251,50 mcg/0.3 ml,106
15146,PEG-Epo,allopathic,40,1251,75 mcg/0.3 ml,106
15147,Pegferon,allopathic,80,1250,180 mcg/0.5 ml,101
15148,PEG-Filastin,allopathic,80,1249,6 mg/0.6 ml,106
15149,Pegfilgrast,allopathic,80,1249,6 mg/0.6 ml,31
15150,Pegin,allopathic,80,1250,135 mcg/0.5 ml,31
15151,Pegin,allopathic,80,1250,180 mcg/0.5 ml,31
15152,PegNeufil,allopathic,80,1249,6 mg/0.6 ml,101
15153,Pelican,allopathic,95,1237,20 mg,62
15154,Pelsone,allopathic,11,544,1%+0.1%,108
15155,Pelverin,allopathic,92,60,60 mg,185
15156,Pemast,allopathic,62,1254,0.10%,164
15157,Pemeta,allopathic,37,1253,100 mg/vial,66
15158,Pemetor,allopathic,37,1253,100 mg/vial,73
15159,Pemetor,allopathic,37,1253,500 mg/vial,73
15160,Pemetrex,allopathic,37,1253,100 mg/vial,31
15161,Pemetrex,allopathic,37,1253,500 mg/vial,31
15162,Pemox,allopathic,2,91,500 mg,19
15163,Pemox,allopathic,72,91,125 mg/1.25 ml,19
15164,Pemox,allopathic,75,91,125 mg/5 ml,19
15165,Pemro,allopathic,37,1252,100 mg/4 ml,31
15166,Penac,allopathic,92,494,50 mg,19
15167,Penac TR,allopathic,8,494,100 mg,19
15168,Penac-AC,allopathic,92,9,100 mg,19
15169,Penalox,allopathic,2,142,500 mg,197
15170,Penalox,allopathic,75,142,200 mg/5 ml,197
15171,Penamin,allopathic,92,345,4 mg,19
15172,Penci-V,allopathic,75,1270,125 mg/5 ml,213
15173,Penci-V,allopathic,92,1270,250 mg,213
15174,Penclox,allopathic,2,401,500 mg,46
15175,Penclox,allopathic,75,401,125 mg/5 ml,46
15176,Pendol,allopathic,2,1604,50 mg,9
15177,Pendoril,allopathic,92,1261,2 mg,196
15178,Pendoril,allopathic,92,1261,4 mg,196
15179,Pendoril Plus,allopathic,92,827,0.625 mg+2 mg,196
15180,Pendoril Plus,allopathic,92,827,1.25 mg+4 mg,196
15181,Penfil,allopathic,92,1532,10 mg,37
15182,Pen-G,allopathic,30,175,10 lac unit/vial,165
15183,Pen-G,allopathic,30,175,5 lac unit/vial,165
15184,Penicillin,allopathic,92,1270,250 mg,42
15185,Penicillin-V,allopathic,75,1270,125 mg/5 ml,107
15186,Penicillin-V,allopathic,92,1270,250 mg,107
15187,Peniton,herbal,41,,,99
15188,Penmox,allopathic,2,91,500 mg,225
15189,Penmox,allopathic,26,91,500 mg/vial,225
15190,Penmox,allopathic,75,91,125 mg/5 ml,225
15191,Penomer,allopathic,39,1036,1 gm/vial,35
15192,Penomer,allopathic,39,1036,500 mg/vial,35
15193,Penrif,allopathic,11,1046,30%+8%,217
15194,Pentab,allopathic,92,1270,250 mg,216
15195,Pentadol,allopathic,92,1537,100 mg,217
15196,Pentadol,allopathic,92,1537,50 mg,217
15197,Pentadol,allopathic,92,1537,75 mg,217
15198,Pentaglobin,allopathic,39,774,500 mg/10 ml,38
15199,Pentasa,allopathic,47,1037,1 gm/sachet,79
15200,Pentasa,allopathic,47,1037,2 gm/sachet,79
15201,Pentazo,allopathic,30,1256,30 mg/ml,84
15202,Penticin,allopathic,92,669,0.5 mg+10 mg,75
15203,Pentixol,allopathic,92,669,0.5 mg+10 mg,225
15204,Pentosa,allopathic,95,1237,20 mg,180
15205,Pentosa,allopathic,95,1237,40 mg,180
15206,Penvik,allopathic,92,1270,250 mg,217
15207,Penvik DS,allopathic,92,1270,500 mg,217
15208,Penvik Forte,allopathic,75,1270,250 mg/5 ml,217
15209,Penxit,allopathic,92,669,0.5 mg+10 mg,174
15210,Peocal D,allopathic,92,257,500 mg+200 IU,174
15211,Peoflox,allopathic,92,364,500 mg,174
15212,Peoplex,allopathic,91,1669,,174
15213,Pep,allopathic,91,1703,4.05 mg/5 ml,171
15214,Pep Plus,allopathic,91,1671,,171
15215,Pep Plus,allopathic,92,1671,,171
15216,Pep Sweet,allopathic,92,118,25 mg,216
15217,Pep-2,allopathic,91,1703,10 mg/5 ml,171
15218,Pep-20,allopathic,91,1703,20 mg/5 ml,171
15219,Pep-20,allopathic,92,1703,20 mg,171
15220,Pepcon Plus,allopathic,9,997,480 mg+20 mg,127
15221,Pepcon Plus,allopathic,70,997,(480 mg+20 mg)/5 ml,127
15222,Peplo,allopathic,4,1199,20 mg,211
15223,Peplo,allopathic,4,1199,40 mg,211
15224,Pepnor,herbal,91,883,,217
15225,Peptacid,allopathic,9,58,200 mg+200 mg+30 mg,17
15226,Peptacid,allopathic,70,58,(400 mg+400 mg+30 mg)/5 ml,17
15227,Peptex,allopathic,4,586,20 mg,60
15228,Peptex,allopathic,4,586,40 mg,60
15229,Peptid,allopathic,38,621,10 mg/ml,165
15230,Peptid,allopathic,75,621,40 mg/5 ml,165
15231,Peptid,allopathic,92,621,20 mg,165
15232,Peptid,allopathic,92,621,40 mg,165
15233,Peptil H,allopathic,26,1368,50 mg/2 ml,73
15234,Peptil H,allopathic,91,1368,75 mg/5 ml,73
15235,Peptil H,allopathic,92,1368,150 mg,73
15236,Peptin,allopathic,91,1703,4.05 mg/5 ml,153
15237,Peptin-DS,allopathic,91,1703,10 mg/5 ml,153
15238,Pepto,allopathic,70,205,87.5 mg/5 ml,164
15239,Pepto-Care,allopathic,70,205,87.5 mg/5 ml,229
15240,Peptocid,allopathic,70,205,87.5 mg/5 ml,106
15241,Peptofit,allopathic,70,205,87.5 mg/5 ml,165
15242,Peptonil-R,allopathic,92,1368,150 mg,61
15243,Peptral,allopathic,4,1199,20 mg,122
15244,Peptral,allopathic,4,1199,40 mg,122
15245,Pepzol,allopathic,4,586,20 mg,127
15246,Pepzol,allopathic,4,586,40 mg,127
15247,Peranel,allopathic,92,1260,2 mg,217
15248,Peranel,allopathic,92,1260,4 mg,217
15249,Perclear,allopathic,11,1264,5% w/w,18
15250,Perex,allopathic,92,178,6 mg+200 mg+50 mg,46
15251,Perfex,allopathic,92,642,120 mg,31
15252,Perfex,allopathic,92,642,180 mg,31
15253,Perfex,allopathic,92,642,60 mg,31
15254,Performax,allopathic,92,1455,100 mg,196
15255,Performax,allopathic,92,1455,50 mg,196
15256,Pergel,allopathic,95,586,20 mg,186
15257,Pergoveris,allopathic,40,687,(150 IU+75 IU)/vial,138
15258,Peri,allopathic,70,524,5 mg/5 ml,104
15259,Peri,allopathic,92,524,10 mg,104
15260,Pericon,allopathic,2,1243,1 mcg,31
15261,Peridone,allopathic,92,524,10 mg,27
15262,Perigen,allopathic,24,756,5 mg/ml,84
15263,Perigen,allopathic,92,756,5 mg,84
15264,Perigut,allopathic,70,524,5 mg/5 ml,127
15265,Perigut,allopathic,92,524,10 mg,127
15266,Perilac,allopathic,26,896,30 mg/ml,37
15267,Perilac,allopathic,26,896,60 mg/2 ml,37
15268,Perilac,allopathic,92,896,10 mg,37
15269,Perilor,allopathic,92,462,5 mg,42
15270,Perinase,allopathic,54,677,50 mcg/spray,35
15271,Perindal 2 Plus,allopathic,92,827,0.625 mg+2 mg,165
15272,Perindal 4 Plus,allopathic,92,827,1.25 mg+4 mg,165
15273,Perinem,allopathic,37,527,500 mg/vial,66
15274,Perion,allopathic,70,524,5 mg/5 ml,89
15275,Perion,allopathic,92,524,10 mg,89
15276,Periset,allopathic,26,1201,8 mg/4 ml,4
15277,Periset,allopathic,69,1201,4 mg/5 ml,4
15278,Periset,allopathic,92,1201,8 mg,4
15279,Peristal,allopathic,70,524,5 mg/5 ml,211
15280,Peristal,allopathic,92,524,10 mg,211
15281,Perix,allopathic,24,315,1 gm/vial,143
15282,Perix,allopathic,24,315,250 mg/vial,143
15283,Perix,allopathic,24,315,500 mg/vial,143
15284,Perix,allopathic,38,315,1 gm/vial,143
15285,Perix,allopathic,38,315,250 mg/vial,143
15286,Perix,allopathic,38,315,2 gm/vial,143
15287,Perix,allopathic,38,315,500 mg/vial,143
15288,Perizol,allopathic,4,1199,20 mg,127
15289,Perizol,allopathic,4,1199,40 mg,127
15290,Perjeta,allopathic,37,1266,420 mg/14 ml,200
15291,Perkidopa,allopathic,92,942,100 mg+10 mg,217
15292,Perkidopa,allopathic,92,942,250 mg+25 mg,217
15293,Perkinil,allopathic,26,1327,10 mg/2 ml,217
15294,Perkinil,allopathic,92,1327,5 mg,217
15295,Perkirol,allopathic,92,1404,0.25 mg,217
15296,Perkirol,allopathic,92,1404,2 mg,217
15297,Perkup,herbal,2,,300 mg,4
15298,Perls,allopathic,11,1264,5% w/w,89
15299,Perlutex,allopathic,92,1018,5 mg,126
15300,Perma,allopathic,11,1264,5% w/w,9
15301,Permenin,allopathic,11,1264,5% w/w,135
15302,Permet,allopathic,11,1264,5% w/w,82
15303,Permethi,allopathic,11,1264,5% w/w,180
15304,Permin,allopathic,11,1264,5% w/w,4
15305,Permisol,allopathic,11,1264,5% w/w,2
15306,Permisol Max,allopathic,45,1265,5%+10%,2
15307,Permival,allopathic,92,670,0.5 mg+10 mg,165
15308,Perol,allopathic,24,756,5 mg/ml,16
15309,Perol,allopathic,92,756,5 mg,16
15310,Peron,allopathic,92,1311,10 mg,225
15311,Peron,allopathic,92,1311,20 mg,225
15312,Peron,allopathic,92,1311,5 mg,225
15313,Perosa,allopathic,11,1264,5% w/w,73
15314,Perpen,allopathic,2,651,250 mg,192
15315,Perpen,allopathic,2,651,500 mg,192
15316,Perpen,allopathic,75,651,125 mg/5 ml,192
15317,Perscab,allopathic,11,1264,5% w/w,150
15318,Pertilos,allopathic,92,982,50 mg,150
15319,Pertilos Plus,allopathic,92,983,50 mg+12.5 mg,150
15320,Pertuza,allopathic,37,1266,420 mg/14 ml,106
15321,Pesimex,allopathic,11,1264,5% w/w,179
15322,Pethidine 50,allopathic,30,1267,50 mg/ml,197
15323,Petorolac,allopathic,92,896,10 mg,181
15324,Petracin,allopathic,58,1225,3%+0.013%,174
15325,Petrolac,allopathic,92,896,10 mg,187
15326,Peuli,allopathic,92,1632,30 mg,240
15327,Pevaryl,allopathic,11,543,1%,222
15328,Pevicort,allopathic,11,544,1%+0.1%,54
15329,Peviderm,allopathic,11,544,1%+0.1%,180
15330,Pevisia,allopathic,11,544,1%+0.1%,26
15331,Pevisone,allopathic,11,544,1%+0.1%,222
15332,Pevitin,allopathic,11,544,1%+0.1%,217
15333,PG,allopathic,2,1314,150 mg,73
15334,PG,allopathic,2,1314,25 mg,73
15335,PG,allopathic,2,1314,50 mg,73
15336,PG,allopathic,2,1314,75 mg,73
15337,PGT,allopathic,92,1280,15 mg,46
15338,P-Gut,allopathic,38,1237,40 mg/vial,89
15339,P-Gut,allopathic,95,1237,20 mg,89
15340,P-Gut,allopathic,95,1237,40 mg,89
15341,Phacomin,allopathic,62,1490,,164
15342,Phacovit,allopathic,62,1490,,25
15343,Phagocin,allopathic,75,142,200 mg/5 ml,133
15344,Phagocin,allopathic,92,142,500 mg,133
15345,Pharma Saline,allopathic,67,1205,13.95 gm,179
15346,Pharmacid,allopathic,9,57,250 mg+400 mg,179
15347,Pharmacid Plus,allopathic,9,58,400 mg+400 mg+30 mg,179
15348,Pharmacid Plus,allopathic,70,58,(200 mg+400 mg+30 mg)/5 ml,179
15349,Pharmapam,allopathic,92,490,5 mg,179
15350,Pharmapen,allopathic,75,1270,125 mg/5 ml,179
15351,Pharmapen,allopathic,92,1270,250 mg,179
15352,Pharmatrim,allopathic,70,1520,(200 mg+40 mg)/5 ml,179
15353,Pharmatrim,allopathic,92,1520,400 mg+80 mg,179
15354,Pharmatrim DS,allopathic,92,1520,800 mg+160 mg,179
15355,Pharmavit,allopathic,72,1112,,179
15356,Pharmik Hand Rub,allopathic,23,339,0.5%+70%,181
15357,Pharmoxyl,allopathic,2,91,250 mg,179
15358,Pharmoxyl,allopathic,2,91,500 mg,179
15359,Pharmoxyl,allopathic,72,91,125 mg/1.25 ml,179
15360,Pharmoxyl,allopathic,75,91,125 mg/5 ml,179
15361,Phenadryl,allopathic,91,512,10 mg/5 ml,4
15362,Phendrin,allopathic,91,512,10 mg/5 ml,205
15363,Phenerex,allopathic,30,1332,25 mg/ml,113
15364,Phenerex,allopathic,30,1332,50 mg/2 ml,113
15365,Phenerex,allopathic,69,1331,5 mg/5 ml,113
15366,Phenergan,allopathic,69,1331,5 mg/5 ml,222
15367,Phenergan,allopathic,92,1331,10 mg,222
15368,Phenobarbitone,allopathic,92,1269,30 mg,207
15369,Phenocept,allopathic,92,1118,500 mg,196
15370,Phenomark,allopathic,91,345,2 mg/5 ml,98
15371,Phenoson,allopathic,92,1269,30 mg,113
15372,Phenoxymethyl,allopathic,92,1270,250 mg,19
15373,Phensilex,allopathic,69,1331,5 mg/5 ml,29
15374,Pheramin,allopathic,91,345,2 mg/5 ml,17
15375,Pheramin,allopathic,92,345,4 mg,17
15376,Phidazole,allopathic,70,1057,200 mg/5 ml,179
15377,Phidazole,allopathic,92,1057,400 mg,179
15378,Phoenix Azithromycin,allopathic,92,142,500 mg,182
15379,Phoenix Calcium,allopathic,92,253,500 mg,182
15380,Phoenix Cetirizine,allopathic,92,324,10 mg,182
15381,Phoenix Ibuprofen,allopathic,92,811,400 mg,182
15382,Phoenix Ketorolac,allopathic,92,896,10 mg,182
15383,Phoenix Omeprazole,allopathic,4,1199,20 mg,182
15384,Phoenix Paracetamol Plus,allopathic,92,1240,500 mg+65 mg,182
15385,Phoenix Ranitidine,allopathic,92,1368,150 mg,182
15386,Phoscon,allopathic,92,631,210 mg,150
15387,Phosphoprep,allopathic,69,1477,(2.711 gm+1.2 gm)/5 ml,229
15388,Phydox,allopathic,92,531,200 mg,34
15389,Phydox,allopathic,92,531,400 mg,34
15390,Phylopen,allopathic,2,651,250 mg,217
15391,Phylopen,allopathic,26,651,500 mg/vial,217
15392,Phylopen,allopathic,75,651,125 mg/5 ml,217
15393,Phylopen DS,allopathic,2,651,500 mg,217
15394,Phylopen Forte,allopathic,75,651,250 mg/5 ml,217
15395,Physiogel,allopathic,11,278,,88
15396,Physiogel,allopathic,45,278,,88
15397,Piazol,allopathic,4,1199,20 mg,90
15398,Picaso,allopathic,69,1486,5 mg/5 ml,210
15399,Picaso,allopathic,92,1486,10 mg,210
15400,Picloza,allopathic,92,402,100 mg,108
15401,Picloza,allopathic,92,402,25 mg,108
15402,Pico Plus,allopathic,69,1486,5 mg/5 ml,76
15403,Pico Plus,allopathic,92,1486,10 mg,76
15404,Picocef,allopathic,75,316,125 mg/5 ml,53
15405,Picocef,allopathic,92,316,250 mg,53
15406,Picocef,allopathic,92,316,500 mg,53
15407,Picolax,allopathic,69,1486,5 mg/5 ml,215
15408,Picolax,allopathic,92,1486,10 mg,215
15409,Pidogrel,allopathic,92,392,75 mg,191
15410,Pidogrel Plus,allopathic,92,391,75 mg+75 mg,191
15411,Pidus,allopathic,92,1280,15 mg,4
15412,Pifen,allopathic,92,1289,0.5 mg,165
15413,Pifen,allopathic,92,1289,1.5 mg,165
15414,Piglit,allopathic,92,1280,15 mg,173
15415,Pilestop,allopathic,92,1063,450 mg+50 mg,4
15416,Pileus,allopathic,2,652,150 mg,163
15417,Pileus,allopathic,2,652,50 mg,163
15418,Pilo Drop,allopathic,62,1276,1%,195
15419,Pilo Drop,allopathic,62,1276,2%,195
15420,Pilo Drop,allopathic,62,1276,4%,195
15421,Pilocarpine,allopathic,62,1276,1%,164
15422,Pilocarpine,allopathic,62,1276,2%,164
15423,Pilogen,allopathic,92,1277,5 mg,25
15424,Piloma,allopathic,62,1276,2%,165
15425,Pilosol,allopathic,76,260,4%+2%+0.025%,240
15426,Pimacef,allopathic,26,303,1 gm/vial,64
15427,Pime-4,allopathic,26,303,1 gm/vial,2
15428,Pime-4,allopathic,26,303,500 mg/vial,2
15429,Pimin,allopathic,92,1039,500 mg,179
15430,Pimin,allopathic,92,1039,850 mg,179
15431,Pimplex,allopathic,11,24,0.10%,37
15432,Pimponil,allopathic,101,378,1.2%+0.025%,120
15433,Pinam,allopathic,92,1288,200 mg,119
15434,Pink Pill,allopathic,92,650,100 mg,4
15435,Pink-Bismol,allopathic,70,205,87.5 mg/5 ml,240
15436,Pinor,allopathic,92,817,25 mg,25
15437,Pintus,allopathic,91,239,7.5 mg/5 ml,150
15438,Piocin,allopathic,92,1500,200 mg,140
15439,Piodar,allopathic,92,1280,15 mg,106
15440,Piodin,allopathic,58,1303,6% w/w,180
15441,Piolit,allopathic,92,1280,15 mg,9
15442,PioMet,allopathic,92,1282,15 mg+500 mg,212
15443,PioMet,allopathic,92,1282,15 mg+850 mg,212
15444,Piomin,allopathic,92,1282,15 mg+500 mg,173
15445,Piomin,allopathic,92,1282,15 mg+850 mg,173
15446,Piozena,allopathic,92,1280,15 mg,66
15447,Piozena,allopathic,92,1280,30 mg,66
15448,Piozena Plus,allopathic,92,1282,15 mg+500 mg,66
15449,Piozena Plus,allopathic,92,1282,15 mg+850 mg,66
15450,Piramil,allopathic,92,1364,2.5 mg,206
15451,Piramil,allopathic,92,1364,5 mg,206
15452,Piratam,allopathic,91,1285,500 mg/5 ml,84
15453,Piratam,allopathic,92,1285,800 mg,84
15454,Piravir,allopathic,92,622,200 mg,4
15455,Piravix,allopathic,92,622,200 mg,191
15456,Pires-D,allopathic,91,510,(14 mg+6.5 mg+2 mg)/5 ml,150
15457,Pires-M,allopathic,91,748,(100 mg+1.1 mg+14 mg)/5 ml,150
15458,Pirfinex,allopathic,92,1286,267 mg,76
15459,Piriton,allopathic,91,345,2 mg/5 ml,88
15460,Piriton,allopathic,92,345,4 mg,88
15461,Piroban,allopathic,58,1116,2% w/w,150
15462,Pirocin,allopathic,58,1116,2% w/w,135
15463,Pirugold,herbal,2,1504,500 mg,233
15464,Pirulin,herbal,2,1504,500 mg,190
15465,Pitavas,allopathic,92,1287,2 mg,25
15466,Pitocin,allopathic,26,1226,5 IU/ml,48
15467,Pitocin DS,allopathic,26,1226,10 IU/ml,48
15468,Pitofen,allopathic,92,1289,0.5 mg,135
15469,Pivalo,allopathic,92,1287,2 mg,217
15470,Pivasta,allopathic,92,1287,2 mg,73
15471,Pivcilin,allopathic,92,1288,200 mg,192
15472,Pivicil,allopathic,92,1288,200 mg,84
15473,Pixan,allopathic,92,104,2.5 mg,89
15474,Pixan,allopathic,92,104,5 mg,89
15475,Pixorel,allopathic,92,104,2.5 mg,106
15476,Pixorel,allopathic,92,104,5 mg,106
15477,Pizide,allopathic,92,724,5 mg,119
15478,Pizo-A,allopathic,92,1289,0.5 mg,4
15479,Pizo-A,allopathic,92,1289,1.5 mg,4
15480,Pizofen,allopathic,92,1289,0.5 mg,150
15481,Pizofen TS,allopathic,92,1289,1.5 mg,150
15482,Pizotin,allopathic,92,1289,0.5 mg,153
15483,Pizotin,allopathic,92,1289,1.5 mg,153
15484,Pizzi,allopathic,92,1280,15 mg,231
15485,P-L Jelly,allopathic,101,795,(1 gm + 1.3 gm)/50 gm,229
15486,Placent-B,allopathic,91,1669,,150
15487,Placent-B,allopathic,92,1669,,150
15488,Placent-M,allopathic,92,1098,,150
15489,Placid,allopathic,9,57,250 mg+400 mg,205
15490,Pladex,allopathic,92,392,75 mg,229
15491,Pladex-A,allopathic,92,391,75 mg+75 mg,229
15492,Plagrin,allopathic,92,392,75 mg,196
15493,Plagrin Plus,allopathic,92,391,75 mg+75 mg,196
15494,Plan A,allopathic,108,907,1.8%+1%+0.4%,217
15495,Planex,allopathic,58,248,0.005% w/w,106
15496,Planex Plus,allopathic,58,182,0.05%+0.005%,106
15497,Plarit,allopathic,92,1578,90 mg,229
15498,Plasmasol,allopathic,37,796,6%+0.9%,170
15499,Plasmex,allopathic,37,796,6%+0.9%,31
15500,Platinex,allopathic,37,368,1 mg/ml,31
15501,Plator,allopathic,92,392,75 mg,108
15502,Plator Plus,allopathic,92,391,75 mg+75 mg,108
15503,Platosin,allopathic,37,368,1 mg/ml,177
15504,Plavas Plus,allopathic,92,391,75 mg+75 mg,53
15505,Plexivit,allopathic,91,1669,,223
15506,Plexivit M,allopathic,92,1098,,223
15507,Plezer,allopathic,92,443,30 mg,62
15508,P-lock,allopathic,95,1237,20 mg,163
15509,P-lock,allopathic,95,1237,40 mg,163
15510,PM,allopathic,70,1238,120 mg/5 ml,194
15511,PM Plus,allopathic,92,1240,500 mg+65 mg,194
15512,Pmec,allopathic,11,1279,1%,150
15513,Pneumoclar,allopathic,75,372,125 mg/5 ml,60
15514,Pneumovax 23,allopathic,27,1297,0.5 ml,144
15515,Podo,allopathic,75,309,40 mg/5 ml,119
15516,Podoxi,allopathic,75,309,40 mg/5 ml,48
15517,Pofol,allopathic,19,1337,200 mg/20 ml,185
15518,Pogo,allopathic,91,1097,,101
15519,Pol,allopathic,70,1238,120 mg/5 ml,89
15520,Pol,allopathic,92,1238,500 mg,89
15521,Pol Plus,allopathic,92,1240,500 mg+65 mg,89
15522,Polan,allopathic,92,939,5 mg,89
15523,Polimet,allopathic,92,1282,15 mg+500 mg,197
15524,Polimet,allopathic,92,1282,15 mg+850 mg,197
15525,Polimet,allopathic,92,1039,500 mg,53
15526,Polimet,allopathic,92,1039,850 mg,53
15527,Politrim,allopathic,70,1520,(200 mg+40 mg)/5 ml,4
15528,Politrim,allopathic,92,1520,400 mg+80 mg,4
15529,Politrim DS,allopathic,92,1520,800 mg+160 mg,4
15530,Polycef,allopathic,2,321,250 mg,196
15531,Polycef,allopathic,2,321,500 mg,196
15532,Polycef,allopathic,26,321,1 gm/vial,196
15533,Polycef,allopathic,26,321,500 mg/vial,196
15534,Polycef,allopathic,72,321,125 mg/1.25 ml,196
15535,Polycef,allopathic,75,321,125 mg/5 ml,196
15536,Polycef DS,allopathic,75,321,250 mg/5 ml,196
15537,Polycort,allopathic,15,785,(10 mg+3400 Units+10000 Units)/ml,82
15538,Polydex-N,allopathic,62,473,(1 mg+3500 IU+6000 IU)/ml,25
15539,Polydin,allopathic,85,1303,10% w/v,48
15540,Polyfiz,allopathic,92,860,47 mg+0.5 mg+22.5 mg,89
15541,Polyforte,allopathic,63,1312,(5 mg+3.5 mg+10000 IU)/ml,25
15542,Polygel,allopathic,62,1292,0.4%+0.3%,105
15543,Polylac,allopathic,69,911,3.35 gm/5 ml,211
15544,Polymax-B,allopathic,30,1295,500000 units/vial,106
15545,Polymix,allopathic,61,146,(500 IU+10000 IU)/gm,164
15546,Polymix G,allopathic,62,744,(25 IU+1700 IU+5000 IU)/ml,164
15547,Polymix H,allopathic,15,785,(10 mg+3400 Units+10000 Units)/ml,164
15548,Polynac,allopathic,92,9,100 mg,127
15549,Poly-Pred,allopathic,63,1312,(5 mg+3.5 mg+10000 IU)/ml,
15550,Polypro,allopathic,62,1292,0.4%+0.3%,173
15551,Polyron,allopathic,91,858,50 mg/5 ml,2
15552,Polysol,allopathic,62,1292,0.4%+0.3%,20
15553,Polytamin,allopathic,91,861,,155
15554,Polytar,allopathic,84,406,1%,218
15555,Polytetra,allopathic,58,1225,3%+0.013%,179
15556,Polytracin,allopathic,61,146,(500 IU+10000 IU)/gm,105
15557,Polyxim,allopathic,2,304,200 mg,127
15558,Polyxim,allopathic,2,304,400 mg,127
15559,Polyxim,allopathic,75,304,100 mg/5 ml,127
15560,Polyxim DS,allopathic,75,304,200 mg/5 ml,127
15561,Ponatinix,allopathic,92,1298,15 mg,31
15562,Ponatinix,allopathic,92,1298,45 mg,31
15563,Ponos,allopathic,92,9,100 mg,163
15564,POP-D,allopathic,92,464,0.075 mg,106
15565,Popular Hand Sanitizer,allopathic,23,868,75%+0.125%+1.45%,185
15566,Porishkar,allopathic,23,868,75%+0.125%+1.45%,149
15567,Posanox,allopathic,94,1299,100 mg,165
15568,Postinor,allopathic,92,948,0.75 mg,
15569,Potacit,allopathic,69,1302,(1500 mg+250 mg)/5 ml,101
15570,Povicid,allopathic,58,1303,5% w/w,66
15571,Poviclean,allopathic,58,1303,5% w/w,197
15572,Poviclean,allopathic,85,1303,10% w/v,94
15573,Povidex,allopathic,11,1303,6% w/w,101
15574,Povidex,allopathic,58,1303,5% w/w,101
15575,Povidex,allopathic,85,1303,10% w/v,101
15576,Povidine,allopathic,58,1303,5% w/w,9
15577,Povidon,allopathic,58,1303,5% w/w,73
15578,Povidon,allopathic,85,1303,10% w/v,73
15579,Povidone,allopathic,11,1303,6% w/w,17
15580,Povidone,allopathic,85,1303,10% w/v,17
15581,Povidon-I,allopathic,85,1303,10% w/v,240
15582,Povidye,allopathic,62,1303,5% v/v,173
15583,Povigerm,allopathic,58,1303,5% w/w,67
15584,Povikil,allopathic,85,1303,10% w/v,233
15585,Povilect,allopathic,62,1303,5% v/v,119
15586,Povimed,allopathic,11,1303,6% w/w,137
15587,Povimed,allopathic,85,1303,10% w/v,137
15588,Povin,allopathic,48,1303,1% w/v,165
15589,Povin,allopathic,58,1303,5% w/w,165
15590,Povin,allopathic,62,1303,5% v/v,165
15591,Povin,allopathic,85,1303,10% w/v,165
15592,Povin,allopathic,104,1303,2.5% v/v,165
15593,Povisep,allopathic,11,1303,6% w/w,113
15594,Povisep,allopathic,48,1303,1% w/v,113
15595,Povisep,allopathic,62,1303,1.25% v/v,113
15596,Povisep,allopathic,67,1303,5% w/w,113
15597,Povisep,allopathic,85,1303,10% w/v,113
15598,Povisep,allopathic,85,1303,5% w/v,113
15599,Povisep,allopathic,90,1303,7.5% w/v,113
15600,Povisep,allopathic,108,1303,10% w/w,113
15601,Povital,allopathic,24,,(100 mg+100 mg+1 mg)/3 ml,2
15602,Povital,allopathic,92,,100 mg+200 mg+200 mcg,2
15603,Povitic,allopathic,85,1303,10% w/v,34
15604,Power Gold,allopathic,92,1100,,226
15605,Power Silver,allopathic,92,1103,,226
15606,Powercef,allopathic,24,315,1 gm/vial,48
15607,Powercef,allopathic,24,315,250 mg/vial,48
15608,Powercef,allopathic,24,315,500 mg/vial,48
15609,Powercef,allopathic,38,315,1 gm/vial,48
15610,Powercef,allopathic,38,315,2 gm/vial,48
15611,Powersol,allopathic,37,71,5%,84
15612,PPI,allopathic,4,1199,20 mg,4
15613,PPI,allopathic,4,1199,40 mg,4
15614,PPI,allopathic,38,1199,40 mg/vial,4
15615,P-Plex,allopathic,92,1669,,187
15616,P-Proton,allopathic,95,1237,20 mg,64
15617,Pradaxa,allopathic,2,434,110 mg,39
15618,Pradaxa,allopathic,2,434,150 mg,39
15619,Pradox,allopathic,39,1304,1000 mg/ml,31
15620,Pralidot,allopathic,39,1304,1000 mg/ml,89
15621,Pralidox,allopathic,39,1304,1000 mg/ml,106
15622,Pramax,allopathic,95,1237,20 mg,53
15623,Pramax,allopathic,95,1237,40 mg,53
15624,Pramin,allopathic,92,817,25 mg,106
15625,Prandil,allopathic,92,1378,1 mg,229
15626,Prapid,allopathic,92,1308,10 mg,66
15627,Prapid,allopathic,92,1308,5 mg,66
15628,Prasulet,allopathic,92,1308,10 mg,31
15629,Prasulet,allopathic,92,1308,5 mg,31
15630,Prasurel,allopathic,92,1308,10 mg,106
15631,Prasurel,allopathic,92,1308,5 mg,106
15632,Prasuva,allopathic,92,1308,10 mg,35
15633,Prasuva,allopathic,92,1308,5 mg,35
15634,Prazia,allopathic,4,586,20 mg,17
15635,Prazia,allopathic,4,586,40 mg,17
15636,Prazia,allopathic,95,586,20 mg,17
15637,Prazo,allopathic,4,1199,20 mg,173
15638,Prazo,allopathic,95,1199,20 mg,173
15639,Prazole,allopathic,4,1199,20 mg,196
15640,Prazolin,allopathic,95,1237,20 mg,197
15641,Prazolin,allopathic,95,1237,40 mg,197
15642,Prazolok,allopathic,92,1309,1 mg,217
15643,Prazolok,allopathic,92,1309,2 mg,217
15644,Prazolok ER,allopathic,96,1309,2.5 mg,217
15645,Prazolok ER,allopathic,96,1309,5 mg,217
15646,Prazomax,allopathic,4,1199,20 mg,114
15647,Prazomax,allopathic,4,1199,40 mg,214
15648,Prazopress,allopathic,92,1309,1 mg,229
15649,Prazopress,allopathic,92,1309,2 mg,229
15650,Prazopress ER,allopathic,96,1309,2.5 mg,229
15651,Prazopress ER,allopathic,96,1309,5 mg,229
15652,Prazover,allopathic,4,1199,20 mg,233
15653,Prazover DR,allopathic,95,1199,20 mg,233
15654,Prebalin,allopathic,2,1314,150 mg,84
15655,Prebalin,allopathic,2,1314,25 mg,84
15656,Prebalin,allopathic,2,1314,50 mg,84
15657,Prebalin,allopathic,2,1314,75 mg,84
15658,Prebichol,allopathic,92,1185,10 mg,106
15659,Prebichol,allopathic,92,1185,5 mg,106
15660,Prebinit,allopathic,2,1314,150 mg,85
15661,Prebinit,allopathic,2,1314,25 mg,85
15662,Prebinit,allopathic,2,1314,50 mg,85
15663,Prebinit,allopathic,2,1314,75 mg,85
15664,Precal,allopathic,92,253,500 mg,186
15665,Precal,allopathic,92,253,500 mg,186
15666,Precal-D,allopathic,92,257,500 mg+200 IU,186
15667,Precal-D,allopathic,92,257,500 mg+200 IU,186
15668,Precare,allopathic,92,1114,,106
15669,Precid,allopathic,75,621,40 mg/5 ml,180
15670,Precid,allopathic,92,621,20 mg,180
15671,Precinol,allopathic,92,123,50 mg,
15672,Preclot,allopathic,92,392,75 mg,185
15673,Preclot AS,allopathic,92,391,75 mg+75 mg,185
15674,Precodil,allopathic,69,1311,15 mg/5 ml,165
15675,Precodil,allopathic,69,1311,5 mg/5 ml,165
15676,Precodil,allopathic,92,1311,10 mg,165
15677,Precodil,allopathic,92,1311,20 mg,165
15678,Precodil,allopathic,92,1311,2 mg,165
15679,Precodil,allopathic,92,1311,5 mg,165
15680,Precon,allopathic,92,982,50 mg,191
15681,Precon Plus,allopathic,92,983,50 mg+12.5 mg,191
15682,Pred,allopathic,63,1313,1%,73
15683,Pred,allopathic,92,1311,10 mg,73
15684,Pred,allopathic,92,1311,20 mg,73
15685,Pred,allopathic,92,1311,5 mg,73
15686,Predflam,allopathic,63,1313,1%,84
15687,Predimax,allopathic,92,1311,10 mg,4
15688,Predimax,allopathic,92,1311,20 mg,4
15689,Predimax,allopathic,92,1311,5 mg,4
15690,Predine,allopathic,92,642,120 mg,186
15691,Predixa,allopathic,92,1051,16 mg,229
15692,Predixa,allopathic,92,1051,4 mg,229
15693,Predixa,allopathic,92,1051,8 mg,229
15694,Prednelan,allopathic,92,1311,20 mg,88
15695,Prednelan,allopathic,92,1311,5 mg,88
15696,Prednisolone,allopathic,92,1051,5 mg,16
15697,Prednol,allopathic,63,1313,1%,195
15698,Preduet,allopathic,70,1238,120 mg/5 ml,212
15699,Preduet,allopathic,92,1238,500 mg,212
15700,Prefer,allopathic,70,1238,120 mg/5 ml,134
15701,Prefer,allopathic,92,1238,500 mg,134
15702,Prefid,allopathic,92,1378,1 mg,226
15703,Pregaba,allopathic,2,1314,100 mg,165
15704,Pregaba,allopathic,2,1314,150 mg,165
15705,Pregaba,allopathic,2,1314,25 mg,165
15706,Pregaba,allopathic,2,1314,50 mg,165
15707,Pregaba,allopathic,2,1314,75 mg,165
15708,Pregaben,allopathic,2,1314,150 mg,106
15709,Pregaben,allopathic,2,1314,25 mg,106
15710,Pregaben,allopathic,2,1314,50 mg,106
15711,Pregaben,allopathic,2,1314,75 mg,106
15712,Pregabid,allopathic,2,1314,25 mg,108
15713,Pregabid,allopathic,2,1314,50 mg,108
15714,Pregabid,allopathic,2,1314,75 mg,108
15715,Pregacap,allopathic,2,1314,50 mg,53
15716,Pregacap,allopathic,2,1314,75 mg,53
15717,Pregadel,allopathic,2,1314,50 mg,62
15718,Pregadel,allopathic,2,1314,75 mg,62
15719,Pregalex,allopathic,2,1314,150 mg,210
15720,Pregalex,allopathic,2,1314,50 mg,210
15721,Pregalex,allopathic,2,1314,75 mg,210
15722,Pregan,allopathic,2,1314,50 mg,150
15723,Pregan,allopathic,2,1314,75 mg,150
15724,Pregan ER,allopathic,96,1314,165 mg,150
15725,Pregan ER,allopathic,96,1314,82.5 mg,150
15726,Pregaran,allopathic,2,1314,25 mg,192
15727,Pregaran,allopathic,2,1314,50 mg,192
15728,Pregaran,allopathic,2,1314,75 mg,192
15729,Pregavax,allopathic,2,1314,50 mg,45
15730,Pregavax,allopathic,2,1314,75 mg,45
15731,Pregaver,allopathic,2,1314,25 mg,233
15732,Pregaver,allopathic,2,1314,50 mg,233
15733,Pregaver,allopathic,2,1314,75 mg,233
15734,Pregcare,allopathic,67,,(3 gm+75 mg+22.5 mg+5 mg)/5 gm,188
15735,Preg-CI,allopathic,8,286,50 mg+0.50 mg+61.80 mg,2
15736,Pregel,allopathic,38,1237,40 mg/vial,101
15737,Pregel,allopathic,95,1237,20 mg,101
15738,Pregel,allopathic,95,1237,40 mg,101
15739,Pregmin,allopathic,2,285,50 mg+0.5 mg,192
15740,Pregmin-Z,allopathic,8,286,50 mg+0.50 mg+61.80 mg,192
15741,Pregnacare,allopathic,2,859,,17
15742,Pregneed,allopathic,2,856,,48
15743,Pregnid,allopathic,2,856,,150
15744,Pregnyl,allopathic,24,773,5000 IU/vial,144
15745,Pregtal,allopathic,8,641,150 mg+0.5 mg+61.8 mg,187
15746,Prelab,allopathic,92,44,5 mg,2
15747,Prelica,allopathic,2,1314,150 mg,191
15748,Prelica,allopathic,2,1314,25 mg,191
15749,Prelica,allopathic,2,1314,50 mg,191
15750,Prelica,allopathic,2,1314,75 mg,191
15751,Prelin,allopathic,2,1314,100 mg,66
15752,Prelin,allopathic,2,1314,150 mg,66
15753,Prelin,allopathic,2,1314,25 mg,66
15754,Prelin,allopathic,2,1314,50 mg,66
15755,Prelin,allopathic,2,1314,75 mg,66
15756,Prelizer,allopathic,92,208,2.5 mg,191
15757,Prelizer,allopathic,92,208,5 mg,191
15758,Preloc,allopathic,92,1056,50 mg,165
15759,Prelora,allopathic,92,462,5 mg,186
15760,Premelos,herbal,2,718,120 mg,106
15761,Premelos,herbal,2,718,60 mg,106
15762,Premesis,allopathic,26,1201,8 mg/4 ml,89
15763,Premesis,allopathic,69,1201,4 mg/5 ml,89
15764,Premesis,allopathic,92,1201,4 mg,89
15765,Premesis,allopathic,92,1201,8 mg,89
15766,Premet,allopathic,92,1057,400 mg,186
15767,Premicon,allopathic,92,415,0.625 mg,225
15768,Premier's Azithromycin,allopathic,92,142,500 mg,186
15769,Premil,allopathic,92,1378,0.5 mg,35
15770,Premil,allopathic,92,1378,1 mg,35
15771,Premil,allopathic,92,1378,2 mg,35
15772,Premol,allopathic,92,1238,500 mg,186
15773,Premol Plus,allopathic,92,1240,500 mg+65 mg,186
15774,PreMum,allopathic,92,684,5 mg+20 mg,191
15775,Prenat Plus,allopathic,2,855,,101
15776,Prenatal,allopathic,8,286,50 mg+0.50 mg+61.80 mg,212
15777,Prenat-CI,allopathic,8,286,50 mg+0.50 mg+61.80 mg,101
15778,Prenat-XL,allopathic,2,287,,101
15779,Prenavo DR,allopathic,94,1352,10 mg+10 mg,120
15780,Preneed-CI,allopathic,8,286,50 mg+0.50 mg+61.80 mg,106
15781,Prentox,allopathic,92,178,6 mg+200 mg+50 mg,212
15782,Preofloxin,allopathic,75,364,250 mg/5 ml,186
15783,Preofloxin,allopathic,92,364,500 mg,186
15784,Preroid,allopathic,92,1633,5 mg,196
15785,Presart,allopathic,92,1548,20 mg,84
15786,Presart,allopathic,92,1548,40 mg,84
15787,Presart,allopathic,92,1548,80 mg,84
15788,Presart AM,allopathic,92,86,5 mg+40 mg,84
15789,Presart AM,allopathic,92,86,5 mg+80 mg,84
15790,Presart HZ,allopathic,92,1549,40 mg+12.5 mg,84
15791,Presart HZ,allopathic,92,1549,80 mg+12.5 mg,84
15792,Presec,allopathic,4,1199,20 mg,229
15793,Presec,allopathic,4,1199,40 mg,229
15794,Presectil,allopathic,4,1199,20 mg,186
15795,Preservin,allopathic,92,9,100 mg,105
15796,Preservin SR,allopathic,100,9,200 mg,105
15797,Preslo-H,allopathic,92,983,50 mg+12.5 mg,122
15798,Preslo-L,allopathic,92,982,25 mg,122
15799,Preslo-L,allopathic,92,982,50 mg,122
15800,Presonil,allopathic,92,1056,50 mg,106
15801,Pressle,allopathic,92,81,5 mg,20
15802,Presulock,allopathic,92,1193,20 mg,25
15803,Pretac,allopathic,92,1368,150 mg,186
15804,Pretin,allopathic,92,975,10 mg,35
15805,Pretonix,allopathic,95,1237,20 mg,179
15806,Pretonix,allopathic,95,1237,40 mg,179
15807,Pretor,allopathic,2,1314,150 mg,222
15808,Pretor,allopathic,2,1314,50 mg,222
15809,Pretor,allopathic,2,1314,75 mg,222
15810,PrevaHAV,allopathic,80,819,250 unit/0.5 ml,106
15811,PrevaHAV,allopathic,80,819,500 unit/ml,106
15812,Prevas,allopathic,4,1199,20 mg,84
15813,Prevas,allopathic,4,1199,40 mg,84
15814,Prevas,allopathic,38,1199,40 mg/vial,84
15815,Prevastin,allopathic,4,1199,20 mg,202
15816,Prevenar 13,allopathic,27,1297,0.5 ml,175
15817,Prevencid,allopathic,4,1199,20 mg,192
15818,Prevencid,allopathic,4,1199,40 mg,192
15819,Previp,allopathic,92,1580,50 mg,84
15820,Prevo,allopathic,92,945,500 mg,186
15821,Prex-3,allopathic,2,304,200 mg,14
15822,Prex-3,allopathic,2,304,400 mg,14
15823,Prex-3,allopathic,75,304,100 mg/5 ml,14
15824,Prexim,allopathic,2,304,200 mg,240
15825,Prexim,allopathic,2,304,400 mg,240
15826,Prexim,allopathic,75,304,100 mg/5 ml,240
15827,Prexim DS,allopathic,75,304,200 mg/5 ml,240
15828,Pricard,allopathic,92,1364,2.5 mg,226
15829,Pricet Plus,allopathic,92,1240,500 mg+65 mg,187
15830,Pride,allopathic,92,722,1 mg,226
15831,Pride,allopathic,92,722,2 mg,226
15832,Pride,allopathic,92,722,3 mg,226
15833,Pride,allopathic,92,722,4 mg,226
15834,Priga,allopathic,2,1314,75 mg,143
15835,Prilosec,allopathic,95,1237,20 mg,14
15836,Prilosec,allopathic,95,1237,40 mg,14
15837,Primacap,herbal,2,617,1000 mg,66
15838,Primacap,herbal,2,617,500 mg,66
15839,Primace,allopathic,2,1364,10 mg,35
15840,Primace,allopathic,2,1364,1.25 mg,35
15841,Primace,allopathic,2,1364,2.5 mg,35
15842,Primace,allopathic,2,1364,5 mg,35
15843,Primace,allopathic,92,1364,10 mg,35
15844,Primace,allopathic,92,1364,1.25 mg,35
15845,Primace,allopathic,92,1364,2.5 mg,35
15846,Primace,allopathic,92,1364,5 mg,35
15847,PrimaVera,herbal,2,617,1000 mg,196
15848,PrimaVera,herbal,2,617,500 mg,196
15849,Primocef,allopathic,26,316,750 mg/vial,158
15850,Primocef,allopathic,38,316,1.5 gm/vial,158
15851,Primocef,allopathic,75,316,125 mg/5 ml,158
15852,Primocef,allopathic,92,316,250 mg,158
15853,Primocef,allopathic,92,316,500 mg,158
15854,Primrole,herbal,2,617,1000 mg,25
15855,Primrole,herbal,2,617,500 mg,25
15856,Priocin,allopathic,75,580,125 mg/5 ml,73
15857,Priocin,allopathic,92,580,500 mg,73
15858,Priorix,allopathic,27,1010,0.5 ml,88
15859,Priovit,allopathic,92,178,6 mg+200 mg+50 mg,73
15860,Pristil,allopathic,92,1633,5 mg,106
15861,Pristin,allopathic,92,81,5 mg,158
15862,Pristin OL,allopathic,92,82,5 mg+50 mg,158
15863,Pritack,allopathic,92,1368,150 mg,187
15864,Prizyth,allopathic,75,142,200 mg/5 ml,187
15865,Prizyth,allopathic,92,142,500 mg,187
15866,Proair,allopathic,9,1086,5 mg,24
15867,Proair,allopathic,92,1086,10 mg,24
15868,Probac,allopathic,75,316,125 mg/5 ml,212
15869,Probac,allopathic,92,316,250 mg,212
15870,Probac,allopathic,92,316,500 mg,212
15871,Probac Plus,allopathic,92,317,250 mg+62.5 mg,212
15872,Probac Plus,allopathic,92,317,500 mg+125 mg,212
15873,Probet,allopathic,11,382,0.05%,74
15874,Probio,herbal,2,1323,4 billion,217
15875,Probio,herbal,67,1323,4 billion/sachet,217
15876,Probio R,allopathic,2,1321,20 Billion,217
15877,Probis,allopathic,92,208,2.5 mg,2
15878,Probis,allopathic,92,208,5 mg,2
15879,Probis Plus,allopathic,92,207,2.5 mg+6.25 mg,2
15880,Probis Plus,allopathic,92,207,5 mg+6.25 mg,2
15881,Probitor,allopathic,4,1199,20 mg,206
15882,Probitor,allopathic,4,1199,40 mg,206
15883,Procain,allopathic,62,1336,0.50%,25
15884,Procala,allopathic,92,253,500 mg,133
15885,Procap,allopathic,4,1199,20 mg,171
15886,Procap,allopathic,4,1199,40 mg,171
15887,Procap,allopathic,38,1199,40 mg/vial,171
15888,Procef,allopathic,2,321,250 mg,106
15889,Procef,allopathic,2,321,500 mg,106
15890,Procef,allopathic,26,321,1 gm/vial,106
15891,Procef,allopathic,26,321,500 mg/vial,106
15892,Procef,allopathic,72,321,125 mg/1.25 ml,106
15893,Procef,allopathic,75,321,125 mg/5 ml,106
15894,Procef Fort,allopathic,75,321,250 mg/5 ml,106
15895,Proceptin,allopathic,4,1199,20 mg,35
15896,Proceptin,allopathic,4,1199,40 mg,35
15897,Proceptin,allopathic,38,1199,40 mg/vial,35
15898,Procet,allopathic,91,324,5 mg/5 ml,215
15899,Procet,allopathic,92,324,10 mg,215
15900,Procin,allopathic,62,365,0.30%,119
15901,Procin,allopathic,75,364,250 mg/5 ml,119
15902,Procin,allopathic,92,364,250 mg,119
15903,Procin,allopathic,92,364,500 mg,119
15904,Procin,allopathic,92,364,750 mg,119
15905,Procin-D,allopathic,62,366,0.3%+0.1%,119
15906,Procold,herbal,2,542,500 mg,106
15907,Procoz,allopathic,92,1326,5 mg,166
15908,Proctil,allopathic,75,309,40 mg/5 ml,135
15909,Prodep,allopathic,2,667,20 mg,219
15910,Prodigest,allopathic,2,1317,10 billion,106
15911,Prodol,allopathic,92,,325 mg+37.50 mg,34
15912,Profast,allopathic,95,1358,20 mg,196
15913,Profen,allopathic,70,811,100 mg/5 ml,4
15914,Profen,allopathic,92,811,400 mg,4
15915,Profenid,allopathic,22,895,2.5% w/w,222
15916,Profenid,allopathic,24,894,100 mg/2 ml,222
15917,Profenid-CR,allopathic,3,894,100 mg,222
15918,Profenid-CR,allopathic,3,894,200 mg,222
15919,Profenid-E,allopathic,95,894,100 mg,222
15920,Profenid-E,allopathic,95,894,50 mg,222
15921,Profix,allopathic,2,304,200 mg,135
15922,Profix,allopathic,75,304,100 mg/5 ml,135
15923,Proflam,allopathic,92,494,50 mg,158
15924,Proflam Lido,allopathic,24,496,(75 mg+20 mg)/2 ml,158
15925,Proflam SR,allopathic,100,494,100 mg,158
15926,Proflox,allopathic,92,364,250 mg,120
15927,Proflox,allopathic,92,364,500 mg,120
15928,Progan,allopathic,69,1331,5 mg/5 ml,16
15929,Progavi,allopathic,70,1465,(500 mg+213 mg+325 mg)/10 ml,35
15930,Progend,allopathic,92,1133,500 mg,20
15931,Progesic,allopathic,94,1134,375 mg+20 mg,106
15932,Progesic,allopathic,94,1134,500 mg+20 mg,106
15933,Progest,allopathic,92,540,10 mg,185
15934,Progil,allopathic,75,1684,200 mg/5 ml,2
15935,Progil,allopathic,92,1684,200 mg,2
15936,Progil,allopathic,92,1684,50 mg,2
15937,Proglid,allopathic,92,721,80 mg,221
15938,Progut,allopathic,4,586,20 mg,185
15939,Progut,allopathic,4,586,40 mg,185
15940,Progut,allopathic,38,586,40 mg/vial,185
15941,Progut,allopathic,95,586,20 mg,185
15942,Progut-N,allopathic,94,1134,375 mg+20 mg,185
15943,Progut-N,allopathic,94,1134,500 mg+20 mg,185
15944,Prokind,allopathic,92,1335,15 mg,31
15945,Prokinet,allopathic,70,524,5 mg/5 ml,155
15946,Prokinet,allopathic,92,524,10 mg,155
15947,Prolacto,herbal,2,1323,4 billion,66
15948,Prolan,allopathic,4,477,30 mg,225
15949,Prolan,allopathic,4,477,60 mg,225
15950,Prolaxan,allopathic,2,910,10 billion,106
15951,Proler,allopathic,91,324,5 mg/5 ml,98
15952,Proler,allopathic,92,324,10 mg,98
15953,Prolert,allopathic,2,667,20 mg,217
15954,Prolert,allopathic,70,667,20 mg/5 ml,217
15955,Prolimus,allopathic,58,1531,0.03%,101
15956,Prolimus,allopathic,58,1531,0.10%,101
15957,Proliv,allopathic,37,71,5%,170
15958,Proliv Plus,allopathic,37,72,7%+10%,170
15959,Prolok,allopathic,4,1199,20 mg,105
15960,Prolok,allopathic,4,1199,40 mg,105
15961,Prolok,allopathic,38,1199,40 mg/vial,105
15962,Prolol,allopathic,92,1056,50 mg,5
15963,Prolong,allopathic,92,443,30 mg,240
15964,Prolong,allopathic,92,443,60 mg,240
15965,Prolonga,allopathic,92,1532,10 mg,173
15966,Prolonga,allopathic,92,1532,20 mg,173
15967,Prolonga,allopathic,92,1532,40 mg,173
15968,Promalex-M,allopathic,69,1331,5 mg/5 ml,141
15969,Pro-Medrol,allopathic,26,1053,1 gm/vial,225
15970,Pro-Medrol,allopathic,26,1053,500 mg/vial,225
15971,Promef,herbal,92,,294.12 mg+58.82 mg+147.06 mg,99
15972,Promel,allopathic,70,1238,120 mg/5 ml,21
15973,Promel,allopathic,92,1238,500 mg,21
15974,Promel Plus,allopathic,92,1240,500 mg+65 mg,21
15975,Promergan,allopathic,69,1331,5 mg/5 ml,82
15976,Promestin,allopathic,69,1331,5 mg/5 ml,179
15977,Promex,allopathic,9,1011,100 mg,21
15978,Promezol,allopathic,4,1199,20 mg,210
15979,Promezol,allopathic,4,1199,40 mg,210
15980,Promocal,allopathic,38,249,1 mcg/ml,150
15981,Prompton,allopathic,4,1358,20 mg,191
15982,Promtil,allopathic,92,1326,5 mg,217
15983,Pronac SR,allopathic,100,494,100 mg,98
15984,Pronex,allopathic,4,586,20 mg,66
15985,Pronex,allopathic,4,586,40 mg,66
15986,Pronex,allopathic,38,586,40 mg/vial,66
15987,Pronex,allopathic,95,586,20 mg,66
15988,Pronex,allopathic,95,586,40 mg,66
15989,Pronex-MUPS,allopathic,49,587,20 mg,66
15990,Pronex-MUPS,allopathic,49,587,40 mg,66
15991,Pronil,allopathic,92,1440,500 mg,4
15992,Pronil DS,allopathic,92,1440,1000 mg,4
15993,Pronor,allopathic,92,645,5 mg,217
15994,Propa,allopathic,92,1335,15 mg,122
15995,Propanthene,allopathic,92,1335,15 mg,82
15996,Propenta,allopathic,95,1237,20 mg,133
15997,Propin,allopathic,4,1199,20 mg,98
15998,Propin,allopathic,4,1199,40 mg,98
15999,Propofol,allopathic,19,1337,200 mg/20 ml,225
16000,Propofol MCT,allopathic,19,1337,200 mg/20 ml,81
16001,Propofol-Lipuro,allopathic,19,1337,200 mg/20 ml,52
16002,Propranol,allopathic,92,1338,10 mg,165
16003,Propranol,allopathic,92,1338,40 mg,165
16004,Prosalic,allopathic,81,190,0.05%+2%,217
16005,Prosan,allopathic,92,982,25 mg,35
16006,Prosan,allopathic,92,982,50 mg,35
16007,Prosan HZ,allopathic,92,983,50 mg+12.5 mg,35
16008,Proscan,allopathic,92,674,250 mg,196
16009,Prosectil,allopathic,4,1199,20 mg,178
16010,Prosectil,allopathic,38,1199,40 mg/vial,178
16011,Prosfin,allopathic,92,645,5 mg,35
16012,Prosma,allopathic,62,898,0.03%,2
16013,Prosma,allopathic,91,899,1 mg/5 ml,2
16014,Prosma,allopathic,92,899,1 mg,2
16015,Prosol,allopathic,37,71,5%,106
16016,Prostacare,herbal,2,1438,500 mg,4
16017,Prostacin,allopathic,6,1535,0.4 mg,106
16018,Prostacin D,allopathic,2,1536,0.4 mg+0.5 mg,106
16019,Prostaid,herbal,2,1438,500 mg,191
16020,Prostalex,allopathic,92,674,250 mg,31
16021,Prostam,allopathic,6,1535,0.4 mg,66
16022,Prostanil MR,allopathic,6,1535,0.4 mg,25
16023,Prostanor,allopathic,2,1456,4 mg,185
16024,Prostanor,allopathic,2,1456,8 mg,185
16025,Prostig,allopathic,30,1147,0.5 mg/ml,48
16026,Prostol,allopathic,2,1556,1 mg,66
16027,Prostol,allopathic,2,1556,2 mg,66
16028,Prosulin,allopathic,6,1535,0.4 mg,75
16029,Prosulin-D,allopathic,2,1536,0.4 mg+0.5 mg,75
16030,Protace,allopathic,92,1364,2.5 mg,229
16031,Protace,allopathic,92,1364,5 mg,229
16032,Protace-H,allopathic,92,1365,2.5 mg+12.5 mg,229
16033,Protasol,allopathic,11,382,0.05%,26
16034,Protasol,allopathic,58,382,0.05%,26
16035,Protear,allopathic,62,1303,5% v/v,25
16036,Protebon,allopathic,92,253,500 mg,31
16037,Protebon-D,allopathic,92,257,500 mg+200 IU,31
16038,Protebon-M,allopathic,92,258,,31
16039,Protebon-P,allopathic,92,268,400 mg,31
16040,Protebon-P,allopathic,92,268,740 mg,31
16041,Protec,allopathic,92,1057,400 mg,98
16042,Protec R,allopathic,92,1368,150 mg,90
16043,Protecor,allopathic,92,1678,250 mg+200 mg,165
16044,Protecto,allopathic,92,1511,1000 mg,73
16045,Protecto,allopathic,92,1511,500 mg,73
16046,Protemin,allopathic,37,71,5%,196
16047,Protet-IG,allopathic,24,779,250 IU/ml,106
16048,Protide,allopathic,28,1426,50 mcg+100 mcg,229
16049,Protide,allopathic,28,1426,50 mcg+250 mcg,229
16050,Protide,allopathic,28,1426,50 mcg+500 mcg,229
16051,Protide,allopathic,29,1426,(25 mcg+125 mcg)/puff,229
16052,Protide,allopathic,29,1426,(25 mcg+250 mcg)/puff,229
16053,Protilez,allopathic,92,9,100 mg,194
16054,Protinavit,herbal,2,1504,500 mg,106
16055,Protinex,allopathic,37,71,5%,73
16056,Protinex Gold,allopathic,37,72,7%+10%,73
16057,Protinex Kidz,allopathic,37,776,6.53 gm/100 ml,73
16058,Protinex Ultra,allopathic,37,70,7%+10%,73
16059,Protium,allopathic,95,1237,20 mg,229
16060,Protium,allopathic,95,1237,40 mg,229
16061,Protobit,allopathic,4,1199,20 mg,107
16062,Protocid,allopathic,38,1237,40 mg/vial,4
16063,Protocid,allopathic,95,1237,20 mg,4
16064,Protocid,allopathic,95,1237,40 mg,4
16065,Protolan,allopathic,4,917,30 mg,35
16066,Protoloc,allopathic,95,1237,20 mg,31
16067,Protoloc,allopathic,95,1237,40 mg,31
16068,Protonil,allopathic,95,1237,20 mg,196
16069,Protonil,allopathic,95,1237,40 mg,196
16070,Proton-P,allopathic,38,1237,40 mg/vial,25
16071,Proton-P,allopathic,95,1237,20 mg,25
16072,Proton-P,allopathic,95,1237,40 mg,25
16073,Protopa,allopathic,95,1237,20 mg,21
16074,Protovir,allopathic,92,1553,25 mg,101
16075,Protozin,allopathic,95,1237,20 mg,75
16076,Protozin,allopathic,95,1237,40 mg,75
16077,Provair,allopathic,9,1086,4 mg,229
16078,Provair,allopathic,9,1086,5 mg,229
16079,Provair,allopathic,67,1086,4 mg/3.5 gm,229
16080,Provair,allopathic,92,1086,10 mg,229
16081,Provair ODT,allopathic,14,1086,4 mg,229
16082,Provair ODT,allopathic,14,1086,5 mg,229
16083,Proval,allopathic,91,1492,200 mg/5 ml,84
16084,Proval,allopathic,92,1492,200 mg,84
16085,Proval CR,allopathic,93,1492,200 mg,84
16086,Proval CR,allopathic,93,1492,300 mg,84
16087,Proval CR,allopathic,93,1492,500 mg,84
16088,Provenor,allopathic,92,1018,10 mg,73
16089,Provenor,allopathic,92,1018,5 mg,73
16090,Proventa,allopathic,28,1419,200 mcg,165
16091,Provera,allopathic,24,1017,150 mg/ml,225
16092,Proviron,allopathic,2,856,,134
16093,Provit-B,allopathic,91,1669,,32
16094,Provit-B,allopathic,92,1669,,32
16095,Proviten,allopathic,37,,,106
16096,Proviten Gold,allopathic,92,1100,,106
16097,Proviten JR,allopathic,37,1101,,106
16098,Proviten JR,allopathic,91,1102,,106
16099,Proviten Silver,allopathic,92,1103,,106
16100,Proxa-A,allopathic,75,1165,100 mg/5 ml,5
16101,Proxa-A,allopathic,92,1165,500 mg,5
16102,Proxen,allopathic,92,1133,500 mg,143
16103,Proxid,allopathic,92,178,6 mg+200 mg+50 mg,196
16104,Proxivir,allopathic,92,1554,300 mg,217
16105,Prozen,allopathic,92,1331,25 mg,239
16106,PruLax,allopathic,92,1343,2 mg,106
16107,Prulicon,allopathic,92,1343,1 mg,150
16108,Prulicon,allopathic,92,1343,2 mg,150
16109,Prupride,allopathic,92,1343,1 mg,31
16110,Prupride,allopathic,92,1343,2 mg,31
16111,Psudonil,allopathic,26,67,100 mg/2 ml,66
16112,Psudonil,allopathic,26,67,250 mg/2 ml,66
16113,Psudonil,allopathic,26,67,500 mg/2 ml,66
16114,Ptrim,allopathic,70,1520,(200 mg+40 mg)/5 ml,27
16115,Ptrim,allopathic,92,1520,800 mg+160 mg,27
16116,PTU,allopathic,92,1339,50 mg,196
16117,Pukenil,allopathic,69,1201,4 mg/5 ml,224
16118,Pukenil,allopathic,92,1201,8 mg,224
16119,Pulbo,allopathic,2,1286,267 mg,165
16120,Pulbo,allopathic,92,1286,534 mg,165
16121,Pulbo,allopathic,92,1286,801 mg,165
16122,Pulfibro,allopathic,92,1286,267 mg,229
16123,Pulfibro,allopathic,92,1286,534 mg,229
16124,Pulfibro,allopathic,92,1286,801 mg,229
16125,Pulmicort,allopathic,54,230,100 mcg/spray,165
16126,Pulmicort-F,allopathic,29,233,(160 mcg+4.5 mcg)/puff,165
16127,Pulmidone,allopathic,92,1286,267 mg,35
16128,Pulmidone,allopathic,92,1286,801 mg,35
16129,Pulmino,allopathic,92,531,200 mg,196
16130,Pulmino,allopathic,92,531,400 mg,196
16131,PulmoCare,allopathic,28,1419,200 mcg,101
16132,PulmoCare,allopathic,29,1420,100 mcg/puff,101
16133,PulmoCare,allopathic,29,1420,100 mcg/puff,101
16134,PulmoCare (with device),allopathic,28,1419,200 mcg,101
16135,PulmoCare-L,allopathic,29,949,50 mcg/puff,101
16136,Pulmodox,allopathic,91,531,100 mg/5 ml,229
16137,Pulmodox,allopathic,92,531,200 mg,229
16138,Pulmodox,allopathic,92,531,400 mg,229
16139,Pulmokast,allopathic,9,1086,4 mg,120
16140,Pulmokast,allopathic,92,1086,10 mg,120
16141,Pulmolin,allopathic,91,1419,2 mg/5 ml,165
16142,Pulmolin,allopathic,92,1419,4 mg,165
16143,Pulmont,allopathic,9,1086,5 mg,161
16144,Pulmont,allopathic,92,1086,10 mg,161
16145,Pulmosis,allopathic,2,1286,267 mg,106
16146,Pulmosis,allopathic,92,1286,801 mg,106
16147,Pulmoten,allopathic,92,214,62.50 mg,229
16148,Puregon,allopathic,30,688,100 IU,144
16149,Puregon,allopathic,30,688,50 IU,144
16150,Purifen,allopathic,70,475,100 mg/5 ml,106
16151,Purifen,allopathic,92,475,200 mg,106
16152,Purifen,allopathic,92,475,300 mg,106
16153,Purifen,allopathic,92,475,400 mg,106
16154,Purilin,allopathic,91,950,1 mg/5 ml,165
16155,Purilin,allopathic,92,950,1 mg,165
16156,Purilin,allopathic,92,950,2 mg,165
16157,Purinethol,allopathic,92,1035,50 mg,88
16158,Puri-Nethol,allopathic,92,1035,50 mg,
16159,Purinol,allopathic,92,43,100 mg,66
16160,Purinol,allopathic,92,43,300 mg,66
16161,Purisal,allopathic,55,949,0.31 mg/3 ml,106
16162,Purisal,allopathic,55,949,0.63 mg/3 ml,106
16163,Purisal,allopathic,55,949,1.25 mg/3 ml,106
16164,Purisal,allopathic,91,950,1 mg/5 ml,106
16165,Purisal,allopathic,92,950,1 mg,106
16166,Purisal,allopathic,92,950,2 mg,106
16167,Purnava Hand Sanitizer,allopathic,23,868,75%+0.125%+1.45%,196
16168,Purotrol,allopathic,92,939,5 mg,217
16169,Pushtikona,allopathic,67,1099,1 gm/sachet,196
16170,Pvast,allopathic,91,541,5 mg/5 ml,143
16171,Pvast,allopathic,92,541,10 mg,143
16172,PXJ,allopathic,37,1228,6 mg/ml,93
16173,Pycnogenol,herbal,2,1316,50 mg,190
16174,Pylocure,allopathic,92,1357,20 mg+500 mg+1000 mg,165
16175,Pylotrip,allopathic,92,918,30 mg+1000 mg+500 mg,217
16176,Pylotrip R,allopathic,92,1357,20 mg+500 mg+1000 mg,217
16177,Pyra Plus,allopathic,92,1240,500 mg+65 mg,196
16178,Pyrac,allopathic,70,1238,120 mg/5 ml,136
16179,Pyrac,allopathic,92,1238,500 mg,136
16180,Pyralgin,allopathic,70,1238,120 mg/5 ml,196
16181,Pyralgin,allopathic,92,1238,500 mg,196
16182,Pyrenol,allopathic,92,1240,500 mg+65 mg,62
16183,Pyrenol XR,allopathic,96,1238,665 mg,62
16184,Pyrex,allopathic,92,1238,500 mg,53
16185,Pyrex Plus,allopathic,92,1240,500 mg+65 mg,53
16186,Pyrex T,allopathic,92,,325 mg+37.5 mg,53
16187,Pyrex XR,allopathic,96,1238,665 mg,53
16188,Pyrexil Extend,allopathic,96,1238,665 mg,233
16189,Pyrexil Plus,allopathic,92,1240,500 mg+65 mg,233
16190,Pyrica,allopathic,2,1314,25 mg,180
16191,Pyrica,allopathic,2,1314,50 mg,180
16192,Pyrica,allopathic,2,1314,75 mg,180
16193,Pyridox,allopathic,96,1352,20 mg+20 mg,106
16194,Pyrimac,allopathic,92,1014,25 mg+50 mg,2
16195,Pyrin,allopathic,92,1238,500 mg,189
16196,Pyrizin,allopathic,92,1014,25 mg+50 mg,18
16197,Pyrol,allopathic,92,1351,25 mg,113
16198,Pyrostig,allopathic,92,1350,60 mg,185
16199,Pyrovit,allopathic,92,1351,20 mg,179
16200,PZ-20,allopathic,95,1237,20 mg,141
16201,PZ-40,allopathic,95,1237,40 mg,141
16202,P-Zink,allopathic,92,1703,20 mg,185
16203,Q Ben DS,allopathic,9,34,400 mg,53
16204,Q10,herbal,2,408,30 mg,84
16205,Q10,herbal,2,408,60 mg,84
16206,Qarhin,herbal,67,953,,99
16207,Qcet,allopathic,70,1238,120 mg/5 ml,164
16208,Qcet,allopathic,72,1238,80 mg/ml,164
16209,Qcet,allopathic,91,1238,120 mg/5 ml,164
16210,Qcet,allopathic,92,1238,500 mg,164
16211,Qcet Cafe,allopathic,92,1240,500 mg+65 mg,164
16212,Qcet XR,allopathic,96,1238,665 mg,164
16213,Qcin,allopathic,2,374,150 mg,196
16214,Qcin,allopathic,2,374,300 mg,196
16215,Q-Fit,allopathic,92,1354,100 mg,76
16216,Q-Fit,allopathic,92,1354,25 mg,76
16217,Q-Fit XR,allopathic,96,1354,50 mg,76
16218,Qmax,allopathic,92,1354,100 mg,2
16219,Qmax,allopathic,92,1354,25 mg,2
16220,QNOL,allopathic,92,364,500 mg,61
16221,Qpine,allopathic,92,1354,100 mg,222
16222,Qpine,allopathic,92,1354,200 mg,222
16223,Qpine,allopathic,92,1354,25 mg,222
16224,Q-Rash,allopathic,58,1697,40%,35
16225,Qrip,allopathic,92,9,100 mg,222
16226,Queptam,allopathic,92,1354,100 mg,85
16227,Queptam,allopathic,92,1354,25 mg,85
16228,Queta,allopathic,92,1354,100 mg,165
16229,Queta,allopathic,92,1354,25 mg,165
16230,Queta XR,allopathic,96,1354,200 mg,165
16231,Queta XR,allopathic,96,1354,50 mg,165
16232,Quetinil,allopathic,92,1354,100 mg,108
16233,Quetinil,allopathic,92,1354,25 mg,108
16234,Quidex,allopathic,62,366,0.3%+0.1%,150
16235,Quiet,allopathic,92,1354,100 mg,106
16236,Quiet,allopathic,92,1354,25 mg,106
16237,Quiet XR,allopathic,96,1354,200 mg,106
16238,Quiet XR,allopathic,96,1354,300 mg,106
16239,Quiet XR,allopathic,96,1354,50 mg,106
16240,Quilev,allopathic,92,945,500 mg,143
16241,Quin,allopathic,92,1355,300 mg,104
16242,Quinivir,allopathic,92,794,200 mg,217
16243,Quinobid,allopathic,92,364,500 mg,161
16244,Quinocin,allopathic,92,364,500 mg,233
16245,Quinoflox,allopathic,92,1500,200 mg,101
16246,Quinolex,allopathic,91,342,80 mg/5 ml,89
16247,Quinolex,allopathic,92,342,250 mg,89
16248,Quinox,allopathic,37,364,200 mg/100 ml,73
16249,Quinox,allopathic,92,364,250 mg,73
16250,Quinox,allopathic,92,364,500 mg,73
16251,Quinox,allopathic,92,364,750 mg,73
16252,Quinox DS,allopathic,75,364,250 mg/5 ml,73
16253,Quintor,allopathic,75,364,250 mg/5 ml,240
16254,Quintor,allopathic,92,364,500 mg,240
16255,Quiva,allopathic,92,945,500 mg,5
16256,Quixin,allopathic,92,945,500 mg,31
16257,Qutanex,allopathic,92,1354,25 mg,92
16258,Qutap,allopathic,92,1354,100 mg,101
16259,Qutap,allopathic,92,1354,25 mg,101
16260,Qutipin,allopathic,92,1354,100 mg,219
16261,Qutipin,allopathic,92,1354,25 mg,219
16262,Qutipin SR,allopathic,100,1354,200 mg,219
16263,Qutipin SR,allopathic,100,1354,300 mg,219
16264,Qutipin SR,allopathic,100,1354,50 mg,219
16265,R-20,allopathic,95,1358,20 mg,26
16266,Rabe,allopathic,4,1358,20 mg,25
16267,Rabe,allopathic,95,1358,20 mg,25
16268,Rabeca,allopathic,95,1358,20 mg,217
16269,Rabecare,allopathic,95,1358,20 mg,157
16270,Rabecon,allopathic,95,1358,20 mg,37
16271,Rabegend,allopathic,4,1358,20 mg,20
16272,Rabemax,allopathic,95,1358,20 mg,84
16273,Rabenaaf,allopathic,4,1358,20 mg,149
16274,Rabenta,allopathic,4,1358,20 mg,60
16275,Rabepes,allopathic,4,1358,20 mg,31
16276,Rabepes,allopathic,95,1358,20 mg,31
16277,Rabepes MUPS,allopathic,49,1358,20 mg,31
16278,Rabepra,allopathic,4,1358,20 mg,75
16279,Rabepra,allopathic,95,1358,20 mg,75
16280,Rabeprol,allopathic,4,1358,20 mg,215
16281,Rabeprol,allopathic,95,1358,20 mg,215
16282,Rabesec,allopathic,95,1358,20 mg,66
16283,Rabetac,allopathic,4,1358,20 mg,150
16284,Rabetac,allopathic,95,1358,20 mg,150
16285,Rabetem,allopathic,95,1358,20 mg,224
16286,Rabever,allopathic,95,1358,20 mg,233
16287,Rabiant,allopathic,95,1358,20 mg,14
16288,Rabifast,allopathic,95,1358,20 mg,73
16289,Rabigut,allopathic,95,1358,20 mg,185
16290,Rabilin,allopathic,95,1358,20 mg,197
16291,Rabimed,allopathic,95,1358,20 mg,137
16292,Rabinix,allopathic,95,1358,20 mg,186
16293,Rabipep,allopathic,95,1358,20 mg,167
16294,Rabipur,allopathic,27,1360,2.5 IU/ml,156
16295,Rabium,allopathic,95,1358,20 mg,54
16296,Rabivax,allopathic,27,1360,2.5 IU/ml,185
16297,Rabivax-IG,allopathic,24,1359,1000 IU/5 ml,185
16298,Rabix-IG,allopathic,24,1359,1000 IU/5 ml,106
16299,Rabix-VC,allopathic,27,1360,2.5 IU/ml,106
16300,Rabizol,allopathic,95,1358,20 mg,4
16301,Rablet,allopathic,95,1358,20 mg,155
16302,Rabnil,allopathic,4,1358,20 mg,34
16303,Rabonac,allopathic,95,1358,20 mg,210
16304,Raboz,allopathic,95,1358,20 mg,127
16305,Rabprazo,allopathic,95,1358,20 mg,173
16306,Rabsil,allopathic,95,1358,20 mg,211
16307,Racard,allopathic,92,1364,1.25 mg,173
16308,Racard,allopathic,92,1364,2.5 mg,173
16309,Racard,allopathic,92,1364,5 mg,173
16310,Race,allopathic,92,178,6 mg+200 mg+50 mg,105
16311,Racedot,allopathic,2,1361,100 mg,217
16312,Raceper,allopathic,4,586,20 mg,14
16313,Raceper,allopathic,4,586,40 mg,14
16314,Raceper,allopathic,95,586,20 mg,14
16315,Racetril,allopathic,2,1361,100 mg,106
16316,Racetril,allopathic,67,1361,10 mg/sachet,106
16317,Racetril,allopathic,67,1361,30 mg/sachet,106
16318,Raciprox,allopathic,75,364,250 mg/5 ml,114
16319,Raciprox,allopathic,92,364,500 mg,114
16320,Ractovit,allopathic,62,1490,,105
16321,Radex,allopathic,92,669,0.5 mg+10 mg,89
16322,Radibac,allopathic,92,945,500 mg,53
16323,Radiflex,allopathic,4,1634,40 mg,190
16324,Radifylline,allopathic,92,531,200 mg,36
16325,Radigel,allopathic,17,872,3.5 gm/5.4 gm,190
16326,Radigel,allopathic,17,872,3.5 gm/sachet,190
16327,Radigel-L,allopathic,17,872,3.5 gm/5.4 gm,190
16328,Radigel-N,allopathic,17,872,3.5 gm/5.4 gm,190
16329,Radigel-TF,allopathic,17,872,3.5 gm/5.4 gm,190
16330,Radiglip,allopathic,92,1461,100 mg,191
16331,Radiglip,allopathic,92,1461,50 mg,191
16332,Radiglip-M,allopathic,96,1462,50 mg+1000 mg,191
16333,Radiglip-M,allopathic,96,1462,50 mg+500 mg,191
16334,Radimet,allopathic,92,1039,500 mg,191
16335,Radimet,allopathic,92,1039,850 mg,191
16336,Radimet XR,allopathic,96,1039,500 mg,191
16337,Radirif,allopathic,26,1125,20 mg/2 ml,217
16338,Radisil,herbal,2,1458,140 mg,190
16339,Raditil,allopathic,92,1555,20 mg,191
16340,Raditrend,allopathic,92,296,6.25 mg,191
16341,Raditrol,allopathic,2,249,0.25 mcg,200
16342,Radivit-C,allopathic,18,1676,1000 mg,191
16343,Radivit-D,allopathic,2,410,20000 IU,191
16344,Radivit-D,allopathic,2,410,40000 IU,191
16345,Radivit-D,allopathic,2,410,50000 IU,191
16346,Radivit-D,allopathic,92,410,2000 IU,191
16347,Radizid,allopathic,92,721,80 mg,191
16348,Radizid XR,allopathic,96,721,30 mg,191
16349,Radizid XR,allopathic,96,721,60 mg,191
16350,Radola,allopathic,2,1361,100 mg,2
16351,Rafex,allopathic,70,642,30 mg/5 ml,224
16352,Rafex,allopathic,92,642,120 mg,224
16353,Ragil,allopathic,92,1370,0.5 mg,73
16354,Ragil,allopathic,92,1370,1 mg,73
16355,Raha,allopathic,95,1358,20 mg,180
16356,Rakxon,allopathic,24,315,1 gm/vial,114
16357,Rakxon,allopathic,24,315,500 mg/vial,114
16358,Rakxon,allopathic,38,315,1 gm/vial,114
16359,Rakxon,allopathic,38,315,2 gm/vial,114
16360,Ralozine SR,allopathic,100,1369,500 mg,106
16361,Raltrox,allopathic,26,1125,10 mg/ml,165
16362,Raltrox,allopathic,26,1125,20 mg/2 ml,165
16363,Ramace,allopathic,92,1364,1.25 mg,165
16364,Ramace,allopathic,92,1364,2.5 mg,165
16365,Ramace,allopathic,92,1364,5 mg,165
16366,Ramdex,allopathic,62,472,0.1%+0.5%,119
16367,Ramdivir,allopathic,37,1377,5 mg/ml,185
16368,Ramelta,allopathic,92,1363,8 mg,106
16369,Ramicard,allopathic,92,1364,1.25 mg,66
16370,Ramicard,allopathic,92,1364,2.5 mg,66
16371,Ramicard,allopathic,92,1364,5 mg,66
16372,Ramicard Plus,allopathic,92,1365,2.5 mg+12.5 mg,66
16373,Ramicard Plus,allopathic,92,1365,5 mg+25 mg,66
16374,Ramicol,allopathic,2,332,250 mg,213
16375,Ramicol,allopathic,70,332,125 mg/5 ml,213
16376,Ramil,allopathic,92,1364,1.25 mg,185
16377,Ramil,allopathic,92,1364,2.5 mg,185
16378,Ramil,allopathic,92,1364,5 mg,185
16379,Ramilon,allopathic,92,1364,2.5 mg,235
16380,Ramilon,allopathic,92,1364,5 mg,235
16381,Ramipress,allopathic,92,1364,1.25 mg,212
16382,Ramipress,allopathic,92,1364,2.5 mg,212
16383,Ramipress,allopathic,92,1364,5 mg,212
16384,Ramipro,allopathic,92,1364,2.5 mg,84
16385,Ramipro,allopathic,92,1364,5 mg,84
16386,Ramoril,allopathic,92,1364,10 mg,106
16387,Ramoril,allopathic,92,1364,1.25 mg,106
16388,Ramoril,allopathic,92,1364,2.5 mg,106
16389,Ramoril,allopathic,92,1364,5 mg,106
16390,Ramoril Plus,allopathic,92,1365,2.5 mg+12.5 mg,106
16391,Ramoril Plus,allopathic,92,1365,5 mg+25 mg,106
16392,Ramphen,allopathic,62,331,0.50%,119
16393,Rampril,allopathic,92,1364,2.5 mg,192
16394,Rampril,allopathic,92,1364,5 mg,192
16395,Rampro,allopathic,4,1199,20 mg,199
16396,Ranbex,allopathic,92,1368,150 mg,158
16397,Randamycin,allopathic,2,1568,250 mg,63
16398,Ranflox,allopathic,92,364,500 mg,192
16399,Ranflox,allopathic,92,364,750 mg,192
16400,Rani,allopathic,92,1368,150 mg,9
16401,Rani,allopathic,92,1368,150 mg,55
16402,Ranicare,allopathic,92,1368,150 mg,157
16403,Ranid,allopathic,92,1368,150 mg,240
16404,Ranidin,allopathic,26,1368,50 mg/2 ml,4
16405,Ranidin,allopathic,91,1368,75 mg/5 ml,4
16406,Ranidin,allopathic,92,1368,150 mg,4
16407,Ranidin,allopathic,92,1368,300 mg,4
16408,Ranifast,allopathic,92,1368,150 mg,204
16409,Ranigut,allopathic,92,1368,150 mg,96
16410,Ranimil,allopathic,92,1368,150 mg,140
16411,Ranison,allopathic,26,1368,50 mg/2 ml,113
16412,Ranison,allopathic,92,1368,150 mg,113
16413,Ranit,allopathic,92,1368,150 mg,179
16414,Ranitab,allopathic,92,1368,150 mg,216
16415,Ranitack,allopathic,92,1368,150 mg,5
16416,Ranitec,allopathic,92,1368,150 mg,19
16417,Ranitid,allopathic,26,1368,50 mg/2 ml,165
16418,Ranitid,allopathic,91,1368,75 mg/5 ml,165
16419,Ranitid,allopathic,92,1368,150 mg,165
16420,Ranitid,allopathic,92,1368,300 mg,165
16421,Ranitor,allopathic,92,1368,150 mg,185
16422,Ranix,allopathic,26,1368,50 mg/2 ml,48
16423,Ranlied,allopathic,92,1368,150 mg,13
16424,Ranola,allopathic,96,1369,500 mg,84
16425,Ranolin XR,allopathic,96,1369,500 mg,217
16426,Ranoxen,allopathic,92,1133,250 mg,192
16427,Ranoxen,allopathic,92,1133,500 mg,192
16428,Ranoxen Plus,allopathic,94,1134,375 mg+20 mg,192
16429,Ranoxen Plus,allopathic,94,1134,500 mg+20 mg,192
16430,Ranozex,allopathic,96,1369,500 mg,219
16431,Ransys,allopathic,92,1193,10 mg,101
16432,Ransys,allopathic,92,1193,20 mg,101
16433,Ransys,allopathic,92,1193,40 mg,101
16434,Ransys AM,allopathic,92,85,5 mg+20 mg,101
16435,Ransys AM,allopathic,92,85,5 mg+40 mg,101
16436,Ransys Plus,allopathic,92,1194,20 mg+12.5 mg,101
16437,Rantec,allopathic,92,1368,150 mg,136
16438,Rantec,allopathic,92,1368,300 mg,136
16439,Rantid,allopathic,92,1368,150 mg,29
16440,Rantin,allopathic,92,1368,150 mg,207
16441,Rantoin,allopathic,92,1167,100 mg,66
16442,Rantop,allopathic,92,1368,150 mg,160
16443,Ranul,allopathic,92,1368,150 mg,20
16444,Ranvit-B,allopathic,91,1669,,192
16445,Ranvit-B,allopathic,92,1669,,192
16446,Ranzith,allopathic,2,142,250 mg,192
16447,Ranzith,allopathic,75,142,200 mg/5 ml,192
16448,Ranzith,allopathic,92,142,500 mg,192
16449,Ranzo,allopathic,4,1199,20 mg,172
16450,Rapasin,allopathic,2,1456,4 mg,229
16451,Rapasin,allopathic,2,1456,8 mg,229
16452,Rapiclav,allopathic,75,317,(125 mg+31.25 mg)/5 ml,225
16453,Rapiclav,allopathic,92,317,250 mg+62.5 mg,225
16454,Rapiclav,allopathic,92,317,500 mg+125 mg,225
16455,Rapiflo,allopathic,2,1456,8 mg,217
16456,Rapilief,allopathic,2,1456,4 mg,161
16457,Rapilief,allopathic,2,1456,8 mg,161
16458,Rapine,allopathic,92,1073,15 mg,2
16459,Rapine,allopathic,92,1073,30 mg,2
16460,Rapine,allopathic,92,1073,7.5 mg,2
16461,Rapo,allopathic,95,1358,20 mg,135
16462,Rapofen,allopathic,92,811,400 mg,179
16463,Rasagil,allopathic,92,1370,0.5 mg,101
16464,Rasagil,allopathic,92,1370,1 mg,101
16465,Rasalet,allopathic,92,1370,0.5 mg,217
16466,Rasalet,allopathic,92,1370,1 mg,217
16467,Rashcure,allopathic,58,479,5%,73
16468,Rasonix,allopathic,4,1358,20 mg,106
16469,Rasonix,allopathic,95,1358,20 mg,106
16470,Rasonix JR,allopathic,87,1358,10 mg,106
16471,Rasoz,allopathic,95,1358,20 mg,27
16472,Rata,allopathic,92,1411,10 mg,135
16473,Ratinol Forte,allopathic,2,1667,200000 IU,66
16474,Ratinol Forte,allopathic,2,1667,50000 IU,66
16475,Ratirex,allopathic,92,614,90 mg,36
16476,Ravia,allopathic,92,1368,150 mg,180
16477,Razithro,allopathic,75,142,200 mg/5 ml,114
16478,Razithro,allopathic,92,142,500 mg,114
16479,Razole,allopathic,95,1358,20 mg,119
16480,Re 20,allopathic,4,1199,20 mg,195
16481,Re 40,allopathic,4,1199,40 mg,195
16482,Rebalin,allopathic,2,1314,25 mg,211
16483,Rebalin,allopathic,2,1314,50 mg,211
16484,Rebalin,allopathic,2,1314,75 mg,211
16485,Rebiact,allopathic,2,1399,1.5 mg,85
16486,Rebiact,allopathic,2,1399,4.5 mg,85
16487,Rebio,herbal,2,1323,4 billion,105
16488,Rebion,allopathic,24,,(100 mg+100 mg+1 mg)/3 ml,197
16489,Rebion,allopathic,92,,100 mg+200 mg+200 mcg,197
16490,Rebufen,allopathic,92,811,400 mg,197
16491,Recard,allopathic,92,123,50 mg,197
16492,Recast,allopathic,9,1086,4 mg,143
16493,Recast,allopathic,9,1086,5 mg,143
16494,Recast,allopathic,92,1086,10 mg,143
16495,Receca,allopathic,2,1361,100 mg,155
16496,Receca,allopathic,67,1361,10 mg/sachet,155
16497,Receca,allopathic,67,1361,30 mg/sachet,155
16498,Recelbia,allopathic,37,1397,10 mg/ml,101
16499,Recepra,allopathic,2,321,500 mg,194
16500,Recepra,allopathic,75,321,125 mg/5 ml,194
16501,Recin,allopathic,62,715,0.30%,195
16502,Recita,allopathic,92,583,10 mg,92
16503,Recita,allopathic,92,583,5 mg,92
16504,Reclevus,allopathic,92,1661,50 mg,108
16505,Reclevus Met,allopathic,92,1662,50 mg+500 mg,108
16506,Reclevus Met,allopathic,92,1662,50 mg+850 mg,108
16507,Recocid,allopathic,70,57,(175 mg+225 mg)/5 ml,197
16508,Recocid Plus,allopathic,9,58,400 mg+400 mg+30 mg,197
16509,Recocid Plus,allopathic,70,58,(200 mg+400 mg+30 mg)/5 ml,197
16510,Recodin,allopathic,92,1368,150 mg,53
16511,Recof,allopathic,72,66,6 mg/ml,196
16512,Recof,allopathic,91,66,15 mg/5 ml,196
16513,Recofast,allopathic,26,316,750 mg/vial,192
16514,Recofast,allopathic,75,316,125 mg/5 ml,192
16515,Recofast,allopathic,92,316,125 mg,192
16516,Recofast,allopathic,92,316,250 mg,192
16517,Recofast,allopathic,92,316,500 mg,192
16518,Recofast CV,allopathic,92,317,250 mg+62.5 mg,192
16519,Recofast CV,allopathic,92,317,500 mg+125 mg,192
16520,Recogen,allopathic,40,581,10000 IU,2
16521,Recogen,allopathic,40,581,2000 IU,2
16522,Recogen,allopathic,40,581,3000 IU,2
16523,Recogen,allopathic,40,581,5000 IU,2
16524,Reconil,allopathic,92,794,200 mg,106
16525,Recormon,allopathic,40,570,10000 IU/0.6 ml,200
16526,Recormon,allopathic,40,570,2000 IU/0.3 ml,200
16527,Recormon,allopathic,40,570,5000 IU/0.3 ml,200
16528,Recoseng,herbal,2,1234,500 mg,106
16529,Recova Plus,allopathic,2,856,,174
16530,Recox,allopathic,92,614,120 mg,196
16531,Recox,allopathic,92,614,60 mg,196
16532,Recox,allopathic,92,614,90 mg,196
16533,Rectocare,allopathic,58,1171,0.40%,217
16534,Recular,allopathic,62,897,0.50%,195
16535,Recur,allopathic,92,644,1 mg,35
16536,Red Plus,allopathic,8,641,150 mg+0.5 mg+61.8 mg,5
16537,Red Plus Extra,allopathic,2,859,,5
16538,Redclov,herbal,2,1373,40 mg,217
16539,Redema,allopathic,92,696,20 mg+50 mg,192
16540,Redema,allopathic,92,696,40 mg+50 mg,192
16541,Redia,allopathic,92,1661,50 mg,101
16542,Redia M,allopathic,92,1662,50 mg+500 mg,101
16543,Redia M,allopathic,92,1662,50 mg+850 mg,101
16544,Redid,herbal,92,1380,300.46 mg+50.07 mg,99
16545,Rednisone,allopathic,92,1311,5 mg,197
16546,Reducof,allopathic,91,483,(20 mg+10 mg+2.5 mg)/5 ml,196
16547,Reefcal Kit,allopathic,92,809,150 mg+600 mg+400 IU,240
16548,Reefcal-D,allopathic,92,257,500 mg+200 IU,240
16549,Reefcal-DX,allopathic,92,257,600 mg+400 IU,240
16550,Reef-D,allopathic,92,255,500 mg+200 IU,101
16551,Reef-DX,allopathic,92,255,600 mg+400 IU,101
16552,Reelart,allopathic,92,462,5 mg,145
16553,Reelife,allopathic,92,79,12.5 mg+5 mg,73
16554,Reetac-R,allopathic,92,1368,150 mg,150
16555,Refain,allopathic,24,494,75 mg/3 ml,143
16556,Refain,allopathic,92,494,50 mg,143
16557,Refain TR,allopathic,8,494,100 mg,143
16558,Refemoline,allopathic,62,664,0.1%+0.025%,195
16559,Re-Fenac,allopathic,62,226,0.09%,195
16560,Refla,allopathic,70,456,6 mg/5 ml,114
16561,Refla,allopathic,92,456,24 mg,114
16562,Refla,allopathic,92,456,6 mg,114
16563,Reflacid,allopathic,70,1464,(500 mg+100 mg)/5 ml,167
16564,Reflexen,allopathic,92,147,10 mg,155
16565,Reflexen,allopathic,92,147,25 mg,155
16566,Reflon,allopathic,92,726,500 mg,35
16567,Refol Z TR,allopathic,92,860,47 mg+0.5 mg+22.5 mg,195
16568,Refolic,allopathic,92,683,5 mg,194
16569,Refresh Liquigel,allopathic,62,290,1%,
16570,Refresh Tears,allopathic,62,290,0.50%,
16571,Refresh-i,allopathic,62,290,1%,26
16572,Refurox,allopathic,92,316,250 mg,191
16573,Refurox,allopathic,92,316,500 mg,191
16574,Regab,allopathic,2,1314,100 mg,31
16575,Regab,allopathic,2,1314,150 mg,31
16576,Regab,allopathic,2,1314,25 mg,31
16577,Regab,allopathic,2,1314,50 mg,31
16578,Regab,allopathic,2,1314,75 mg,31
16579,Regain,allopathic,83,1071,2%,196
16580,Regain,allopathic,83,1071,5%,196
16581,Reganex,allopathic,92,1374,40 mg,114
16582,Regerd,allopathic,4,1199,20 mg,167
16583,Regerd,allopathic,4,1199,40 mg,167
16584,Regler,allopathic,4,477,30 mg,101
16585,Regler,allopathic,4,477,60 mg,101
16586,Reglin,allopathic,92,1378,0.5 mg,84
16587,Reglin,allopathic,92,1378,1 mg,84
16588,Reglutide,allopathic,80,1444,1.34 mg/ml,35
16589,Regocent,allopathic,92,1374,40 mg,106
16590,Regora,allopathic,92,1374,40 mg,31
16591,Regrow,allopathic,83,1071,2%,225
16592,Regtin,allopathic,70,1520,(200 mg+40 mg)/5 ml,197
16593,Regtin,allopathic,92,1520,400 mg+80 mg,197
16594,Regtin DS,allopathic,92,1520,800 mg+160 mg,197
16595,Regulose,allopathic,69,911,3.35 gm/5 ml,84
16596,Regumen,allopathic,92,608,0.05 mg+2.5 mg,196
16597,Regut,allopathic,92,524,10 mg,194
16598,Rehydril,allopathic,2,1361,100 mg,105
16599,Rejoin,allopathic,92,727,250 mg+200 mg,25
16600,Rejoin-D,allopathic,92,729,750 mg+50 mg,25
16601,Rejoy,allopathic,92,1073,15 mg,73
16602,Rejoy,allopathic,92,1073,30 mg,73
16603,Rejoy,allopathic,92,1073,7.5 mg,73
16604,Rejubion,allopathic,24,,(100 mg+100 mg+1 mg)/3 ml,31
16605,Rejubion,allopathic,92,,100 mg+200 mg+200 mcg,31
16606,Rejuven,allopathic,92,253,500 mg,158
16607,Rejuven-D,allopathic,92,257,500 mg+200 IU,158
16608,Relacef,allopathic,92,316,250 mg,54
16609,Relacef,allopathic,92,316,500 mg,54
16610,Relacef Plus,allopathic,92,317,250 mg+62.5 mg,54
16611,Relacef Plus,allopathic,92,317,500 mg+125 mg,54
16612,Relafin,allopathic,92,682,50 mg,84
16613,Relatro,allopathic,2,441,25 mg,217
16614,Relaxaid,allopathic,92,224,3 mg,122
16615,Relaxen,allopathic,92,490,5 mg,216
16616,Relaxium,allopathic,92,224,3 mg,17
16617,Relaxo,allopathic,2,441,25 mg,240
16618,Relaxo,allopathic,2,441,50 mg,240
16619,Relaxton,allopathic,38,130,25 mg/2.5 ml,225
16620,Relentus,allopathic,92,1588,2 mg,35
16621,Relestat,allopathic,62,567,0.05%,
16622,Releve,allopathic,92,1133,500 mg,84
16623,Relexid,allopathic,92,1288,200 mg,196
16624,Reli Balm,herbal,11,1030,80 mg+45 mg+180 mg+10 mg,217
16625,Relikof,allopathic,91,371,125 mg/5 ml,53
16626,Relikof Kidz,allopathic,91,371,31.25 mg/5 ml,53
16627,Relise,allopathic,92,9,100 mg,107
16628,Relitch,allopathic,76,188,0.05%+0.1%+2.5%,66
16629,Reliv,allopathic,70,1238,120 mg/5 ml,27
16630,Reliv,allopathic,92,1238,500 mg,27
16631,Reliv Plus,allopathic,92,1240,500 mg+65 mg,27
16632,Relivix,allopathic,91,371,125 mg/5 ml,165
16633,Relivix Kids,allopathic,91,371,31.25 mg/5 ml,165
16634,Relmas,allopathic,92,147,10 mg,224
16635,Relofen,allopathic,92,147,10 mg,5
16636,Relor,allopathic,92,975,10 mg,197
16637,Relsin,allopathic,2,1456,4 mg,165
16638,Relsin,allopathic,2,1456,8 mg,165
16639,Relupros,allopathic,92,1376,120 mg,196
16640,Relux,allopathic,92,669,0.5 mg+10 mg,197
16641,Relvis,allopathic,26,1580,5 mg/2 ml,37
16642,Relvis,allopathic,92,1580,50 mg,37
16643,Relye,allopathic,62,226,0.09%,37
16644,Relyto,allopathic,37,1397,10 mg/ml,106
16645,Rem,allopathic,92,224,3 mg,16
16646,Remac,allopathic,75,372,125 mg/5 ml,217
16647,Remac,allopathic,92,372,500 mg,217
16648,Remacid,allopathic,70,57,(175 mg+225 mg)/5 ml,195
16649,Remacid Plus,allopathic,9,58,200 mg+200 mg+30 mg,195
16650,Remacin,allopathic,92,345,4 mg,195
16651,Remacort N,allopathic,11,788,0.5%+0.5%,195
16652,Remadon,allopathic,92,524,10 mg,195
16653,Remagyl,allopathic,70,1057,200 mg/5 ml,195
16654,Remalgin,allopathic,70,1238,120 mg/5 ml,195
16655,Remalgin,allopathic,92,1238,500 mg,195
16656,Remalgin Plus,allopathic,92,1240,500 mg+65 mg,195
16657,Remamox,allopathic,2,91,250 mg,195
16658,Remamox,allopathic,2,91,500 mg,195
16659,Remamox,allopathic,75,91,125 mg/5 ml,195
16660,Remap,allopathic,91,66,15 mg/5 ml,143
16661,Remaplex,allopathic,2,1669,,195
16662,Remaplex,allopathic,91,1669,,195
16663,Remaprost,allopathic,62,923,0.01%,195
16664,Remathrin,allopathic,11,1264,5% w/w,195
16665,Remave SR,allopathic,100,9,200 mg,108
16666,Remavit-M,allopathic,92,1098,,195
16667,Remazin,allopathic,92,502,50 mg,195
16668,Rema-Zith,allopathic,75,142,200 mg/5 ml,195
16669,Rema-Zith,allopathic,92,142,500 mg,195
16670,Rembac,allopathic,92,147,10 mg,143
16671,Remcor,allopathic,37,1377,5 mg/ml,2
16672,Remdevir,allopathic,37,1377,5 mg/ml,101
16673,Remdigen,allopathic,37,1377,5 mg/ml,84
16674,Remdinil,allopathic,37,1377,5 mg/ml,217
16675,Remens,allopathic,92,1178,5 mg,185
16676,Remet,allopathic,92,1057,400 mg,64
16677,Remicade,allopathic,35,830,100 mg/20 ml,112
16678,Remicov,allopathic,37,1377,5 mg/ml,4
16679,Remivir,allopathic,37,1377,5 mg/ml,73
16680,Remmo,allopathic,49,587,20 mg,35
16681,Remmo,allopathic,49,587,40 mg,35
16682,Remocof,herbal,91,764,,106
16683,Remood,allopathic,92,669,0.5 mg+10 mg,105
16684,Remopain,allopathic,11,1047,30%+10%+4%,54
16685,Remophos,allopathic,92,252,667 mg,2
16686,Remox,allopathic,92,12,250 mg,195
16687,Remoxin,allopathic,2,91,500 mg,197
16688,Remoxin,allopathic,75,91,125 mg/5 ml,197
16689,Remtin,allopathic,92,1025,5 mg,106
16690,Remus,allopathic,58,1531,0.03%,217
16691,Remus,allopathic,58,1531,0.10%,217
16692,Remylin,allopathic,92,1016,500 mcg,105
16693,Renac TR,allopathic,8,494,100 mg,195
16694,Renacid,allopathic,70,1464,(500 mg+100 mg)/5 ml,196
16695,Renalaid-A,allopathic,13,14,,122
16696,Renalaid-B,allopathic,13,197,,122
16697,Renaliv,allopathic,92,962,5 mg,108
16698,Renaliv Met,allopathic,92,963,2.5 mg+500 mg,108
16699,Renamycin,allopathic,2,1224,250 mg,196
16700,Renapine,allopathic,92,1354,100 mg,196
16701,Renapine,allopathic,92,1354,25 mg,196
16702,Renapine XR,allopathic,96,1354,200 mg,196
16703,Renapine XR,allopathic,96,1354,50 mg,196
16704,Renasone,allopathic,11,544,1%+0.1%,196
16705,Renep,allopathic,92,,100 mg+200 mg+200 mcg,9
16706,Renesis,allopathic,92,1408,100 mg,31
16707,Renesis,allopathic,92,1408,20 mg,31
16708,Renesis,allopathic,92,1408,50 mg,31
16709,Renete,allopathic,92,1368,150 mg,75
16710,Renib,allopathic,92,1374,40 mg,66
16711,Renicon,allopathic,92,1368,150 mg,135
16712,Renisol,allopathic,63,1313,1%,20
16713,Reno,allopathic,92,1368,150 mg,166
16714,Renocid,allopathic,70,57,(175 mg+225 mg)/5 ml,197
16715,Renorma,allopathic,92,1577,2.5 mg,217
16716,Renosart,allopathic,92,982,50 mg,127
16717,Renosart Plus,allopathic,92,983,50 mg+12.5 mg,127
16718,Renosev,allopathic,67,1450,800 mg,229
16719,Renosev,allopathic,92,1450,800 mg,229
16720,Renova,allopathic,37,1239,10 mg/ml,165
16721,Renova,allopathic,70,1238,120 mg/5 ml,165
16722,Renova,allopathic,72,1238,80 mg/ml,165
16723,Renova,allopathic,89,1238,125 mg,165
16724,Renova,allopathic,89,1238,250 mg,165
16725,Renova,allopathic,89,1238,500 mg,165
16726,Renova,allopathic,89,1238,60 mg,165
16727,Renova,allopathic,91,1238,120 mg/5 ml,165
16728,Renova,allopathic,92,1238,500 mg,165
16729,Renova Max,allopathic,92,1238,1000 mg,165
16730,Renova Plus,allopathic,92,1240,500 mg+65 mg,165
16731,Renova T,allopathic,92,,325 mg+37.5 mg,165
16732,Renova XR,allopathic,96,1238,665 mg,165
16733,Renovit,allopathic,24,,(100 mg+100 mg+1 mg)/3 ml,101
16734,Renovit,allopathic,92,,100 mg+200 mg+200 mcg,101
16735,Renvela,allopathic,92,1450,800 mg,86
16736,Renxit,allopathic,92,669,0.5 mg+10 mg,196
16737,Reocef,allopathic,2,321,500 mg,197
16738,Reocef,allopathic,75,321,125 mg/5 ml,197
16739,Reocin K,allopathic,92,1270,250 mg,197
16740,Reomen,allopathic,92,387,50 mg,73
16741,Reoplex,allopathic,91,861,,197
16742,Reoplex Forte,allopathic,30,,(100 mg+50 mg+100 mg)/2 ml,197
16743,Reoplex Forte,allopathic,91,1669,,197
16744,Reoplex Forte,allopathic,92,1669,,197
16745,Reoplex Gold,allopathic,92,1100,,197
16746,Reoplex Silver,allopathic,92,1103,,197
16747,Repace,allopathic,92,982,25 mg,219
16748,Repace,allopathic,92,982,50 mg,219
16749,Repace H,allopathic,92,983,50 mg+12.5 mg,219
16750,Repaglid,allopathic,92,1378,1 mg,9
16751,Repaglid,allopathic,92,1378,2 mg,9
16752,Repanid,allopathic,92,1378,1 mg,165
16753,Repanid,allopathic,92,1378,2 mg,165
16754,Rephaston,allopathic,92,540,10 mg,196
16755,Repidor,allopathic,92,9,100 mg,197
16756,Replet,allopathic,92,392,75 mg,101
16757,Replet Plus,allopathic,92,391,75 mg+75 mg,101
16758,Replivir,allopathic,92,563,0.5 mg,35
16759,Replivir,allopathic,92,563,1 mg,35
16760,Repopain,allopathic,26,896,30 mg/ml,167
16761,Repopain,allopathic,92,896,10 mg,167
16762,Repose,allopathic,92,1448,100 mg,106
16763,Repose,allopathic,92,1448,25 mg,106
16764,Repose,allopathic,92,1448,50 mg,106
16765,Repotyn,allopathic,37,71,5%,2
16766,Repotyn Max,allopathic,37,72,7%+10%,2
16767,Repres SR,allopathic,100,825,1.5 mg,217
16768,Repro,allopathic,92,1133,500 mg,
16769,Reprova,allopathic,62,176,1.50%,101
16770,Reptylin,allopathic,92,78,10 mg,108
16771,Reptylin,allopathic,92,78,25 mg,108
16772,Requin,allopathic,30,1355,300 mg/5 ml,197
16773,Requin,allopathic,92,1355,300 mg,197
16774,Resadol,allopathic,92,,325 mg+37.5 mg,106
16775,Resant,allopathic,92,1073,15 mg,66
16776,Resco,allopathic,92,1395,1 mg,66
16777,Resco,allopathic,92,1395,2 mg,66
16778,Rescure,allopathic,2,304,200 mg,134
16779,Rescure,allopathic,75,304,100 mg/5 ml,134
16780,Rescuvolin,allopathic,26,261,10 mg/ml,177
16781,Rescuvolin,allopathic,92,261,15 mg,177
16782,Resdil,allopathic,92,1419,4 mg,55
16783,Resectin,allopathic,92,1368,150 mg,114
16784,Reservix,allopathic,92,9,100 mg,106
16785,Reservix SR,allopathic,100,9,200 mg,106
16786,Reset,allopathic,37,1239,10 mg/ml,106
16787,Reset,allopathic,70,1238,120 mg/5 ml,106
16788,Reset,allopathic,72,1238,80 mg/ml,106
16789,Reset,allopathic,92,1238,500 mg,106
16790,Reset ER,allopathic,96,1238,665 mg,106
16791,Reset Plus,allopathic,92,1240,500 mg+65 mg,106
16792,Residon,allopathic,69,1395,1 mg/ml,101
16793,Residon,allopathic,92,1395,1 mg,101
16794,Residon,allopathic,92,1395,2 mg,101
16795,Residon,allopathic,92,1395,4 mg,101
16796,Resinib,allopathic,2,1523,50 mg,114
16797,Resitone,allopathic,92,696,20 mg+50 mg,35
16798,Resitone,allopathic,92,696,40 mg+50 mg,35
16799,Resol,allopathic,91,66,15 mg/5 ml,210
16800,Resolax,allopathic,92,1343,1 mg,76
16801,Resolax,allopathic,92,1343,2 mg,76
16802,Resolve,allopathic,84,892,2%,35
16803,Resopan,allopathic,92,802,10 mg,84
16804,Respamox,allopathic,92,1090,400 mg,215
16805,Respazit,allopathic,2,142,250 mg,215
16806,Respazit,allopathic,75,142,200 mg/5 ml,215
16807,Respazit,allopathic,92,142,500 mg,215
16808,Respi-D,allopathic,91,510,(14 mg+6.5 mg+2 mg)/5 ml,212
16809,Respidox,allopathic,91,531,100 mg/5 ml,53
16810,Respidox,allopathic,92,531,200 mg,53
16811,Respidox,allopathic,92,531,400 mg,53
16812,Respi-M,allopathic,91,748,(100 mg+1.1 mg+14 mg)/5 ml,212
16813,Respira,allopathic,91,950,1 mg/5 ml,35
16814,Respira,allopathic,92,950,1 mg,35
16815,Respira,allopathic,92,950,2 mg,35
16816,Respite,allopathic,95,1358,20 mg,222
16817,Respolin,allopathic,91,1419,2 mg/5 ml,113
16818,Respolin,allopathic,92,1419,4 mg,113
16819,ResQ,herbal,2,408,30 mg,217
16820,ResQ,herbal,2,408,60 mg,217
16821,Resquin,allopathic,62,944,0.50%,101
16822,Resquin,allopathic,92,945,500 mg,101
16823,Resquine TS,allopathic,62,944,1.50%,101
16824,Restat,allopathic,92,1406,10 mg,105
16825,Restat,allopathic,92,1406,5 mg,105
16826,Restobac,allopathic,92,147,10 mg,84
16827,Restol,allopathic,92,224,3 mg,73
16828,Restonix,allopathic,92,389,0.5 mg,226
16829,Restonix,allopathic,92,389,2 mg,226
16830,Restor Glod,allopathic,92,1100,,235
16831,Restor Silver,allopathic,92,1103,,235
16832,Restovit,allopathic,91,1669,,239
16833,Restovit M,allopathic,72,1112,,239
16834,Restovit Plus,allopathic,2,1670,,239
16835,Restovit-B,allopathic,92,1669,,239
16836,Restovit-M,allopathic,92,1098,,239
16837,Resva,allopathic,92,1406,10 mg,31
16838,Resva,allopathic,92,1406,20 mg,31
16839,Resva,allopathic,92,1406,5 mg,31
16840,Retabac,allopathic,58,1379,1%,217
16841,Retapex,allopathic,58,1379,1%,106
16842,Reticap,allopathic,2,870,10 mg,229
16843,Reticap,allopathic,2,870,20 mg,229
16844,Retigel,allopathic,101,871,0.05%,229
16845,Retigel,allopathic,101,1612,0.05%,229
16846,Retin-A,allopathic,11,1612,0.05%,222
16847,Retocain,allopathic,58,359,,66
16848,Retram,allopathic,2,1604,50 mg,197
16849,Retram,allopathic,26,1604,100 mg/2 ml,197
16850,Retrezin,allopathic,92,324,10 mg,199
16851,Retrovir,allopathic,92,1554,300 mg,180
16852,Reufen,allopathic,70,811,100 mg/5 ml,82
16853,Reufen,allopathic,92,811,200 mg,82
16854,Reufen,allopathic,92,811,400 mg,82
16855,Reumacap,allopathic,2,828,25 mg,25
16856,Reumacap SR,allopathic,7,828,75 mg,25
16857,Reumacare,herbal,91,1307,,4
16858,Reumacid,allopathic,89,829,100 mg,25
16859,Reumafen,allopathic,70,811,100 mg/5 ml,35
16860,Reumafen,allopathic,92,811,200 mg,35
16861,Reumafen,allopathic,92,811,400 mg,35
16862,Reumaflex,allopathic,92,794,200 mg,62
16863,Reumazin,allopathic,92,1516,500 mg,25
16864,Reutren,allopathic,22,494,1% w/w,82
16865,Reutren,allopathic,24,494,75 mg/3 ml,82
16866,Reutren,allopathic,62,495,0.10%,82
16867,Reutren SR,allopathic,7,494,100 mg,82
16868,Revacin,allopathic,62,944,0.50%,195
16869,Revalon,allopathic,92,1090,400 mg,155
16870,Revam Gold,allopathic,92,1100,,150
16871,Revam Kids,allopathic,91,1097,,150
16872,Revam Silver,allopathic,92,1103,,150
16873,Revatol,herbal,91,1003,,217
16874,Revenor,allopathic,92,1566,12.5 mg,85
16875,Revenor,allopathic,92,1566,25 mg,85
16876,Reversair,allopathic,14,1086,4 mg,2
16877,Reversair,allopathic,14,1086,5 mg,2
16878,Reversair,allopathic,92,1086,10 mg,2
16879,Reverse,allopathic,92,389,0.5 mg,64
16880,Reverse,allopathic,92,389,2 mg,64
16881,Revert,allopathic,92,362,20 mg+40 mg,106
16882,Revira,allopathic,92,1642,1 gm,217
16883,Revira,allopathic,92,1642,500 mg,217
16884,Revistar,allopathic,2,651,250 mg,37
16885,Revistar,allopathic,2,651,500 mg,37
16886,Revistar,allopathic,75,651,125 mg/5 ml,37
16887,Revital,allopathic,91,1098,,2
16888,Revital Teen B,allopathic,92,1105,,2
16889,Revital Teen G,allopathic,92,1106,,2
16890,Revital-30,allopathic,92,1103,,2
16891,Revital-32,allopathic,92,1100,,2
16892,Revoc,allopathic,2,321,500 mg,158
16893,Revoc,allopathic,72,321,125 mg/1.25 ml,158
16894,Revoc,allopathic,75,321,125 mg/5 ml,158
16895,Revoc DS,allopathic,75,321,250 mg/5 ml,158
16896,Revocon,allopathic,92,1566,12.5 mg,219
16897,Revocon,allopathic,92,1566,25 mg,219
16898,Revodil,allopathic,92,296,6.25 mg,105
16899,Revofer,allopathic,39,630,500 mg/10 ml,217
16900,Revofer,allopathic,39,630,750 mg/15 ml,217
16901,Revolade,allopathic,92,549,25 mg,88
16902,Revolade,allopathic,92,549,25 mg,156
16903,Rewat,allopathic,69,911,3.35 gm/5 ml,120
16904,Rex,allopathic,92,178,6 mg+200 mg+50 mg,217
16905,Rexiet,allopathic,4,1358,20 mg,122
16906,Rexiet,allopathic,87,1358,10 mg,122
16907,Rexilo,allopathic,92,1376,120 mg,106
16908,Rezor,allopathic,92,1193,20 mg,196
16909,Rezor,allopathic,92,1193,40 mg,196
16910,Rezor Max,allopathic,92,85,5 mg+20 mg,196
16911,Rezor Max,allopathic,92,85,5 mg+40 mg,196
16912,Rezor Plus,allopathic,92,1194,20 mg+12.5 mg,196
16913,Rezor Plus,allopathic,92,1194,40 mg+12.5 mg,196
16914,Rezoven,allopathic,92,26,10 mg,35
16915,rFSH,allopathic,80,1371,75 IU/vial,185
16916,Rheuma,allopathic,92,9,100 mg,148
16917,Rheumet,allopathic,2,828,25 mg,179
16918,Rhine,allopathic,92,1368,150 mg,101
16919,Rhinex,allopathic,92,462,5 mg,54
16920,Rhinil,allopathic,91,324,5 mg/5 ml,25
16921,Rhinil,allopathic,92,324,10 mg,25
16922,Rhinocort,allopathic,54,230,100 mcg/spray,66
16923,Rhinomist,allopathic,54,675,27.5 mcg/spray,229
16924,Rhinor MR,allopathic,98,1076,10 mg,165
16925,Rhinozol,allopathic,52,1690,0.05%,4
16926,Rhinozol,allopathic,52,1690,0.10%,4
16927,Rhitin,allopathic,92,541,10 mg,4
16928,RhoGAM,allopathic,24,772,300 mcg/2 ml,238
16929,Rhophylac,allopathic,24,772,300 mcg/2 ml,57
16930,Ribacee,allopathic,2,1382,200 mg,114
16931,Ribaplex,allopathic,91,1669,,20
16932,Ribiflavine,allopathic,92,1383,5 mg,197
16933,Riboclin,allopathic,2,374,300 mg,37
16934,Riboflavin,allopathic,92,1383,5 mg,42
16935,Riboflavin,allopathic,92,1383,5 mg,104
16936,Riboflavine,allopathic,92,1383,5 mg,42
16937,Riboflavine,allopathic,92,1383,5 mg,107
16938,Riboflavine,allopathic,92,1383,5 mg,179
16939,Ribomin,allopathic,92,1383,5 mg,5
16940,Riboseem,allopathic,92,1383,5 mg,207
16941,Ribosina,allopathic,92,1383,5 mg,105
16942,Riboson,allopathic,92,1383,5 mg,113
16943,Ribovit,allopathic,92,1383,5 mg,8
16944,Ribox,allopathic,92,614,120 mg,35
16945,Ribox,allopathic,92,614,60 mg,35
16946,Ribox,allopathic,92,614,90 mg,35
16947,Ribozith,allopathic,75,142,200 mg/5 ml,157
16948,Ribozith,allopathic,92,142,500 mg,157
16949,Rice ORS,allopathic,67,1206,,217
16950,Rice Saline,allopathic,67,1206,,84
16951,Rice Saline,allopathic,67,1206,,239
16952,Ridair,allopathic,91,899,1 mg/5 ml,224
16953,Ridair,allopathic,92,899,1 mg,224
16954,Ridco,allopathic,92,1343,1 mg,196
16955,Ridco,allopathic,92,1343,2 mg,196
16956,Ridel ER,allopathic,96,1154,500 mg,106
16957,Ridicef,allopathic,2,301,300 mg,150
16958,Ridicef,allopathic,75,301,125 mg/5 ml,150
16959,Ridon,allopathic,70,524,5 mg/5 ml,73
16960,Ridon,allopathic,72,524,5 mg/ml,73
16961,Ridon,allopathic,92,524,10 mg,73
16962,Ridon EG,allopathic,16,524,10 mg/3 gm,73
16963,Ridon Fast,allopathic,14,524,10 mg,73
16964,Rifabac,allopathic,92,1388,200 mg,185
16965,Rifacol,allopathic,92,1388,200 mg,210
16966,Rifacol,allopathic,92,1388,550 mg,210
16967,Rifagen,allopathic,92,1385,450 mg+300 mg,179
16968,Rifagut,allopathic,92,1388,200 mg,165
16969,Rifagut,allopathic,92,1388,550 mg,165
16970,Rifamax,allopathic,92,1388,200 mg,106
16971,Rifamax,allopathic,92,1388,550 mg,106
16972,Rifatan,allopathic,91,1384,100 mg/5 ml,82
16973,Rifax,allopathic,92,1388,200 mg,31
16974,Rifax,allopathic,92,1388,550 mg,31
16975,Rifaxin,allopathic,92,1388,200 mg,240
16976,Rifaxin,allopathic,92,1388,550 mg,240
16977,Rifcin,allopathic,2,1384,150 mg,179
16978,Rifcin,allopathic,91,1384,100 mg/5 ml,179
16979,Rilovir,allopathic,92,974,200 mg+50 mg,35
16980,Riluket,allopathic,92,1389,50 mg,222
16981,Rimactane,allopathic,92,1384,450 mg,206
16982,Rimactazid,allopathic,92,1385,300 mg+150 mg,206
16983,Rimactazid,allopathic,92,1385,450 mg+300 mg,206
16984,Rimcure 3-FDC,allopathic,92,1386,150 mg+75 mg+400 mg,206
16985,Rimodep,herbal,2,,300 mg,106
16986,Rimstar 4-FDC,allopathic,92,1387,150 mg+75 mg+400 mg+275 mg,206
16987,Rinase,allopathic,55,850,250 mcg/ml,2
16988,Ringer's Solution,allopathic,37,1391,,164
16989,Rinobas,allopathic,92,541,10 mg,114
16990,Rinobil,allopathic,69,198,12.5 mg/5 ml,180
16991,Rinobil,allopathic,92,198,20 mg,180
16992,Rinocet,allopathic,92,939,5 mg,114
16993,Rinofen,allopathic,92,642,120 mg,114
16994,Rinofen,allopathic,92,642,180 mg,114
16995,Rinotin,allopathic,92,939,5 mg,37
16996,Rinzin,allopathic,92,324,10 mg,90
16997,Riovera,allopathic,92,879,12 mg,101
16998,Riovera,allopathic,92,879,6 mg,101
16999,Riox,allopathic,92,614,120 mg,229
17000,Riox,allopathic,92,614,60 mg,229
17001,Riox,allopathic,92,614,90 mg,229
17002,Ripril,allopathic,92,1364,2.5 mg,217
17003,Ripril,allopathic,92,1364,5 mg,217
17004,Riscord,allopathic,92,1395,1 mg,84
17005,Riscord,allopathic,92,1395,2 mg,84
17006,Riscord,allopathic,92,1395,4 mg,84
17007,Risdon,allopathic,92,1395,1 mg,229
17008,Risdon,allopathic,92,1395,2 mg,229
17009,Risdon,allopathic,92,1395,4 mg,229
17010,Risedon,allopathic,92,1392,150 mg,217
17011,Risedon Plus,allopathic,92,1393,35 mg+500 mg,217
17012,Rislock,allopathic,92,1395,1 mg,108
17013,Rislock,allopathic,92,1395,2 mg,108
17014,Rislock,allopathic,92,1395,4 mg,108
17015,Rison,allopathic,92,1597,50 mg,119
17016,Risonet,allopathic,92,1392,150 mg,165
17017,Risonet,allopathic,92,1392,35  mg,165
17018,Rispain Plus,allopathic,24,496,(75 mg+20 mg)/2 ml,74
17019,Risperdal Consta,allopathic,43,1394,25 mg/vial,112
17020,Risperdal Consta,allopathic,43,1394,37.5 mg/vial,112
17021,Risperdal Consta,allopathic,43,1394,50 mg/vial,112
17022,Risperdex,allopathic,92,1395,1 mg,165
17023,Risperdex,allopathic,92,1395,2 mg,165
17024,Risperdex,allopathic,92,1395,4 mg,165
17025,Rispolux,allopathic,92,1395,1 mg,206
17026,Rispolux,allopathic,92,1395,2 mg,206
17027,Rispolux,allopathic,92,1395,4 mg,206
17028,Rit,allopathic,24,315,1 gm/vial,119
17029,Rit,allopathic,24,315,250 mg/vial,119
17030,Rit,allopathic,24,315,500 mg/vial,119
17031,Rit,allopathic,38,315,1 gm/vial,119
17032,Rit,allopathic,38,315,2 gm/vial,119
17033,Ritch,allopathic,14,642,30 mg,2
17034,Ritch,allopathic,70,642,30 mg/5 ml,2
17035,Ritch,allopathic,92,642,120 mg,2
17036,Ritch,allopathic,92,642,180 mg,2
17037,Ritch,allopathic,92,642,60 mg,2
17038,Rito,allopathic,92,614,120 mg,165
17039,Rito,allopathic,92,614,60 mg,165
17040,Rito,allopathic,92,614,90 mg,165
17041,Ritopar,allopathic,92,1396,10 mg,2
17042,Rituxim,allopathic,37,1397,10 mg/ml,31
17043,Rivaban,allopathic,92,1398,10 mg,2
17044,Rivaban,allopathic,92,1398,20 mg,2
17045,Rivaban,allopathic,92,1398,2.5 mg,2
17046,RivaCap,allopathic,2,1399,1.5 mg,105
17047,RivaCap,allopathic,2,1399,3 mg,105
17048,Rivadel,allopathic,92,1398,10 mg,62
17049,Rivadel,allopathic,92,1398,2.5 mg,62
17050,Rivamer,allopathic,2,1399,1.5 mg,219
17051,Rivamer,allopathic,2,1399,3 mg,219
17052,Rivamer,allopathic,2,1399,4.5 mg,219
17053,Rivaren,allopathic,2,1399,1.5 mg,196
17054,Rivaren,allopathic,2,1399,3 mg,196
17055,Rivarox,allopathic,92,1398,10 mg,73
17056,Rivarox,allopathic,92,1398,15 mg,73
17057,Rivarox,allopathic,92,1398,20 mg,73
17058,Rivarox,allopathic,92,1398,2.5 mg,73
17059,Rivas,allopathic,2,1399,1.5 mg,185
17060,Rivas,allopathic,2,1399,3 mg,185
17061,Rivatig,allopathic,2,1399,1.5 mg,217
17062,RivaXa,allopathic,92,1398,10 mg,217
17063,RivaXa,allopathic,92,1398,2.5 mg,217
17064,Rivin,allopathic,92,1383,5 mg,221
17065,Rivo,allopathic,92,389,0.25 mg,171
17066,Rivo,allopathic,92,389,0.5 mg,171
17067,Rivo,allopathic,92,389,1 mg,171
17068,Rivo,allopathic,92,389,2 mg,171
17069,Rivosis,allopathic,92,1398,10 mg,31
17070,Rivotril,allopathic,92,389,0.5 mg,191
17071,Rivotril,allopathic,92,389,1 mg,191
17072,Rivotril,allopathic,92,389,2 mg,191
17073,Rixoban,allopathic,92,1398,10 mg,37
17074,Rixoban,allopathic,92,1398,2.5 mg,37
17075,Rixol,allopathic,91,66,15 mg/5 ml,135
17076,Riz,allopathic,91,324,5 mg/5 ml,171
17077,Riz,allopathic,92,324,10 mg,171
17078,Rizamig,allopathic,92,1400,5 mg,101
17079,Rizat,allopathic,92,1400,5 mg,4
17080,Rizelium,allopathic,2,656,10 mg,229
17081,Rizelium,allopathic,2,656,5 mg,229
17082,Rizin,allopathic,91,324,5 mg/5 ml,82
17083,Rizin,allopathic,92,324,10 mg,82
17084,Rizonib,allopathic,2,421,250 mg,66
17085,Rmax,allopathic,4,1358,20 mg,62
17086,RN-D,allopathic,92,257,500 mg+200 IU,199
17087,Roaccutane,allopathic,2,870,10 mg,200
17088,Roaccutane,allopathic,2,870,20 mg,200
17089,Robentyl,allopathic,91,499,10 mg/5 ml,101
17090,Robentyl,allopathic,92,499,10 mg,101
17091,Robic,allopathic,92,1208,500 mg,217
17092,Robust,allopathic,95,1358,20 mg,48
17093,Rocal,allopathic,92,253,500 mg,101
17094,Rocal Jr,allopathic,9,253,250 mg,101
17095,Rocal-D,allopathic,92,257,500 mg+200 IU,101
17096,Rocal-D Vita,allopathic,18,257,600 mg+400 IU,101
17097,Rocal-M,allopathic,92,258,,101
17098,Rocal-M Vita,allopathic,18,258,,101
17099,Rocal-O,allopathic,92,268,400 mg,101
17100,Rocef,allopathic,2,321,250 mg,101
17101,Rocef,allopathic,2,321,500 mg,101
17102,Rocef,allopathic,75,321,125 mg/5 ml,101
17103,Rocef Forte,allopathic,75,321,250 mg/5 ml,101
17104,Roceptin,allopathic,4,1199,20 mg,63
17105,Rocipro,allopathic,62,365,0.30%,101
17106,Rocipro,allopathic,92,364,500 mg,101
17107,Rocipro,allopathic,92,364,750 mg,101
17108,Rocipro Plus,allopathic,62,366,0.3%+0.1%,101
17109,Roclav,allopathic,75,317,(125 mg+31.25 mg)/5 ml,53
17110,Roclav,allopathic,92,317,250 mg+62.5 mg,53
17111,Roclav,allopathic,92,317,500 mg+125 mg,53
17112,Rocovas,allopathic,92,1406,10 mg,106
17113,Rocovas,allopathic,92,1406,20 mg,106
17114,Rocovas,allopathic,92,1406,5 mg,106
17115,Rocular,allopathic,62,218,0.20%,82
17116,Rocular Plus,allopathic,62,219,0.2%+0.5%,82
17117,Rocuron,allopathic,38,1401,50 mg/5 ml,106
17118,Rocuronium Hameln,allopathic,38,1401,50 mg/5 ml,
17119,Rocy,allopathic,92,1327,5 mg,64
17120,Rofaz TR,allopathic,8,641,150 mg+0.5 mg+61.8 mg,186
17121,Rofecin,allopathic,24,315,1 gm/vial,191
17122,Rofecin,allopathic,24,315,500 mg/vial,191
17123,Rofecin,allopathic,38,315,1 gm/vial,191
17124,Rofecin,allopathic,38,315,2 gm/vial,191
17125,Rofecin,allopathic,38,315,500 mg/vial,191
17126,Rofin,allopathic,92,614,120 mg,63
17127,Rofin,allopathic,92,614,90 mg,63
17128,Rofixim,allopathic,2,304,200 mg,191
17129,Rofixim,allopathic,2,304,400 mg,191
17130,Rofixim,allopathic,75,304,100 mg/5 ml,191
17131,Rofixim-DS,allopathic,75,304,200 mg/5 ml,191
17132,Roflast,allopathic,92,1402,500 mcg,31
17133,Roflu,allopathic,92,1402,500 mcg,73
17134,Rofuclav,allopathic,75,317,(125 mg+31.25 mg)/sachet,191
17135,Rofuclav,allopathic,92,317,250 mg+62.5 mg,191
17136,Rofuclav,allopathic,92,317,500 mg+125 mg,191
17137,Rofumil,allopathic,92,1402,500 mcg,66
17138,Rofurox,allopathic,26,316,750 mg/vial,191
17139,Rofurox,allopathic,75,316,125 mg/5 ml,191
17140,Rofurox,allopathic,92,316,250 mg,191
17141,Rofurox,allopathic,92,316,500 mg,191
17142,Roin,allopathic,2,314,400 mg,240
17143,Roin,allopathic,75,314,90 mg/5 ml,240
17144,Roket,allopathic,26,896,30 mg/ml,89
17145,Roket,allopathic,26,896,60 mg/2 ml,89
17146,Roket,allopathic,92,896,10 mg,89
17147,Rolac,allopathic,26,896,10 mg/ml,196
17148,Rolac,allopathic,26,896,30 mg/ml,196
17149,Rolac,allopathic,26,896,60 mg/2 ml,196
17150,Rolac,allopathic,92,896,10 mg,196
17151,Rolac MDT,allopathic,14,896,10 mg,196
17152,Rolafen,allopathic,92,896,10 mg,179
17153,Rolamax,allopathic,92,896,10 mg,36
17154,Rolid,allopathic,75,1410,50 mg/5 ml,89
17155,Rolid,allopathic,92,1410,300 mg,89
17156,Rolip,allopathic,92,1406,10 mg,196
17157,Rolip,allopathic,92,1406,20 mg,196
17158,Rolip,allopathic,92,1406,5 mg,196
17159,Romac,allopathic,92,142,500 mg,202
17160,Rome,allopathic,4,1199,20 mg,197
17161,Romfen,allopathic,62,226,0.09%,73
17162,Romfen S,allopathic,62,226,0.07%,73
17163,Romilac,allopathic,26,896,30 mg/ml,225
17164,Romilac,allopathic,92,896,10 mg,225
17165,Romilast,allopathic,92,1402,500 mcg,122
17166,Romilok,allopathic,4,1199,20 mg,194
17167,Romycin,allopathic,2,142,250 mg,105
17168,Romycin,allopathic,62,143,1%,105
17169,Romycin,allopathic,75,142,200 mg/5 ml,105
17170,Romycin,allopathic,92,142,500 mg,105
17171,Ronac Plus,allopathic,24,496,(75 mg+20 mg)/2 ml,84
17172,Ronapreve,allopathic,30,297,1332 mg/11.1 ml & 1332 mg/11.1 ml,200
17173,Ronapreve,allopathic,30,297,300 mg/2.5 ml & 300 mg/2.5 ml,200
17174,Ronem,allopathic,39,1036,1 gm/vial,165
17175,Ronem,allopathic,39,1036,250 mg/vial,165
17176,Ronem,allopathic,39,1036,500 mg/vial,165
17177,Ropenem,allopathic,39,1036,1 gm/vial,66
17178,Ropenem,allopathic,39,1036,500 mg/vial,66
17179,Ropenia,allopathic,40,643,300 mcg/0.5 ml,2
17180,Ropinol,allopathic,92,1404,0.25 mg,106
17181,Ropinol,allopathic,92,1404,1 mg,106
17182,Ropinol,allopathic,92,1404,2 mg,106
17183,Ropitor,allopathic,92,1406,10 mg,165
17184,Ropitor,allopathic,92,1406,20 mg,165
17185,Ropitor,allopathic,92,1406,5 mg,165
17186,Roquin,allopathic,92,794,200 mg,239
17187,Rosalin,allopathic,11,1219,1%,106
17188,Rosatan H,allopathic,92,983,50 mg+12.5 mg,2
17189,Rose,herbal,2,617,500 mg,84
17190,Rosebac,allopathic,39,1036,1 gm/vial,53
17191,Rosebac,allopathic,39,1036,500 mg/vial,53
17192,Rosela,allopathic,69,1411,5 mg/5 ml,101
17193,Rosela,allopathic,92,1411,10 mg,101
17194,Rosen,allopathic,92,601,0.03 mg+3 mg,106
17195,Rosen Gold,allopathic,92,602,0.02 mg+3 mg,106
17196,Rosen Plus,allopathic,92,604,0.03 mg+3 mg+0.415 mg,106
17197,Rosen Star,allopathic,92,604,0.02 mg+3 mg+0.415 mg,106
17198,Rosetor,allopathic,92,1406,10 mg,2
17199,Rosetor,allopathic,92,1406,20 mg,2
17200,Rosetor,allopathic,92,1406,5 mg,2
17201,Rosicard,allopathic,92,1406,10 mg,226
17202,Rosicard,allopathic,92,1406,5 mg,226
17203,Rosnum,herbal,92,1182,125 mg+62.5 mg+62.5 mg,99
17204,Rostab,allopathic,92,1406,10 mg,4
17205,Rostab,allopathic,92,1406,20 mg,4
17206,Rostab,allopathic,92,1406,5 mg,4
17207,Rostatin,allopathic,92,1406,10 mg,66
17208,Rostatin,allopathic,92,1406,20 mg,66
17209,Rostatin,allopathic,92,1406,5 mg,66
17210,Rosterol,allopathic,92,1406,10 mg,231
17211,Rostil,allopathic,92,1012,135 mg,35
17212,Rostil Plus,herbal,16,874,(3.5 gm+135 mg)/sachet,35
17213,Rostil SR,allopathic,7,1012,200 mg,35
17214,Rosu,allopathic,92,1406,10 mg,185
17215,Rosu,allopathic,92,1406,20 mg,185
17216,Rosu,allopathic,92,1406,5 mg,185
17217,Rosucard,allopathic,92,1406,10 mg,53
17218,Rosufast,allopathic,92,1406,10 mg,75
17219,Rosufast,allopathic,92,1406,5 mg,75
17220,Rosugen,allopathic,92,1406,10 mg,84
17221,Rosugen,allopathic,92,1406,20 mg,84
17222,Rosugen,allopathic,92,1406,5 mg,84
17223,Rosulip,allopathic,92,1406,10 mg,89
17224,Rosumax,allopathic,92,1406,10 mg,122
17225,Rosumax,allopathic,92,1406,20 mg,122
17226,Rosumax,allopathic,92,1406,5 mg,122
17227,Rosunor,allopathic,92,1406,10 mg,26
17228,Rosunor,allopathic,92,1406,5 mg,26
17229,Rosutin,allopathic,92,1406,10 mg,35
17230,Rosutin,allopathic,92,1406,20 mg,35
17231,Rosutin,allopathic,92,1406,5 mg,35
17232,Rosuva,allopathic,92,1406,10 mg,217
17233,Rosuva,allopathic,92,1406,20 mg,217
17234,Rosuva,allopathic,92,1406,5 mg,217
17235,Rosvin,allopathic,92,1406,10 mg,9
17236,Rotacal,allopathic,92,268,400 mg,2
17237,Rotacal Max,allopathic,92,268,740 mg,2
17238,Rotagan,allopathic,92,622,200 mg,53
17239,Rotalac,allopathic,26,896,30 mg/ml,180
17240,Rotalac,allopathic,26,896,60 mg/2 ml,180
17241,Rotalac,allopathic,92,896,10 mg,180
17242,Rotarac,allopathic,62,226,0.09%,2
17243,Rotarac LS,allopathic,62,226,0.07%,2
17244,Rotarix,allopathic,70,1407,1.5 ml/dose,88
17245,Rotate,allopathic,92,268,400 mg,240
17246,Rotate,allopathic,92,268,740 mg,240
17247,RotaTeq,allopathic,70,1407,1.5 ml/dose,144
17248,Rotek,allopathic,26,896,30 mg/ml,158
17249,Rotek,allopathic,92,896,10 mg,158
17250,Rotex,allopathic,92,178,6 mg+200 mg+50 mg,133
17251,Rotomycin,allopathic,92,1410,300 mg,119
17252,Rovamycine,allopathic,92,1502,3 MIU,222
17253,Rovantin,allopathic,72,309,20 mg/ml,165
17254,Rovantin,allopathic,75,309,40 mg/5 ml,165
17255,Rovantin,allopathic,92,309,100 mg,165
17256,Rovantin,allopathic,92,309,200 mg,165
17257,Rovantin DS,allopathic,75,309,80 mg/5 ml,165
17258,Rovast,allopathic,92,1406,10 mg,101
17259,Rovast,allopathic,92,1406,20 mg,101
17260,Rovast,allopathic,92,1406,5 mg,101
17261,Rovator,allopathic,92,1406,10 mg,155
17262,Rovator,allopathic,92,1406,5 mg,155
17263,Rovedilol,allopathic,92,296,12.5 mg,101
17264,Rovedilol,allopathic,92,296,6.25 mg,101
17265,Rovex,allopathic,92,1406,10 mg,171
17266,Rovex,allopathic,92,1406,5 mg,171
17267,Roxadex,allopathic,26,470,5 mg/ml,161
17268,Roxadex,allopathic,26,470,6 mg/ml,161
17269,Roxadex,allopathic,92,470,6 mg,161
17270,Roxair,allopathic,92,1402,500 mcg,106
17271,Roxal,allopathic,72,66,6 mg/ml,67
17272,Roxal,allopathic,91,66,15 mg/5 ml,67
17273,Roxarel,allopathic,92,1398,10 mg,106
17274,Roxarel,allopathic,92,1398,15 mg,106
17275,Roxcin,allopathic,75,1410,50 mg/5 ml,9
17276,Roxcin,allopathic,92,1410,150 mg,9
17277,Roxcin,allopathic,92,1410,300 mg,9
17278,Roxen,allopathic,92,1133,250 mg,98
17279,Roxen,allopathic,92,1133,500 mg,98
17280,Roxenole,allopathic,94,1134,500 mg+20 mg,54
17281,Roxetil,allopathic,75,309,40 mg/5 ml,101
17282,Roxibac,allopathic,92,316,250 mg,114
17283,Roxibac,allopathic,92,316,500 mg,114
17284,Roxibac Plus,allopathic,92,317,250 mg+62.5 mg,114
17285,Roxibac Plus,allopathic,92,317,500 mg+125 mg,114
17286,Roxicef,allopathic,2,321,500 mg,185
17287,Roxicef,allopathic,75,321,125 mg/5 ml,185
17288,Roxiclav,allopathic,92,317,250 mg+62.5 mg,75
17289,Roxiclav,allopathic,92,317,500 mg+125 mg,75
17290,Roxilab,allopathic,26,316,750 mg/vial,122
17291,Roxilab,allopathic,75,316,125 mg/5 ml,122
17292,Roxilab,allopathic,92,316,250 mg,122
17293,Roxilab,allopathic,92,316,500 mg,122
17294,Roxilab Plus,allopathic,75,317,(125 mg+31.25 mg)/5 ml,122
17295,Roxilab Plus,allopathic,92,317,250 mg+62.5 mg,122
17296,Roxilab Plus,allopathic,92,317,500 mg+125 mg,122
17297,Roxim,allopathic,2,304,200 mg,73
17298,Roxim,allopathic,2,304,400 mg,73
17299,Roxim,allopathic,72,304,25 mg/ml,73
17300,Roxim,allopathic,75,304,100 mg/5 ml,73
17301,Roxim,allopathic,92,304,200 mg,73
17302,Roxim,allopathic,92,304,400 mg,73
17303,Roxim XL,allopathic,75,304,200 mg/5 ml,73
17304,Roximax,allopathic,92,316,250 mg,233
17305,Roximax,allopathic,92,316,500 mg,233
17306,Roxiquin,allopathic,92,794,200 mg,165
17307,Roxolyte,allopathic,92,1398,10 mg,196
17308,Roxtal XP,allopathic,92,317,250 mg+62.5 mg,76
17309,Roxtal XP,allopathic,92,317,500 mg+125 mg,76
17310,Roxyzin,allopathic,91,800,10 mg/5 ml,106
17311,Roxyzin,allopathic,92,800,10 mg,106
17312,Roxyzin,allopathic,92,800,25 mg,106
17313,Rozavas,allopathic,92,1406,10 mg,108
17314,Rozavas,allopathic,92,1406,5 mg,108
17315,Rozavel,allopathic,92,1406,10 mg,219
17316,Rozavel,allopathic,92,1406,20 mg,219
17317,Rozavel,allopathic,92,1406,5 mg,219
17318,Rozenon,allopathic,92,1406,10 mg,222
17319,Rozenon,allopathic,92,1406,5 mg,222
17320,Rozith,allopathic,37,142,500 mg/vial,101
17321,Rozith,allopathic,75,142,200 mg/5 ml,101
17322,Rozith,allopathic,92,142,250 mg,101
17323,Rozith,allopathic,92,142,500 mg,101
17324,Rozy,allopathic,92,603,0.5 mg+0.25 mg,217
17325,Rozy DS,allopathic,92,603,1 mg+0.5 mg,217
17326,RP 20,allopathic,95,1358,20 mg,89
17327,R-Penem,allopathic,39,1036,1 gm/vial,114
17328,R-Penem,allopathic,39,1036,500 mg/vial,114
17329,R-Pil,allopathic,92,1364,1.25 mg,37
17330,R-Pil,allopathic,92,1364,2.5 mg,37
17331,R-Pil,allopathic,92,1364,5 mg,37
17332,R-Proton,allopathic,95,1358,20 mg,64
17333,R-Saline-N,allopathic,67,1205,13.95 gm,197
17334,RT 150,allopathic,92,1368,150 mg,212
17335,Rtnor,allopathic,92,712,320 mg,157
17336,RTV,allopathic,92,1406,10 mg,62
17337,RTV,allopathic,92,1406,20 mg,62
17338,RTV,allopathic,92,1406,5 mg,62
17339,Rubalon,allopathic,63,665,0.10%,35
17340,Rubavax-M,allopathic,27,1010,0.5 ml,106
17341,Rubee,allopathic,95,1358,20 mg,120
17342,Rubest,allopathic,92,1411,10 mg,34
17343,Rubicin,allopathic,37,451,20 mg/4 ml,31
17344,Rubitor,allopathic,37,568,2 mg/ml,73
17345,Ruclon,allopathic,92,9,100 mg,160
17346,Rufast,allopathic,69,1411,5 mg/5 ml,165
17347,Rufast,allopathic,92,1411,10 mg,165
17348,Rufecta,allopathic,69,1411,5 mg/5 ml,37
17349,Rufecta,allopathic,92,1411,10 mg,37
17350,Rulicent,allopathic,92,1412,10 mg,106
17351,Rulicent,allopathic,92,1412,5 mg,106
17352,Runar,allopathic,92,1411,10 mg,180
17353,Runeed,allopathic,2,855,,221
17354,Rupa,allopathic,69,1411,5 mg/5 ml,25
17355,Rupa,allopathic,92,1411,10 mg,25
17356,Rupa-Aid,allopathic,69,1411,5 mg/5 ml,122
17357,Rupa-Aid,allopathic,92,1411,10 mg,122
17358,Rupaday,allopathic,69,1411,5 mg/5 ml,73
17359,Rupaday,allopathic,92,1411,10 mg,73
17360,Rupadin,allopathic,69,1411,5 mg/5 ml,31
17361,Rupadin,allopathic,92,1411,10 mg,31
17362,Rupafen,allopathic,92,1411,10 mg,215
17363,Rupahist,allopathic,92,1411,10 mg,229
17364,Rupaler,allopathic,92,1411,10 mg,9
17365,Rupamine,allopathic,69,1411,5 mg/5 ml,105
17366,Rupamine,allopathic,92,1411,10 mg,105
17367,Rupana,allopathic,69,1411,5 mg/5 ml,89
17368,Rupana,allopathic,92,1411,10 mg,89
17369,Rupanex,allopathic,92,1411,10 mg,210
17370,Rupanil,allopathic,92,1411,10 mg,192
17371,Rupastar,allopathic,92,1411,10 mg,127
17372,Rupastin,allopathic,92,1411,10 mg,4
17373,Rupatan,allopathic,92,1411,10 mg,158
17374,Rupatid,allopathic,92,1411,10 mg,155
17375,Rupatrol,allopathic,92,1411,10 mg,217
17376,Rupaver,allopathic,92,1411,10 mg,233
17377,Rupenta,allopathic,92,1411,10 mg,171
17378,Rupex,allopathic,69,1411,5 mg/5 ml,106
17379,Rupex,allopathic,92,1411,10 mg,106
17380,Rupin,allopathic,69,1411,5 mg/5 ml,240
17381,Rupin,allopathic,92,1411,10 mg,240
17382,Rupita,allopathic,92,1411,10 mg,75
17383,Rupoma,allopathic,69,1411,5 mg/5 ml,84
17384,Rupoma,allopathic,92,1411,10 mg,84
17385,Rupsol,allopathic,66,80,5%,66
17386,Rutinib,allopathic,92,1412,10 mg,66
17387,Rutinib,allopathic,92,1412,5 mg,66
17388,Rutix,allopathic,92,1189,200 mg,217
17389,Rutix,allopathic,92,1189,400 mg,217
17390,Ruvastin,allopathic,92,1406,10 mg,25
17391,Ruvastin,allopathic,92,1406,20 mg,25
17392,Ruvastin,allopathic,92,1406,5 mg,25
17393,Ruzmet,allopathic,92,1039,500 mg,17
17394,R-Vit,allopathic,20,,,195
17395,R-Y Jelly,allopathic,22,734,11.25%,180
17396,Rymin,allopathic,91,512,10 mg/5 ml,165
17397,Rynex,allopathic,52,1220,0.03%,106
17398,Rynex,allopathic,52,1220,0.05%,106
17399,Rynex,allopathic,54,1220,0.05%,106
17400,Rynofex,allopathic,92,642,120 mg,14
17401,Rynofex,allopathic,92,642,180 mg,14
17402,Ryth,allopathic,75,1410,50 mg/5 ml,150
17403,Ryth,allopathic,92,1410,150 mg,150
17404,Ryth,allopathic,92,1410,300 mg,150
17405,Rythmosin,allopathic,92,1334,150 mg,229
17406,Ryzodeg,allopathic,80,835,100 IU/ml,159
17407,Ryzodeg,allopathic,80,835,100 IU/ml,159
17408,R-Zol,allopathic,9,34,400 mg,195
17409,S-32 Gold,allopathic,92,1100,,210
17410,Sabitar,allopathic,92,1415,24 mg+26 mg,106
17411,Sabitar,allopathic,92,1415,49 mg+51 mg,106
17412,Sabitar,allopathic,92,1415,97 mg+103 mg,106
17413,Sabus,allopathic,91,1419,2 mg/5 ml,166
17414,Sabutanol,allopathic,92,1419,2 mg,42
17415,Sabutanol,allopathic,92,1419,4 mg,42
17416,Sac Sweet,allopathic,92,1413,12.5 mg,216
17417,Sacona,allopathic,2,652,150 mg,133
17418,Sacona,allopathic,2,652,50 mg,133
17419,Sadin,allopathic,92,1368,150 mg,133
17420,Saduri,herbal,91,766,,99
17421,Safamin,allopathic,91,345,2 mg/5 ml,34
17422,Safe,allopathic,92,178,6 mg+200 mg+50 mg,153
17423,Safenac TR,allopathic,8,494,100 mg,133
17424,Safetisol,allopathic,23,339,0.5%+70%,212
17425,Safi,herbal,2,1432,,99
17426,Safi,herbal,91,1432,,99
17427,Safkin,herbal,91,1436,,4
17428,Safoxol,allopathic,7,66,75 mg,31
17429,Safoxol,allopathic,91,66,15 mg/5 ml,31
17430,Safwash,allopathic,23,339,0.5%+70%,136
17431,Saga,allopathic,92,1500,200 mg,217
17432,Sagdon,allopathic,92,524,10 mg,161
17433,Saglit,allopathic,92,1280,15 mg,222
17434,Sakti-TR,allopathic,8,641,150 mg+0.5 mg+61.8 mg,133
17435,Salazine,allopathic,89,1516,500 mg,165
17436,Salazine,allopathic,92,1516,500 mg,165
17437,Salbu,allopathic,91,1419,2 mg/5 ml,37
17438,Salbu,allopathic,92,1419,2 mg,37
17439,Salbu,allopathic,92,1419,4 mg,37
17440,Salbumol,allopathic,91,1419,2 mg/5 ml,107
17441,Salbusol,allopathic,91,1419,2 mg/5 ml,211
17442,Salbusol,allopathic,92,1419,2 mg,211
17443,Salbut,allopathic,91,1419,2 mg/5 ml,84
17444,Salbutal,allopathic,91,1419,2 mg/5 ml,222
17445,Salbutal,allopathic,92,1419,2 mg,222
17446,Salbutal,allopathic,92,1419,4 mg,222
17447,Salbutamol,allopathic,91,1419,2 mg/5 ml,17
17448,Salbutex,allopathic,92,1419,2 mg,186
17449,Salbutex,allopathic,92,1419,4 mg,186
17450,Salclox,allopathic,75,401,125 mg/5 ml,205
17451,Salferon,allopathic,91,639,200 mg/5 ml,205
17452,Salflu,allopathic,28,1426,50 mcg+100 mcg,4
17453,Salflu,allopathic,28,1426,50 mcg+250 mcg,4
17454,Salflu,allopathic,28,1426,50 mcg+500 mcg,4
17455,Salflu,allopathic,29,1426,(25 mcg+125 mcg)/puff,4
17456,Salflu,allopathic,29,1426,(25 mcg+250 mcg)/puff,4
17457,Saliben,allopathic,58,170,6%+3%,17
17458,Salicid,allopathic,11,1424,12%,217
17459,Salidex,allopathic,11,1424,6%,73
17460,Saline-R,allopathic,67,1204,,196
17461,Salinix,allopathic,11,1046,15%+10%,106
17462,Salinix,allopathic,11,1046,30%+8%,106
17463,Salison,allopathic,82,190,0.05%+3%,89
17464,Salitic,allopathic,103,1425,16.7%+16.7%,240
17465,Salix,allopathic,91,1419,2 mg/5 ml,141
17466,Salix,allopathic,92,1419,4 mg,141
17467,Salmol,allopathic,91,1419,2 mg/5 ml,136
17468,Salmol,allopathic,92,1419,4 mg,136
17469,Salmolin,allopathic,28,1419,200 mcg,4
17470,Salmolin,allopathic,29,1420,100 mcg/puff,4
17471,Salmolin,allopathic,29,1420,100 mcg/puff,4
17472,Salmolin,allopathic,78,1419,5 mg/ml,4
17473,Salmolin,allopathic,91,1419,2 mg/5 ml,4
17474,Salmolin-L,allopathic,91,950,1 mg/5 ml,4
17475,Salocin,allopathic,92,1500,200 mg,119
17476,Salol,allopathic,91,1419,2 mg/5 ml,54
17477,Salomax,allopathic,28,1419,200 mcg,73
17478,Salomax,allopathic,29,1420,100 mcg/puff,73
17479,Salomax,allopathic,92,1419,4 mg,73
17480,Saloprim,allopathic,92,1519,500 mg+25 mg,165
17481,Salora,allopathic,92,975,10 mg,133
17482,Saloride,allopathic,37,1467,0.90%,35
17483,Salost,allopathic,92,1392,150 mg,229
17484,Salost,allopathic,92,1392,5 mg,229
17485,Salost,allopathic,94,1392,35  mg,229
17486,Salpac,allopathic,37,1467,0.90%,170
17487,Salpium,allopathic,29,1421,(100 mcg+20 mcg)/puff,4
17488,Salpium,allopathic,55,1422,(2.5 mg+500 mcg)/3 ml,4
17489,Saltamin,allopathic,91,345,2 mg/5 ml,205
17490,Saltamin,allopathic,92,345,4 mg,205
17491,Saltamol,allopathic,91,1419,2 mg/5 ml,127
17492,Saltide,allopathic,29,1420,100 mcg/puff,229
17493,Saltide,allopathic,78,1419,2.5 mg/3 ml,229
17494,Saltonate,allopathic,92,253,500 mg,205
17495,Saltrim,allopathic,70,1520,(200 mg+40 mg)/5 ml,205
17496,Saltrim,allopathic,92,1520,400 mg+80 mg,205
17497,Saltrim DS,allopathic,92,1520,800 mg+160 mg,205
17498,Samprid,allopathic,92,721,80 mg,211
17499,Sancal,allopathic,92,253,500 mg,187
17500,Sancal-D,allopathic,92,257,500 mg+200 IU,187
17501,Sandimmum Neoral,allopathic,2,430,100 mg,156
17502,Sandimmum Neoral,allopathic,2,430,25 mg,156
17503,Sandimmum Neoral,allopathic,2,430,50 mg,156
17504,Sandocal,allopathic,92,253,500 mg,206
17505,Sandocal-D,allopathic,92,257,500 mg+200 IU,206
17506,Sandom,allopathic,70,524,5 mg/5 ml,222
17507,Sandom,allopathic,72,524,5 mg/ml,222
17508,Sandom,allopathic,92,524,10 mg,222
17509,Sandostatin,allopathic,30,1187,50 mcg/ml,156
17510,Sandostatin LAR,allopathic,30,1187,20 mg/5 ml,156
17511,Sanfix,allopathic,2,304,200 mg,161
17512,Sanfix,allopathic,2,304,400 mg,161
17513,Sanfix,allopathic,75,304,100 mg/5 ml,161
17514,Sanfix DS,allopathic,75,304,200 mg/5 ml,161
17515,Sanflore,allopathic,84,1542,20 gm/ml,
17516,Sanflore,allopathic,101,1543,,165
17517,Sanflore,allopathic,104,55,20%+5%,165
17518,Sangril,allopathic,92,1063,450 mg+50 mg,101
17519,Sanityza,allopathic,23,339,0.5%+70%,106
17520,Sanityza Clear,allopathic,23,339,0.5%+70%,106
17521,Sanoket,allopathic,26,896,30 mg/ml,222
17522,Sanoket,allopathic,26,896,60 mg/2 ml,222
17523,Sanoket,allopathic,92,896,10 mg,222
17524,Sante,allopathic,18,264,1000 mg+327 mg+500 mg,101
17525,Santinal MR,allopathic,6,517,200 mg,229
17526,Santogen,allopathic,92,1100,,101
17527,Santonic,herbal,91,1433,,4
17528,Santox,allopathic,92,1524,,101
17529,Sapclo,allopathic,92,9,100 mg,133
17530,Sapen,allopathic,92,802,10 mg,133
17531,Sapotor,allopathic,89,732,1.15 gm,2
17532,Sapox,allopathic,2,91,500 mg,9
17533,Sapox,allopathic,72,91,125 mg/1.25 ml,9
17534,Sapox,allopathic,75,91,125 mg/5 ml,9
17535,Sarcet,allopathic,92,324,10 mg,226
17536,Sardin,allopathic,70,642,30 mg/5 ml,122
17537,Sardin,allopathic,92,642,120 mg,122
17538,Sardin,allopathic,92,642,180 mg,122
17539,Sardopa,allopathic,92,1048,250 mg,106
17540,Sardopa,allopathic,92,1048,500 mg,106
17541,Sarinex,allopathic,92,462,5 mg,62
17542,Sartec,allopathic,91,324,5 mg/5 ml,192
17543,Sartec,allopathic,92,324,10 mg,192
17544,Sartra,allopathic,92,1448,50 mg,173
17545,Sasolin D,allopathic,2,1536,0.4 mg+0.5 mg,2
17546,Sasolin MR,allopathic,6,1535,0.4 mg,2
17547,Sastid,allopathic,46,1310,(100 mg+30 mg)/gm,218
17548,Satrol,allopathic,92,324,10 mg,133
17549,Saugella Attiva,allopathic,103,1576,,147
17550,Saugella Dermoliquido,allopathic,103,1430,,147
17551,Saugella HydraSerum,allopathic,103,1430,,147
17552,Savatril,allopathic,92,1415,24 mg+26 mg,66
17553,Save Gurd,allopathic,58,1143,(5 mg+500 IU)/gm,74
17554,Savedin,allopathic,48,1303,1% w/v,82
17555,Saver,allopathic,2,304,200 mg,9
17556,Saver,allopathic,2,304,400 mg,9
17557,Saver,allopathic,75,304,100 mg/5 ml,9
17558,Savlon,allopathic,11,340,0.1%+0.5%,2
17559,Savlon,allopathic,23,339,0.5%+70%,2
17560,Savlon,allopathic,85,338,0.3%+3%,2
17561,SB-Acelo,allopathic,92,9,100 mg,220
17562,SB-Amloator,allopathic,92,83,5 mg+10 mg,220
17563,SB-Amlod,allopathic,92,81,5 mg,220
17564,SB-Ator,allopathic,92,128,10 mg,220
17565,SB-Ator,allopathic,92,128,20 mg,220
17566,SB-Azit,allopathic,92,142,500 mg,220
17567,SB-Bisop,allopathic,92,208,5 mg,220
17568,SB-Cal D,allopathic,92,257,500 mg+200 IU,220
17569,SB-Cetiz,allopathic,92,324,10 mg,220
17570,SB-Clopido,allopathic,92,392,75 mg,220
17571,SB-Corac D,allopathic,92,255,500 mg+200 IU,220
17572,SB-Dom,allopathic,92,524,10 mg,220
17573,SB-Emec,allopathic,4,586,20 mg,220
17574,SB-Emec,allopathic,4,586,40 mg,220
17575,SB-Eto,allopathic,92,614,120 mg,220
17576,SB-Eto,allopathic,92,614,60 mg,220
17577,SB-Fexec,allopathic,92,642,120 mg,220
17578,SB-Gabalin,allopathic,2,1314,25 mg,220
17579,SB-Gabalin,allopathic,2,1314,50 mg,220
17580,SB-Gabalin,allopathic,2,1314,75 mg,220
17581,SB-Glic,allopathic,92,721,80 mg,220
17582,SB-Glic XR,allopathic,96,721,30 mg,220
17583,SB-Glic XR,allopathic,96,721,60 mg,220
17584,SB-Glim,allopathic,92,722,1 mg,220
17585,SB-Glim,allopathic,92,722,2 mg,220
17586,SB-Glim,allopathic,92,722,3 mg,220
17587,SB-Glim,allopathic,92,722,4 mg,220
17588,SB-Iban,allopathic,92,807,150 mg,220
17589,SB-Ketor,allopathic,92,896,10 mg,220
17590,SB-Lina,allopathic,92,962,5 mg,220
17591,SB-Losak,allopathic,92,982,25 mg,220
17592,SB-Losak,allopathic,92,982,50 mg,220
17593,SB-Losak Plus,allopathic,92,983,100 mg+25 mg,220
17594,SB-Losak Plus,allopathic,92,983,50 mg+12.5 mg,220
17595,SB-Met,allopathic,92,1039,1000 mg,220
17596,SB-Met,allopathic,92,1039,500 mg,220
17597,SB-Met,allopathic,92,1039,850 mg,220
17598,SB-Met XR,allopathic,96,1039,1000 mg,220
17599,SB-Met XR,allopathic,96,1039,500 mg,220
17600,SB-Metlina,allopathic,92,963,2.5 mg+500 mg,220
17601,SB-Metlina,allopathic,92,963,2.5 mg+850 mg,220
17602,SB-Metsita,allopathic,92,1462,50 mg+1000 mg,220
17603,SB-Metsita,allopathic,92,1462,50 mg+500 mg,220
17604,SB-Metvilda,allopathic,92,1662,50 mg+500 mg,220
17605,SB-Metvilda,allopathic,92,1662,50 mg+850 mg,220
17606,SB-Mezol,allopathic,92,1057,400 mg,220
17607,SB-Monec,allopathic,92,1086,10 mg,220
17608,SB-Neurec,allopathic,92,,100 mg+200 mg+200 mcg,220
17609,SB-Omec,allopathic,4,1199,20 mg,220
17610,SB-Omec,allopathic,4,1199,40 mg,220
17611,SB-Opa,allopathic,92,1238,500 mg,220
17612,SB-Opa Plus,allopathic,92,1240,500 mg+65 mg,220
17613,SB-Quik,allopathic,92,364,500 mg,220
17614,SB-Rabec,allopathic,95,1358,20 mg,220
17615,SB-Rostin,allopathic,92,1406,10 mg,220
17616,SB-Rostin,allopathic,92,1406,20 mg,220
17617,SB-Serta,allopathic,92,1448,50 mg,220
17618,SB-Sild,allopathic,92,1455,100 mg,220
17619,SB-Sild,allopathic,92,1455,50 mg,220
17620,SB-Sita,allopathic,92,1461,100 mg,220
17621,SB-Sita,allopathic,92,1461,50 mg,220
17622,SB-Sovir,allopathic,92,1493,400 mg,220
17623,SB-Tad,allopathic,92,1532,10 mg,220
17624,SB-Tad,allopathic,92,1532,5 mg,220
17625,SB-Vilda,allopathic,92,1661,50 mg,220
17626,Scabex,allopathic,11,1264,5% w/w,217
17627,Scabex,allopathic,45,174,1.25 gm/5 ml,221
17628,Scabfre,allopathic,11,1264,5% w/w,173
17629,Scabicid,allopathic,45,174,1.25 gm/5 ml,8
17630,Scabicon,allopathic,45,174,1.25 gm/5 ml,135
17631,Scabid,allopathic,11,1264,5% w/w,48
17632,Scabisol,allopathic,45,174,1.25 gm/5 ml,113
17633,Scabo,allopathic,92,879,12 mg,62
17634,Scabo,allopathic,92,879,6 mg,62
17635,Scameth,allopathic,11,1264,5% w/w,140
17636,Scanil,allopathic,45,174,1.25 gm/5 ml,196
17637,Scaper,allopathic,11,1264,5% w/w,37
17638,Scarin,allopathic,11,1264,5% w/w,105
17639,Scarlet,allopathic,2,1372,430 mg,188
17640,SCD,allopathic,92,82,5 mg+50 mg,166
17641,S-Citapram,allopathic,92,583,10 mg,84
17642,S-Citapram,allopathic,92,583,5 mg,84
17643,Scrublon,allopathic,85,338,0.3%+3%,224
17644,Seacal-D,allopathic,92,255,500 mg+200 IU,66
17645,Seacal-DX,allopathic,92,255,600 mg+400 IU,66
17646,Seacoral D,allopathic,92,255,500 mg+200 IU,114
17647,Seacoral DX,allopathic,92,255,600 mg+400 IU,114
17648,Seas Plus,allopathic,91,1097,,89
17649,Seas Vita,allopathic,91,1097,,167
17650,Seasonix,allopathic,69,939,2.5 mg/5 ml,106
17651,Seasonix,allopathic,92,939,5 mg,106
17652,Seberb,allopathic,92,709,250 mg,85
17653,Sebivo,allopathic,92,1547,600 mg,156
17654,Seclo,allopathic,4,1199,20 mg,217
17655,Seclo,allopathic,4,1199,40 mg,217
17656,Seclo,allopathic,38,1199,40 mg/vial,217
17657,Seclo MUPS,allopathic,49,1200,20 mg,217
17658,Seclogen,allopathic,4,1199,20 mg,36
17659,Secnid DS,allopathic,92,1440,1000 mg,217
17660,Secnidal DS,allopathic,92,1440,1000 mg,222
17661,Secnizol DS,allopathic,92,1440,1000 mg,106
17662,Secoclav,allopathic,92,317,250 mg+62.5 mg,84
17663,Secoclav,allopathic,92,317,500 mg+125 mg,84
17664,Secomax,allopathic,75,316,125 mg/5 ml,84
17665,Secomax,allopathic,92,316,250 mg,84
17666,Secomax,allopathic,92,316,500 mg,84
17667,Secotal,allopathic,11,544,1%+0.1%,133
17668,Secrin,allopathic,92,722,1 mg,217
17669,Secrin,allopathic,92,722,2 mg,217
17670,Secrin,allopathic,92,722,3 mg,217
17671,Secrin,allopathic,92,722,4 mg,217
17672,Secrin M,allopathic,96,723,1 mg+500 mg,217
17673,Secrin M,allopathic,96,723,2 mg+500 mg,217
17674,Sectil,allopathic,4,1199,20 mg,54
17675,Sectil,allopathic,4,1199,40 mg,54
17676,Sedapen,allopathic,92,490,5 mg,17
17677,Sedaquil,allopathic,92,1064,7.5 mg,192
17678,Sedatab,allopathic,92,490,5 mg,221
17679,Sedil,allopathic,26,490,10 mg/2 ml,217
17680,Sedil,allopathic,92,490,5 mg,217
17681,Sedilux-M,allopathic,91,345,2 mg/5 ml,141
17682,Sedilux-M,allopathic,92,345,4 mg,141
17683,Sedno,allopathic,92,462,5 mg,217
17684,Sedox,allopathic,75,309,40 mg/5 ml,166
17685,Sedron,allopathic,92,1392,35  mg,84
17686,Sedron,allopathic,92,1392,5 mg,84
17687,Seduxen,allopathic,26,490,10 mg/2 ml,16
17688,Seduxen,allopathic,92,490,5 mg,16
17689,Seebri Breezhaler,allopathic,28,738,50 mcg,156
17690,Seebrox,allopathic,91,66,15 mg/5 ml,207
17691,See-Cal,allopathic,92,253,500 mg,207
17692,Seecal Plus,allopathic,92,257,500 mg+200 IU,207
17693,Seema-C,allopathic,9,1676,250 mg,207
17694,Seemacheph,allopathic,2,320,500 mg,207
17695,Seemacheph,allopathic,75,320,125 mg/5 ml,207
17696,Seemacillin,allopathic,70,93,125 mg/5 ml,207
17697,Seemacillin,allopathic,72,93,125 mg/1.25 ml,207
17698,Seemagyl,allopathic,70,1057,200 mg/5 ml,207
17699,Seemagyl,allopathic,92,1057,400 mg,207
17700,Seemaldrat,allopathic,70,996,400 mg/5 ml,207
17701,Seemaplex,allopathic,91,861,,207
17702,Seemaplex,allopathic,91,1669,,207
17703,Seemapyrin,allopathic,95,119,75 mg,207
17704,Seemaquine,allopathic,92,342,250 mg,207
17705,Seematrin,allopathic,70,1520,(200 mg+40 mg)/5 ml,207
17706,Seematrin DS,allopathic,92,1520,800 mg+160 mg,207
17707,Seemavit M,allopathic,92,1098,,207
17708,Seemaxyl,allopathic,2,91,250 mg,207
17709,Seemaxyl,allopathic,75,91,125 mg/5 ml,207
17710,Seemaxyl DS,allopathic,2,91,500 mg,207
17711,Seemox,allopathic,9,1011,100 mg,207
17712,Seemox,allopathic,70,1011,100 mg/5 ml,207
17713,Seequil-S,allopathic,92,490,5 mg,207
17714,Sefacin,allopathic,2,321,250 mg,120
17715,Sefacin,allopathic,2,321,500 mg,120
17716,Sefacin,allopathic,72,321,125 mg/1.25 ml,120
17717,Sefacin,allopathic,75,321,125 mg/5 ml,120
17718,Sefadol,allopathic,2,299,500 mg,225
17719,Sefadol,allopathic,75,299,125 mg/5 ml,225
17720,Sefalor,allopathic,2,298,500 mg,225
17721,Sefalor,allopathic,75,298,125 mg/5 ml,225
17722,Sefanid,allopathic,2,299,500 mg,66
17723,Sefanid,allopathic,75,299,125 mg/5 ml,66
17724,Sefcon,allopathic,2,321,500 mg,53
17725,Sefcon DS,allopathic,75,321,250 mg/5 ml,53
17726,Sefin,allopathic,2,321,250 mg,171
17727,Sefin,allopathic,2,321,500 mg,171
17728,Sefin,allopathic,26,321,1 gm/vial,171
17729,Sefin,allopathic,26,321,250 mg/vial,171
17730,Sefin,allopathic,26,321,500 mg/vial,171
17731,Sefin,allopathic,72,321,125 mg/1.25 ml,171
17732,Sefin,allopathic,75,321,125 mg/5 ml,171
17733,Sefin DS,allopathic,75,321,250 mg/5 ml,171
17734,Sefnin,allopathic,2,321,250 mg,143
17735,Sefnin,allopathic,2,321,500 mg,143
17736,Sefnin,allopathic,75,321,125 mg/5 ml,143
17737,Sefox,allopathic,2,309,100 mg,150
17738,Sefox,allopathic,75,309,40 mg/5 ml,150
17739,Sefrad,allopathic,2,321,250 mg,222
17740,Sefrad,allopathic,2,321,500 mg,222
17741,Sefrad,allopathic,26,321,500 mg/vial,222
17742,Sefrad,allopathic,75,321,100 mg/ml,222
17743,Sefrad,allopathic,75,321,125 mg/5 ml,222
17744,Sefrad DS,allopathic,75,321,250 mg/5 ml,222
17745,Sefrate,allopathic,2,321,500 mg,42
17746,Sefrate,allopathic,72,321,125 mg/1.25 ml,42
17747,Sefrate,allopathic,75,321,125 mg/5 ml,42
17748,Sefril,allopathic,2,321,250 mg,4
17749,Sefril,allopathic,2,321,500 mg,4
17750,Sefril,allopathic,72,321,125 mg/1.25 ml,4
17751,Sefril,allopathic,75,321,125 mg/5 ml,4
17752,Sefril DS,allopathic,75,321,250 mg/5 ml,4
17753,Sefro,allopathic,2,321,250 mg,150
17754,Sefro,allopathic,2,321,500 mg,150
17755,Sefro,allopathic,72,321,125 mg/1.25 ml,150
17756,Sefro,allopathic,75,321,125 mg/5 ml,150
17757,Sefro DS,allopathic,75,321,250 mg/5 ml,150
17758,Seftec,allopathic,2,321,500 mg,19
17759,Seftec,allopathic,72,321,125 mg/1.25 ml,19
17760,Seftec,allopathic,75,321,125 mg/5 ml,19
17761,Seftrim,allopathic,70,1520,(200 mg+40 mg)/5 ml,104
17762,Seftrim DS,allopathic,92,1520,800 mg+160 mg,104
17763,Sefur,allopathic,26,316,750 mg/vial,165
17764,Sefur,allopathic,38,316,1.5 gm/vial,165
17765,Sefur,allopathic,75,316,125 mg/5 ml,165
17766,Sefur,allopathic,92,316,125 mg,165
17767,Sefur,allopathic,92,316,250 mg,165
17768,Sefur,allopathic,92,316,500 mg,165
17769,Sefur DS,allopathic,75,316,250 mg/5 ml,165
17770,Sefurox,allopathic,26,316,750 mg/vial,222
17771,Sefurox,allopathic,38,316,1.5 gm/vial,222
17772,Sefurox,allopathic,75,316,125 mg/5 ml,222
17773,Sefurox,allopathic,92,316,250 mg,222
17774,Sefurox,allopathic,92,316,500 mg,222
17775,Segal,allopathic,2,652,150 mg,221
17776,Segal,allopathic,2,652,50 mg,221
17777,Segal,allopathic,75,652,50 mg/5 ml,221
17778,Segorin,allopathic,75,316,125 mg/5 ml,173
17779,Segorin,allopathic,92,316,125 mg,173
17780,Segorin,allopathic,92,316,250 mg,173
17781,Segorin,allopathic,92,316,500 mg,173
17782,Segorin Plus,allopathic,75,317,(125 mg+31.25 mg)/5 ml,173
17783,Segorin Plus,allopathic,92,317,250 mg+62.5 mg,173
17784,Segorin Plus,allopathic,92,317,500 mg+125 mg,173
17785,Select Plus,allopathic,84,892,2%,217
17786,Selex,allopathic,2,320,500 mg,171
17787,Selex,allopathic,75,320,125 mg/5 ml,171
17788,Selium,allopathic,92,490,5 mg,211
17789,Seloktil,allopathic,4,1199,20 mg,32
17790,Selomet,allopathic,92,1056,25 mg,229
17791,Selomet,allopathic,92,1056,50 mg,229
17792,Selomet-SR,allopathic,96,1056,50 mg,229
17793,Selotin,allopathic,92,1448,50 mg,226
17794,Selvin,herbal,92,,71.43 mg+71.43 mg,99
17795,Semaglo,allopathic,92,1445,3 mg,240
17796,Semaglo,allopathic,92,1445,7 mg,240
17797,Semaglut,allopathic,92,1445,3 mg,155
17798,Semaglut,allopathic,92,1445,7 mg,155
17799,Sematid,allopathic,92,1445,3 mg,4
17800,Sematid,allopathic,92,1445,7 mg,4
17801,Semecon,allopathic,72,1459,67 mg/ml,66
17802,Semglee,allopathic,80,837,100 IU/ml,35
17803,Semotrim,allopathic,70,1520,(200 mg+40 mg)/5 ml,194
17804,Semotrim,allopathic,92,1520,400 mg+80 mg,194
17805,Sencital,allopathic,92,583,10 mg,32
17806,Senride,allopathic,92,722,1 mg,150
17807,Senride,allopathic,92,722,2 mg,150
17808,Sensipin,allopathic,92,402,25 mg,35
17809,Sensit,allopathic,92,669,0.5 mg+10 mg,73
17810,Sentibac,allopathic,26,313,1 gm/vial,90
17811,Sentibac,allopathic,26,313,250 mg/vial,90
17812,Sentix,allopathic,92,668,0.5 mg,73
17813,Sentix,allopathic,92,668,1 mg,73
17814,Seofol Plus,allopathic,8,640,150 mg+0.5 mg,211
17815,Sephar,allopathic,2,321,500 mg,114
17816,Sephar,allopathic,75,321,125 mg/5 ml,114
17817,Sephar DS,allopathic,75,321,250 mg/5 ml,114
17818,Seplon,allopathic,85,338,0.3%+3%,107
17819,Sepnil,allopathic,85,338,0.5%+3%,217
17820,Sepnil,allopathic,85,338,1.5%+15%,217
17821,Sepra-S,allopathic,2,321,500 mg,207
17822,Sepra-S,allopathic,75,321,125 mg/5 ml,207
17823,Sepsol,allopathic,23,868,75%+0.125%+1.45%,106
17824,Septa,allopathic,2,321,500 mg,
17825,Septa,allopathic,72,321,125 mg/1.25 ml,
17826,Septa,allopathic,75,321,125 mg/5 ml,
17827,Sera,allopathic,92,1448,50 mg,16
17828,Seraflo,allopathic,28,1426,50 mcg+100 mcg,66
17829,Seraflo,allopathic,28,1426,50 mcg+250 mcg,66
17830,Seraflo,allopathic,29,1426,(25 mcg+125 mcg)/puff,66
17831,Seraflo,allopathic,29,1426,(25 mcg+250 mcg)/puff,66
17832,Seravent,allopathic,29,1427,25 mcg/puff,66
17833,Serelam,allopathic,92,53,0.25 mg,84
17834,Serelam,allopathic,92,53,0.5 mg,84
17835,Serelose,allopathic,69,911,3.35 gm/5 ml,35
17836,Seren,allopathic,2,667,20 mg,216
17837,Seretide,allopathic,28,1426,50 mcg+100 mcg,88
17838,Seretide,allopathic,28,1426,50 mcg+250 mcg,88
17839,Seretide,allopathic,28,1426,50 mcg+500 mcg,88
17840,Seretide,allopathic,29,1426,(25 mcg+125 mcg)/puff,88
17841,Seretide,allopathic,29,1426,(25 mcg+250 mcg)/puff,88
17842,Seretide,allopathic,29,1426,(25 mcg+50 mcg)/puff,88
17843,Sergel,allopathic,4,586,20 mg,101
17844,Sergel,allopathic,4,586,40 mg,101
17845,Sergel,allopathic,38,586,40 mg/vial,101
17846,Sergel,allopathic,67,586,20 mg,101
17847,Sergel,allopathic,95,586,20 mg,101
17848,Sergel,allopathic,95,586,40 mg,101
17849,Sergel MUPS,allopathic,49,587,20 mg,101
17850,Sergel MUPS,allopathic,49,587,40 mg,101
17851,Seridol,allopathic,92,1238,500 mg,216
17852,Serifen,allopathic,92,475,300 mg,212
17853,Serifen,allopathic,92,475,400 mg,212
17854,Serivan,allopathic,2,1278,34 mg,106
17855,Serivan,allopathic,92,1278,17 mg,106
17856,Serobion,allopathic,92,,100 mg+200 mg+200 mcg,127
17857,Serofit,allopathic,92,1448,25 mg,76
17858,Serofit,allopathic,92,1448,50 mg,76
17859,Serolux,allopathic,92,1448,100 mg,206
17860,Serolux,allopathic,92,1448,25 mg,206
17861,Serolux,allopathic,92,1448,50 mg,206
17862,Seronex,allopathic,92,1448,100 mg,196
17863,Seronex,allopathic,92,1448,25 mg,196
17864,Seronex,allopathic,92,1448,50 mg,196
17865,Serontin,allopathic,91,609,250 mg/5 ml,2
17866,Seropam,allopathic,92,583,10 mg,35
17867,Seropam,allopathic,92,583,5 mg,35
17868,Seropin,allopathic,92,1354,100 mg,73
17869,Seropin,allopathic,92,1354,25 mg,73
17870,Seroquet,allopathic,92,1354,100 mg,229
17871,Seroquet,allopathic,92,1354,25 mg,229
17872,Seroquet ER,allopathic,96,1354,200 mg,229
17873,Seroquet ER,allopathic,96,1354,50 mg,229
17874,Seroset,allopathic,26,1201,8 mg/4 ml,90
17875,Seroset,allopathic,92,1201,8 mg,90
17876,Serotal,allopathic,92,583,10 mg,89
17877,Serotal,allopathic,92,583,5 mg,89
17878,Seroxyn,allopathic,28,1426,50 mcg+100 mcg,2
17879,Seroxyn,allopathic,28,1426,50 mcg+250 mcg,2
17880,Seroxyn,allopathic,28,1426,50 mcg+500 mcg,2
17881,Seroxyn,allopathic,29,1426,(25 mcg+125 mcg)/puff,2
17882,Seroxyn,allopathic,29,1426,(25 mcg+250 mcg)/puff,2
17883,Seroxyn,allopathic,29,1426,(25 mcg+50 mcg)/puff,2
17884,Serozid,allopathic,26,313,1 gm/vial,165
17885,Serozid,allopathic,26,313,250 mg/vial,165
17886,Serozid,allopathic,26,313,500 mg/vial,165
17887,Sertacon,allopathic,11,1447,2%,165
17888,Sertal,allopathic,92,1448,100 mg,66
17889,Sertal,allopathic,92,1448,25 mg,66
17890,Sertal,allopathic,92,1448,50 mg,66
17891,Sertlin,allopathic,92,1448,100 mg,108
17892,Sertlin,allopathic,92,1448,25 mg,108
17893,Sertlin,allopathic,92,1448,50 mg,108
17894,Servex,allopathic,92,9,100 mg,158
17895,Servidoxyne,allopathic,2,533,100 mg,156
17896,Serviflox,allopathic,92,364,250 mg,206
17897,Serviflox,allopathic,92,364,500 mg,206
17898,Servinaprox,allopathic,92,1133,250 mg,206
17899,Servinaprox,allopathic,92,1133,500 mg,206
17900,Servipep,allopathic,92,621,20 mg,206
17901,Servipep,allopathic,92,621,40 mg,206
17902,Serviprofen,allopathic,92,811,400 mg,206
17903,Servizol,allopathic,92,1057,400 mg,206
17904,Sesofen,allopathic,91,899,1 mg/5 ml,192
17905,Sesofen,allopathic,92,899,1 mg,192
17906,Setfree,allopathic,92,948,1.5 mg,161
17907,Setic,allopathic,2,304,200 mg,206
17908,Setic,allopathic,2,304,400 mg,206
17909,Setic,allopathic,75,304,100 mg/5 ml,206
17910,Setir,allopathic,92,324,10 mg,18
17911,Seton,allopathic,92,1201,8 mg,62
17912,Setorib,allopathic,92,614,120 mg,4
17913,Setorib,allopathic,92,614,60 mg,4
17914,Setorib,allopathic,92,614,90 mg,4
17915,Setra,allopathic,92,1448,100 mg,84
17916,Setra,allopathic,92,1448,25 mg,84
17917,Setra,allopathic,92,1448,50 mg,84
17918,Setronax,allopathic,92,1201,8 mg,143
17919,Sevel,allopathic,92,1450,800 mg,4
17920,Sevelax,allopathic,64,999,(300 mg+1.25 ml)/5 ml,173
17921,Sevenvit,allopathic,91,1097,,179
17922,Sevirax,allopathic,61,19,3%,82
17923,Sevitan,allopathic,92,1193,20 mg,191
17924,Sevitan,allopathic,92,1193,40 mg,191
17925,Sevitan HTZ,allopathic,92,1194,20 mg+12.5 mg,191
17926,Sevoran,allopathic,86,1452,250 mg/250 ml,225
17927,Sevorane,allopathic,86,1452,250 mg/250 ml,1
17928,Sezol DS,allopathic,92,1440,1000 mg,2
17929,S-Fenac TR,allopathic,8,494,100 mg,207
17930,S-Fenac TR,allopathic,8,494,50 mg,207
17931,S-Fluclox,allopathic,2,651,250 mg,207
17932,S-Fluclox,allopathic,2,651,500 mg,207
17933,SGN,allopathic,92,1461,100 mg,173
17934,SGN,allopathic,92,1461,25 mg,173
17935,SGN,allopathic,92,1461,50 mg,173
17936,SGN Plus,allopathic,92,1462,50 mg+1000 mg,173
17937,SGN Plus,allopathic,92,1462,50 mg+500 mg,173
17938,SG-Plus,allopathic,91,1669,,205
17939,Sharpkil,allopathic,92,316,250 mg,155
17940,Sharpkil,allopathic,92,316,500 mg,155
17941,Sharpkil Plus,allopathic,75,317,(125 mg+31.25 mg)/5 ml,20
17942,Sharpkil Plus,allopathic,92,317,250 mg+62.5 mg,20
17943,Sharpkil Plus,allopathic,92,317,500 mg+125 mg,20
17944,Sibalyn,allopathic,11,1457,1%,2
17945,Sicef,allopathic,2,321,500 mg,212
17946,Sicef,allopathic,72,321,125 mg/1.25 ml,212
17947,Sicef,allopathic,75,321,125 mg/5 ml,212
17948,Sicef DS,allopathic,75,321,250 mg/5 ml,212
17949,Sicmon,allopathic,94,1352,10 mg+10 mg,150
17950,Sicmon,allopathic,96,1352,20 mg+20 mg,150
17951,Sidobac,allopathic,26,313,1 gm/vial,106
17952,Sidobac,allopathic,26,313,250 mg/vial,106
17953,Sidobac,allopathic,26,313,500 mg/vial,106
17954,Sidopin,allopathic,92,81,5 mg,73
17955,Sidoplus,allopathic,92,82,5 mg+25 mg,73
17956,Sidoplus,allopathic,92,82,5 mg+50 mg,73
17957,Siesta,allopathic,92,224,3 mg,106
17958,Sifen TR,allopathic,8,494,100 mg,212
17959,Sifena,allopathic,92,642,120 mg,212
17960,Siflam,allopathic,92,811,400 mg,212
17961,Siglimet,allopathic,92,1462,50 mg+1000 mg,217
17962,Siglimet,allopathic,92,1462,50 mg+500 mg,217
17963,Siglimet XR,allopathic,96,1462,100 mg+1000 mg,217
17964,Siglimet XR,allopathic,96,1462,50 mg+1000 mg,217
17965,Siglimet XR,allopathic,96,1462,50 mg+500 mg,217
17966,Siglita,allopathic,92,1461,50 mg,217
17967,Sigtil,allopathic,92,1461,100 mg,226
17968,Sigtil,allopathic,92,1461,25 mg,226
17969,Sigtil,allopathic,92,1461,50 mg,226
17970,Sigtil M,allopathic,92,1462,50 mg+1000 mg,226
17971,Sigtil M,allopathic,92,1462,50 mg+500 mg,226
17972,Sigvit,allopathic,20,,,164
17973,Silagra,allopathic,92,1455,100 mg,106
17974,Silagra,allopathic,92,1455,50 mg,106
17975,Silatrol,allopathic,92,324,10 mg,211
17976,Silben,allopathic,9,34,400 mg,211
17977,Silburn,allopathic,11,1457,1%,179
17978,Silcal,allopathic,92,253,500 mg,211
17979,Silcal O,allopathic,92,268,400 mg,211
17980,Silcal O,allopathic,92,268,740 mg,211
17981,Silcal-D,allopathic,92,257,500 mg+200 IU,211
17982,Silclog,allopathic,92,392,75 mg,211
17983,Silcona,allopathic,2,652,150 mg,211
17984,Silcona,allopathic,2,652,50 mg,211
17985,Silcream,allopathic,11,1457,1%,113
17986,Silfenac,allopathic,92,9,100 mg,211
17987,Silfil,allopathic,92,1455,100 mg,167
17988,Silfil,allopathic,92,1455,50 mg,167
17989,Silflox,allopathic,92,364,500 mg,211
17990,Silgin,allopathic,92,1580,50 mg,211
17991,Silinor,allopathic,92,1461,100 mg,101
17992,Silinor,allopathic,92,1461,25 mg,101
17993,Silinor,allopathic,92,1461,50 mg,101
17994,Silinor-M,allopathic,92,1462,50 mg+1000 mg,101
17995,Silinor-M,allopathic,92,1462,50 mg+500 mg,101
17996,Silmet,allopathic,70,1057,200 mg/5 ml,211
17997,Silmet,allopathic,92,1057,400 mg,211
17998,Silmon,allopathic,92,1086,10 mg,212
17999,Silofast,allopathic,2,1456,4 mg,66
18000,Silofast,allopathic,2,1456,8 mg,66
18001,Siloflo,allopathic,2,1456,4 mg,25
18002,Siloflo,allopathic,2,1456,8 mg,25
18003,Silora,allopathic,92,975,10 mg,105
18004,Silosin,allopathic,2,1456,4 mg,106
18005,Silosin,allopathic,2,1456,8 mg,106
18006,Silox,allopathic,2,651,250 mg,212
18007,Silox,allopathic,2,651,500 mg,212
18008,Silox,allopathic,75,651,125 mg/5 ml,212
18009,Silpa,allopathic,70,1238,120 mg/5 ml,212
18010,Silpa,allopathic,92,1238,500 mg,212
18011,Silpol,allopathic,70,1238,120 mg/5 ml,211
18012,Silpol,allopathic,92,1238,500 mg,211
18013,Silvadazin,allopathic,11,1457,1%,25
18014,Silvage,allopathic,92,1103,,171
18015,Silvazin,allopathic,11,1457,1%,48
18016,Silvec,allopathic,11,1457,1%,66
18017,Silverax,allopathic,11,1457,1%,101
18018,Silverpac,allopathic,92,1103,,173
18019,Silverzine,allopathic,11,1457,1%,82
18020,Silybin,herbal,2,1458,140 mg,217
18021,Silybin,herbal,2,1458,70 mg,217
18022,Silycap,herbal,2,1458,140 mg,105
18023,Silycap,herbal,2,1458,70 mg,105
18024,Silzin,allopathic,11,1457,1%,119
18025,Simcod,allopathic,91,1097,,180
18026,Simecol,allopathic,72,1459,67 mg/ml,9
18027,Simegal,allopathic,70,997,(480 mg+20 mg)/5 ml,31
18028,Simet,allopathic,72,1459,67 mg/ml,2
18029,Simethi,allopathic,72,1459,67 mg/ml,239
18030,Simox,allopathic,2,91,250 mg,212
18031,Simox,allopathic,2,91,500 mg,212
18032,Simox,allopathic,72,91,125 mg/1.25 ml,212
18033,Simox,allopathic,75,91,125 mg/5 ml,212
18034,Simox DS,allopathic,75,91,250 mg/5 ml,212
18035,Simpli,allopathic,37,142,500 mg/vial,31
18036,Simpli,allopathic,75,142,200 mg/5 ml,31
18037,Simpli,allopathic,92,142,500 mg,31
18038,Simplovir,allopathic,11,21,5% w/w,106
18039,Simplovir,allopathic,37,18,1 gm/vial,106
18040,Simplovir,allopathic,37,18,250 mg/vial,106
18041,Simplovir,allopathic,37,18,500 mg/vial,106
18042,Simplovir,allopathic,70,20,200 mg/5 ml,106
18043,Simplovir,allopathic,92,20,200 mg,106
18044,Simplovir,allopathic,92,20,400 mg,106
18045,Simponi,allopathic,80,743,50 mg/0.5 ml,112
18046,Simulect,allopathic,37,157,20 mg/vial,156
18047,Simvatin,allopathic,92,1460,10 mg,4
18048,Simvatin,allopathic,92,1460,20 mg,4
18049,Sina Gold,allopathic,92,1100,,105
18050,Sina Silver,allopathic,92,1103,,105
18051,Sinaban,allopathic,58,1116,2% w/w,105
18052,Sinaceph,allopathic,2,321,250 mg,105
18053,Sinaceph,allopathic,2,321,500 mg,105
18054,Sinaceph,allopathic,26,321,1 gm/vial,105
18055,Sinaceph,allopathic,26,321,500 mg/vial,105
18056,Sinaceph,allopathic,72,321,125 mg/1.25 ml,105
18057,Sinaceph,allopathic,75,321,125 mg/5 ml,105
18058,Sinaceph DS,allopathic,75,321,250 mg/5 ml,105
18059,Sinacet,allopathic,69,939,2.5 mg/5 ml,105
18060,Sinacet,allopathic,92,939,5 mg,105
18061,Sinaclox,allopathic,2,401,500 mg,105
18062,Sinaclox,allopathic,75,401,125 mg/5 ml,105
18063,Sinacort,allopathic,11,192,0.10%,105
18064,Sinacort,allopathic,58,192,0.10%,105
18065,Sinaferon,allopathic,2,637,200 mg+200 mcg,105
18066,Sinaferon,allopathic,91,639,200 mg/5 ml,105
18067,Sinaferon,allopathic,92,637,200 mg+200 mcg,105
18068,Sinaflox,allopathic,2,651,250 mg,105
18069,Sinaflox,allopathic,2,651,500 mg,105
18070,Sinaflox,allopathic,75,651,125 mg/5 ml,105
18071,Sinafort-B,allopathic,2,1669,,105
18072,Sinafort-B,allopathic,91,1669,,105
18073,Sinafort-B,allopathic,92,1669,,105
18074,Sinafresh,allopathic,62,290,1%,105
18075,Sinakof,allopathic,100,239,50 mg,105
18076,Sinalac,allopathic,69,911,3.35 gm/5 ml,105
18077,Sinalax,allopathic,67,909,10 gm/sachet,105
18078,Sinamin,allopathic,91,345,2 mg/5 ml,105
18079,Sinamin,allopathic,92,345,4 mg,105
18080,Sinamox,allopathic,2,91,250 mg,105
18081,Sinamox,allopathic,2,91,500 mg,105
18082,Sinamox,allopathic,72,91,125 mg/1.25 ml,105
18083,Sinamox,allopathic,75,91,125 mg/5 ml,105
18084,Sinamox DS,allopathic,75,91,250 mg/5 ml,105
18085,Sinapol,allopathic,70,1238,120 mg/5 ml,105
18086,Sinapol,allopathic,92,1238,500 mg,105
18087,Sinatrim,allopathic,70,1520,(200 mg+40 mg)/5 ml,105
18088,Sinatrim,allopathic,92,1520,400 mg+80 mg,105
18089,Sinazid,allopathic,92,721,80 mg,105
18090,Sindoxplatin,allopathic,37,1212,5 mg/ml,40
18091,Sindroxocin,allopathic,37,532,2 mg/ml,40
18092,Sinecod SR,allopathic,100,239,50 mg,206
18093,Sinex,allopathic,58,272,,54
18094,Singlin,allopathic,92,1378,0.5 mg,196
18095,Singlin,allopathic,92,1378,1 mg,196
18096,Singlin,allopathic,92,1378,2 mg,196
18097,Sinjard,allopathic,92,556,10 mg,31
18098,Sinjard,allopathic,92,556,25 mg,31
18099,Sinjard-L,allopathic,92,557,10 mg+5 mg,31
18100,Sinjard-L,allopathic,92,557,25 mg+5 mg,31
18101,Sinjard-M,allopathic,92,558,5 mg+500 mg,31
18102,Sinlair,allopathic,92,1086,10 mg,76
18103,Sinplatin,allopathic,37,368,1 mg/ml,40
18104,Sintel,allopathic,9,34,400 mg,2
18105,Sintel,allopathic,70,34,200 mg/5 ml,2
18106,Sintos,allopathic,91,748,(100 mg+1.1 mg+14 mg)/5 ml,4
18107,Sirdalud,allopathic,92,1588,2 mg,206
18108,Sistin,allopathic,91,324,5 mg/5 ml,221
18109,Sistin,allopathic,92,324,10 mg,221
18110,Sitacret,allopathic,92,1461,50 mg,196
18111,Sitacret-M,allopathic,92,1462,50 mg+500 mg,196
18112,Sitadus,allopathic,92,1461,100 mg,165
18113,Sitadus,allopathic,92,1461,25 mg,165
18114,Sitadus,allopathic,92,1461,50 mg,165
18115,Sitadus-M,allopathic,96,1462,50 mg+1000 mg,165
18116,Sitadus-M,allopathic,96,1462,50 mg+500 mg,165
18117,Sitagil,allopathic,92,1461,100 mg,106
18118,Sitagil,allopathic,92,1461,25 mg,106
18119,Sitagil,allopathic,92,1461,50 mg,106
18120,Sitagil M,allopathic,96,1462,100 mg+1000 mg,106
18121,Sitagil M,allopathic,96,1462,50 mg+1000 mg,106
18122,Sitagil M,allopathic,96,1462,50 mg+500 mg,106
18123,Sitaglap,allopathic,92,1461,50 mg,75
18124,Sitaglap M,allopathic,92,1462,50 mg+1000 mg,75
18125,Sitaglap M,allopathic,92,1462,50 mg+500 mg,75
18126,Sitalia M,allopathic,92,1462,50 mg+500 mg,62
18127,Sitalia M XR,allopathic,96,1462,50 mg+500 mg,62
18128,Sitamet,allopathic,92,1462,50 mg+500 mg,196
18129,Sitap,allopathic,92,1461,100 mg,2
18130,Sitap,allopathic,92,1461,50 mg,2
18131,Sitavia,allopathic,92,1461,50 mg,210
18132,Sitavia-M,allopathic,92,1462,50 mg+1000 mg,210
18133,Sitavia-M,allopathic,92,1462,50 mg+500 mg,210
18134,Sitazid,allopathic,92,1461,100 mg,73
18135,Sitazid,allopathic,92,1461,50 mg,73
18136,Sitazid M,allopathic,92,1462,50 mg+1000 mg,73
18137,Sitazid M,allopathic,92,1462,50 mg+500 mg,73
18138,Sitomet,allopathic,92,1462,50 mg+1000 mg,2
18139,Sitomet,allopathic,92,1462,50 mg+500 mg,2
18140,Sitova,allopathic,92,128,10 mg,211
18141,Sitova,allopathic,92,128,20 mg,211
18142,Sitrim,allopathic,70,1520,(200 mg+40 mg)/5 ml,212
18143,Sitrim,allopathic,92,1520,400 mg+80 mg,212
18144,Sivicaine Heavy,allopathic,33,236,0.5%+8%,196
18145,Sivolac,allopathic,69,911,3.35 gm/5 ml,210
18146,Sixtin,allopathic,92,1439,2.5 mg,66
18147,Sixtin,allopathic,92,1439,5 mg,66
18148,Sixvit,allopathic,92,1351,20 mg,31
18149,Sizatoin,allopathic,92,1271,100 mg,106
18150,Siznil,allopathic,92,110,10 mg,171
18151,Sizodon,allopathic,92,1395,1 mg,219
18152,Sizodon,allopathic,92,1395,2 mg,219
18153,Sizodon,allopathic,92,1395,4 mg,219
18154,Sizodon MD,allopathic,14,1395,1 mg,219
18155,Sizodon MD,allopathic,14,1395,2 mg,219
18156,Sizodon MD,allopathic,14,1395,4 mg,219
18157,Sizonil,allopathic,92,1618,1 mg,101
18158,Sizonil,allopathic,92,1618,5 mg,101
18159,Sizopin,allopathic,92,402,100 mg,219
18160,Sizopin,allopathic,92,402,25 mg,219
18161,Sizopra,allopathic,92,110,10 mg,4
18162,Sizopra,allopathic,92,110,15 mg,4
18163,SK-cef,allopathic,2,321,250 mg,73
18164,SK-cef,allopathic,2,321,500 mg,73
18165,SK-cef,allopathic,26,321,1 gm/vial,73
18166,SK-cef,allopathic,26,321,500 mg/vial,73
18167,SK-cef,allopathic,72,321,125 mg/1.25 ml,73
18168,SK-cef,allopathic,75,321,125 mg/5 ml,73
18169,SK-cef DS,allopathic,75,321,250 mg/5 ml,73
18170,Skelofen,allopathic,92,147,10 mg,4
18171,Skelofen,allopathic,92,147,5 mg,4
18172,Skilin,allopathic,11,1264,5% w/w,84
18173,Skilox,allopathic,2,651,250 mg,101
18174,Skilox,allopathic,2,651,500 mg,101
18175,Skilox,allopathic,75,651,125 mg/5 ml,101
18176,Skimico,allopathic,11,1061,2%,173
18177,Skinabin,allopathic,11,1557,1%,2
18178,Skinabin,allopathic,92,1557,250 mg,2
18179,Skinaderm,allopathic,58,1616,0.10%,119
18180,Skinalar,allopathic,11,657,0.03%,2
18181,Skinalar,allopathic,58,657,0.03%,2
18182,Skinalar-N,allopathic,11,660,0.025%+0.5%,2
18183,Skinalar-N,allopathic,58,660,0.025%+0.5%,2
18184,S-Kinase,allopathic,73,1508,1.5 million unit,185
18185,Skinobac,allopathic,58,1116,2% w/w,185
18186,Skinovate,allopathic,11,382,0.05%,82
18187,Skisia,allopathic,11,956,2.5%+2.5%,101
18188,S-Kit,allopathic,91,899,1 mg/5 ml,210
18189,S-Kit,allopathic,92,899,1 mg,210
18190,SK-mox,allopathic,2,91,250 mg,73
18191,SK-mox,allopathic,2,91,500 mg,73
18192,SK-mox,allopathic,72,91,125 mg/1.25 ml,73
18193,SK-mox,allopathic,75,91,125 mg/5 ml,73
18194,SK-mox DS,allopathic,75,91,250 mg/5 ml,73
18195,Skycillin,allopathic,2,93,250 mg,213
18196,Skytex,allopathic,91,934,40 mg/5 ml,213
18197,Skytex,allopathic,92,934,40 mg,213
18198,Sleepon,allopathic,92,594,1 mg,212
18199,Sleepon,allopathic,92,594,2 mg,212
18200,Sleepwel,allopathic,92,594,1 mg,185
18201,Sleepwel,allopathic,92,594,2 mg,185
18202,Slimcare,allopathic,2,1207,120 mg,226
18203,Slimfast,allopathic,2,1207,120 mg,101
18204,Slimi,allopathic,2,1207,60 mg,229
18205,Slipaid,allopathic,92,529,3 mg,31
18206,Slipaid,allopathic,92,529,6 mg,31
18207,Slipam,allopathic,2,672,15 mg,84
18208,Slipam,allopathic,2,672,30 mg,84
18209,Sliptin,allopathic,92,1461,100 mg,66
18210,Sliptin,allopathic,92,1461,25 mg,66
18211,Sliptin,allopathic,92,1461,50 mg,66
18212,Sliptin-M,allopathic,92,1462,50 mg+1000 mg,66
18213,Sliptin-M,allopathic,92,1462,50 mg+500 mg,66
18214,Sliptin-M ER,allopathic,96,1462,50 mg+1000 mg,66
18215,Sliptin-M ER,allopathic,96,1462,50 mg+500 mg,66
18216,Slona,allopathic,92,389,0.5 mg,211
18217,Slona,allopathic,92,389,2 mg,211
18218,SMC Zinc,allopathic,92,1703,20 mg,4
18219,Smile,allopathic,91,1344,(30 mg+100 mg+1.25 mg)/5 ml,153
18220,SMR,allopathic,92,147,10 mg,18
18221,Snofas,allopathic,54,675,27.5 mcg/spray,165
18222,Socolate,allopathic,62,1473,2%,173
18223,Sodal,allopathic,70,1464,(500 mg+100 mg)/5 ml,34
18224,Sodib,allopathic,37,1466,7.50%,113
18225,Sodicarb,allopathic,92,1466,600 mg,185
18226,Sodiclor,allopathic,92,1470,300 mg,185
18227,Sodiclor,allopathic,92,1470,600 mg,185
18228,Sodicrom,allopathic,62,1473,2%,185
18229,Sodicrom DS,allopathic,62,1474,4%,185
18230,Sodinate,allopathic,92,1466,600 mg,165
18231,SodiSalt,allopathic,92,1470,300 mg,2
18232,Sodium bi carbonate,allopathic,37,1466,7.50%,164
18233,Sodival CR,allopathic,93,1492,200 mg,2
18234,Sodival CR,allopathic,93,1492,300 mg,2
18235,Sodival CR,allopathic,93,1492,500 mg,2
18236,Sofa,allopathic,2,651,250 mg,21
18237,Sofa,allopathic,75,651,125 mg/5 ml,21
18238,Sofen,allopathic,92,1498,200 mg,101
18239,Sofenib,allopathic,92,1498,200 mg,196
18240,Soflax,allopathic,2,523,100 mg,229
18241,Sofomax,allopathic,92,1493,400 mg,2
18242,Sofomax,allopathic,92,1493,400 mg,25
18243,Sofomax Duo,allopathic,92,926,90 mg+400 mg,2
18244,Soforal,allopathic,92,1493,400 mg,31
18245,Soforal-LP,allopathic,92,926,90 mg+400 mg,31
18246,Sofosvel,allopathic,92,1494,400 mg+100 mg,31
18247,Sofovir-C,allopathic,92,1493,400 mg,35
18248,Sofoxen,allopathic,92,1493,400 mg,76
18249,Softapen,allopathic,2,651,500 mg,197
18250,Softapen,allopathic,75,651,125 mg/5 ml,197
18251,Softi,allopathic,58,1701,7.5%+30.5%,73
18252,Sojourn,allopathic,86,1452,250 mg/250 ml,
18253,Solas,allopathic,9,1011,100 mg,165
18254,Solas,allopathic,70,1011,100 mg/5 ml,165
18255,SolaScren,allopathic,45,1229,8%+2%+3%+2%,106
18256,Solbion,allopathic,24,,(100 mg+100 mg+1 mg)/3 ml,73
18257,Solbion,allopathic,92,,100 mg+200 mg+200 mcg,73
18258,Solicare,allopathic,92,1495,10 mg,4
18259,Solicare,allopathic,92,1495,5 mg,4
18260,Solider,allopathic,92,1495,10 mg,217
18261,Solider,allopathic,92,1495,5 mg,217
18262,Solifen,allopathic,92,1495,5 mg,25
18263,Solina,allopathic,92,1495,10 mg,66
18264,Solina,allopathic,92,1495,5 mg,66
18265,Solivo,allopathic,94,1134,375 mg+20 mg,101
18266,Solivo,allopathic,94,1134,500 mg+20 mg,101
18267,Solo,allopathic,37,1467,0.90%,217
18268,Solo,allopathic,52,1468,0.90%,217
18269,Solodex,allopathic,37,1471,0.9%+5%,217
18270,Solodex Baby,allopathic,37,1471,0.225%+5%,217
18271,Solodex JR,allopathic,37,1471,0.45%+5%,217
18272,Solone,allopathic,69,1311,5 mg/5 ml,2
18273,Solone,allopathic,92,1311,10 mg,2
18274,Solone,allopathic,92,1311,20 mg,2
18275,Solone,allopathic,92,1311,5 mg,2
18276,Solrin,allopathic,95,119,75 mg,165
18277,Soltara,allopathic,92,531,200 mg,24
18278,Solu-Medrol,allopathic,26,1053,125 mg/vial,175
18279,Solu-Medrol,allopathic,26,1053,1 gm/vial,175
18280,Solu-Medrol,allopathic,26,1052,40 mg/ml,175
18281,Solu-Medrol,allopathic,26,1053,500 mg/vial,175
18282,Solupred,allopathic,26,1053,125 mg/vial,240
18283,Solupred,allopathic,26,1053,1 gm/vial,240
18284,Solupred,allopathic,26,1053,500 mg/vial,240
18285,Solupred,allopathic,92,1051,16 mg,240
18286,Solupred,allopathic,92,1051,2 mg,240
18287,Solupred,allopathic,92,1051,4 mg,240
18288,Solupred,allopathic,92,1051,8 mg,240
18289,Solurin,allopathic,92,1495,10 mg,185
18290,Solurin,allopathic,92,1495,5 mg,185
18291,Solvit-B,allopathic,92,1669,,73
18292,Solvit-M,allopathic,92,1098,,73
18293,Solvitone,allopathic,91,1669,,73
18294,Som,allopathic,4,1199,20 mg,133
18295,Soma DS,allopathic,92,1520,800 mg+160 mg,16
18296,SOMA-JECT,allopathic,24,1017,150 mg/ml,106
18297,Somarant,allopathic,92,1526,10 mg,106
18298,Somazin,allopathic,26,370,500 mg/4 ml,185
18299,Somazin,allopathic,92,370,500 mg,185
18300,Somazole,allopathic,4,586,20 mg,5
18301,Somazole,allopathic,4,586,40 mg,5
18302,S-Ome,allopathic,4,586,20 mg,215
18303,S-Ome,allopathic,95,1199,20 mg,215
18304,S-Ome,allopathic,95,1199,40 mg,215
18305,Somolax,allopathic,92,60,120 mg,106
18306,Somolax,allopathic,92,60,60 mg,106
18307,Somopin,allopathic,92,529,3 mg,106
18308,Somopin,allopathic,92,529,6 mg,106
18309,Sompraz,allopathic,4,586,20 mg,219
18310,Sompraz,allopathic,4,586,40 mg,219
18311,Sompraz,allopathic,95,586,20 mg,219
18312,Sompraz,allopathic,95,586,40 mg,219
18313,Sonap,allopathic,92,1133,250 mg,217
18314,Sonap,allopathic,92,1133,500 mg,217
18315,Soneta,allopathic,11,1080,0.10%,25
18316,Soneta,allopathic,58,1080,0.10%,25
18317,Sonexa,allopathic,26,470,5 mg/ml,25
18318,Sonexa,allopathic,61,471,0.05%,25
18319,Sonexa,allopathic,62,471,0.10%,25
18320,Sonexa,allopathic,92,470,4 mg,25
18321,Sonexa C,allopathic,62,472,0.1%+0.5%,25
18322,Sonexim,allopathic,2,304,200 mg,204
18323,Sonexim,allopathic,75,304,100 mg/5 ml,204
18324,Sonib,allopathic,92,1498,200 mg,66
18325,Sonicort,allopathic,54,230,100 mcg/spray,164
18326,Sono,allopathic,92,594,1 mg,4
18327,Sono,allopathic,92,594,2 mg,4
18328,Sopilax,allopathic,69,1486,5 mg/5 ml,217
18329,Sopilax,allopathic,92,1486,10 mg,217
18330,Soracent,allopathic,92,1498,200 mg,106
18331,Sorafen,allopathic,92,1498,200 mg,225
18332,Soranix,allopathic,92,1498,200 mg,31
18333,Sorex,allopathic,66,80,5%,73
18334,Soria-D,allopathic,58,182,0.05%+0.005%,240
18335,Soricap,allopathic,2,15,10 mg,229
18336,Soricap,allopathic,2,15,25 mg,229
18337,Soritar,allopathic,11,404,10%,229
18338,Soritar,allopathic,82,405,12%+4%+2%,229
18339,Soritec,allopathic,2,15,10 mg,2
18340,Soritec,allopathic,2,15,25 mg,2
18341,Soritene,allopathic,11,1539,0.10%,35
18342,Sos Saline,allopathic,67,1205,13.95 gm,221
18343,Sotalex,allopathic,92,1499,80 mg,229
18344,Soto,allopathic,75,142,200 mg/5 ml,104
18345,Soto,allopathic,92,142,250 mg,104
18346,Soto,allopathic,92,142,500 mg,104
18347,Sovalvir,allopathic,92,1493,400 mg,101
18348,Sovel,allopathic,92,1494,400 mg+100 mg,2
18349,Soventa,allopathic,92,1493,400 mg,73
18350,Spacin,allopathic,92,1500,200 mg,206
18351,Spadyl,allopathic,92,1580,50 mg,114
18352,Spaflex,allopathic,92,147,10 mg,161
18353,Spaflex,allopathic,92,147,5 mg,161
18354,Spakem,allopathic,92,147,10 mg,229
18355,Spakem,allopathic,92,147,5 mg,229
18356,Spalox,allopathic,92,1500,200 mg,67
18357,Span,allopathic,92,536,40 mg,165
18358,Spanil,allopathic,92,802,10 mg,35
18359,Spanium,allopathic,26,1580,5 mg/2 ml,240
18360,Spanium,allopathic,92,1580,50 mg,240
18361,Spar,allopathic,92,1500,200 mg,89
18362,Spardon,allopathic,92,1500,200 mg,21
18363,Sparel,allopathic,92,1580,50 mg,233
18364,Sparflox,allopathic,92,1500,200 mg,9
18365,Sparfloxin,allopathic,92,1500,200 mg,63
18366,Spark,allopathic,92,1500,200 mg,150
18367,Sparlin,allopathic,92,1500,200 mg,35
18368,Sparonex,allopathic,92,1500,200 mg,66
18369,Spasmin,allopathic,92,802,10 mg,
18370,Spasmoson,allopathic,30,802,20 mg/ml,113
18371,Spasmoson,allopathic,92,802,10 mg,113
18372,Spasmozen,allopathic,92,802,10 mg,239
18373,Spason,allopathic,92,1580,50 mg,27
18374,Spasverin,allopathic,92,60,60 mg,31
18375,Spazin,allopathic,92,1580,50 mg,75
18376,Specbac,allopathic,39,1036,1 gm/vial,217
18377,Specbac,allopathic,39,1036,250 mg/vial,217
18378,Specbac,allopathic,39,1036,500 mg/vial,217
18379,Spectazole,allopathic,11,543,1%,101
18380,Spectazole N,allopathic,11,544,1%+0.1%,101
18381,Spectra,allopathic,62,365,0.30%,113
18382,Spectra,allopathic,92,364,500 mg,113
18383,SpectraBAN 19,allopathic,11,1698,15%,218
18384,SpectraBAN 28,allopathic,11,1698,15%,218
18385,SpectraBAN 60,allopathic,11,1700,10%+7%+3.5%+1%,88
18386,SpectraBAN Ultra 28,allopathic,45,1587,2%+2%+0.8%+3%,88
18387,Sperdal,allopathic,69,1395,1 mg/ml,222
18388,Sperdal,allopathic,92,1395,1 mg,222
18389,Sperdal,allopathic,92,1395,2 mg,222
18390,Sperdal,allopathic,92,1395,4 mg,222
18391,Sperid,allopathic,69,1395,1 mg/ml,196
18392,Sperid,allopathic,92,1395,1 mg,196
18393,Sperid,allopathic,92,1395,2 mg,196
18394,Sperid,allopathic,92,1395,4 mg,196
18395,Spermatin,herbal,92,901,12.5 mg,99
18396,Spersallerg,allopathic,62,99,0.05%+0.04%,156
18397,Spinafen,allopathic,92,147,10 mg,89
18398,Spinax,allopathic,92,147,10 mg,67
18399,Spine-B,allopathic,92,,100 mg+200 mg+200 mcg,160
18400,Spino,allopathic,33,236,0.5%+8%,106
18401,Spinofen,allopathic,92,147,10 mg,210
18402,Spinolex,allopathic,92,147,10 mg,226
18403,Spiretic,allopathic,92,1503,25 mg,66
18404,S-Pirin,allopathic,95,119,100 mg,150
18405,Spirocard,allopathic,92,1503,100 mg,185
18406,Spirocard,allopathic,92,1503,25 mg,185
18407,Spirocard,allopathic,92,1503,50 mg,185
18408,Spirocard Plus,allopathic,92,696,20 mg+50 mg,185
18409,Spiromid,allopathic,92,696,20 mg+50 mg,235
18410,Spirucap,herbal,2,1504,500 mg,66
18411,Splendora,allopathic,83,1071,2%,217
18412,Splendora,allopathic,83,1071,5%,217
18413,Sporin,allopathic,2,321,500 mg,134
18414,Sporin,allopathic,72,321,125 mg/1.25 ml,134
18415,Sporin,allopathic,75,321,125 mg/5 ml,134
18416,Sporium,allopathic,59,431,0.05%,106
18417,Sporium,allopathic,91,430,100 mg/ml,106
18418,Sporium Max,allopathic,62,431,0.90%,106
18419,Spotclen,allopathic,11,791,4%,106
18420,Spotclen Plus,allopathic,11,792,40 mg+80 mg+30 mg+20 mg,106
18421,Spotless,allopathic,11,791,4%,14
18422,Spotnil,allopathic,11,659,0.01%+4%+0.05%,67
18423,Spulyt,allopathic,91,227,4 mg/5 ml,35
18424,Spulyt,allopathic,92,227,8 mg,35
18425,Spusoft,allopathic,2,572,300 mg,106
18426,Sputen,allopathic,91,227,4 mg/5 ml,212
18427,SQ-Mycetin,allopathic,62,331,0.50%,217
18428,Square Zinc,allopathic,14,1703,20 mg,217
18429,SR Saline,allopathic,67,1205,13.95 gm,207
18430,SRS-Saline,allopathic,67,1205,13.95 gm,211
18431,S-Silver Sulfadiazine,allopathic,11,1457,1%,91
18432,Stacor,allopathic,92,128,10 mg,229
18433,Stacor,allopathic,92,128,20 mg,229
18434,Stacor,allopathic,92,128,40 mg,229
18435,Stafen,allopathic,62,898,0.03%,25
18436,Stafen,allopathic,91,899,1 mg/5 ml,25
18437,Stafen,allopathic,92,899,1 mg,25
18438,Staflu,allopathic,2,651,250 mg,9
18439,Staflu,allopathic,2,651,500 mg,9
18440,Staflu,allopathic,75,651,125 mg/5 ml,9
18441,Staflu DS,allopathic,75,651,250 mg/5 ml,9
18442,Stafoxin,allopathic,2,651,250 mg,25
18443,Stafoxin,allopathic,2,651,500 mg,25
18444,Stafoxin,allopathic,75,651,125 mg/5 ml,25
18445,Stalevo,allopathic,92,943,125 mg+31.25 mg+200 mg,
18446,Stalevo,allopathic,92,943,200 mg+50 mg+200 mg,
18447,Stalevo,allopathic,92,943,75 mg+18.75 mg+200 mg,
18448,Stamaril,allopathic,27,1691,1000 IU/0.5 ml,222
18449,Stano-M,allopathic,2,1098,,89
18450,Stanoplex,allopathic,91,1669,,89
18451,Stanovit-B,allopathic,92,1669,,89
18452,Stanovit-M,allopathic,92,1098,,89
18453,Staphylox,allopathic,75,651,125 mg/5 ml,179
18454,Staphylox-500,allopathic,2,651,500 mg,179
18455,Stapkil,allopathic,2,651,250 mg,173
18456,Stapkil,allopathic,2,651,500 mg,173
18457,Stapkil,allopathic,75,651,125 mg/5 ml,173
18458,Starbac,allopathic,92,147,10 mg,127
18459,Starbac,allopathic,92,147,5 mg,127
18460,Starcal,allopathic,92,253,500 mg,155
18461,Starcal D,allopathic,92,257,500 mg+200 IU,155
18462,Starcal D Forte,allopathic,92,257,500 mg+400 IU,155
18463,Starcal M,allopathic,92,258,,155
18464,Starcef,allopathic,2,304,200 mg,31
18465,Starcef,allopathic,2,304,400 mg,31
18466,Starcef,allopathic,75,304,100 mg/5 ml,31
18467,Starcox,allopathic,92,614,60 mg,120
18468,Starcox,allopathic,92,614,90 mg,120
18469,Starfil,allopathic,92,1455,100 mg,34
18470,Starfil,allopathic,92,1455,50 mg,34
18471,Starin,allopathic,2,309,100 mg,73
18472,Starin,allopathic,2,309,200 mg,73
18473,Starin,allopathic,72,309,20 mg/ml,73
18474,Starin,allopathic,75,309,40 mg/5 ml,73
18475,Starin DS,allopathic,75,309,80 mg/5 ml,73
18476,Stark,allopathic,69,1411,5 mg/5 ml,196
18477,Stark,allopathic,92,1411,10 mg,196
18478,Starlix,allopathic,92,1136,120 mg,156
18479,Starzyl,allopathic,70,1057,200 mg/5 ml,26
18480,Starzyl,allopathic,92,1057,400 mg,26
18481,Staxiclav,allopathic,92,317,250 mg+62.5 mg,62
18482,Staxim,allopathic,75,316,125 mg/5 ml,62
18483,Staxim,allopathic,92,316,250 mg,62
18484,Staxim,allopathic,92,316,500 mg,62
18485,Stebet-CL,allopathic,11,183,0.05%+1%,150
18486,Steclo,allopathic,11,382,0.05%,150
18487,Steclo,allopathic,58,382,0.05%,150
18488,Steclo-NN,allopathic,11,383,(0.5 mg+5 mg+1 Lac IU)/gm,150
18489,Stedex,allopathic,62,471,0.10%,150
18490,Stedex-C,allopathic,62,472,0.1%+0.5%,150
18491,Stedex-T,allopathic,62,474,0.1%+0.3%,150
18492,Stela,allopathic,92,1618,1 mg,62
18493,Stela,allopathic,92,1618,5 mg,62
18494,Stelone,allopathic,58,1616,0.10%,84
18495,Stemetil,allopathic,92,1326,5 mg,222
18496,Stener,allopathic,92,1641,150 mg,101
18497,Stener,allopathic,92,1641,300 mg,101
18498,Stenicol,allopathic,62,472,0.1%+0.5%,66
18499,Stenide,allopathic,11,544,1%+0.1%,150
18500,Steradin,allopathic,29,159,100 mcg/puff,2
18501,Steradin,allopathic,29,159,250 mcg/puff,2
18502,Sterisol,allopathic,36,737,1.50%,185
18503,Steriz,allopathic,23,597,66%+3.5%,24
18504,Sterolon,allopathic,63,1313,1%,143
18505,Steron,allopathic,26,470,5 mg/ml,4
18506,Steron,allopathic,62,471,0.10%,4
18507,Steron,allopathic,92,470,0.5 mg,4
18508,Steron-T,allopathic,62,474,0.1%+0.3%,4
18509,Steson,allopathic,11,386,0.05%,150
18510,Stiba,allopathic,91,541,5 mg/5 ml,73
18511,Stiba,allopathic,92,541,10 mg,73
18512,Stigmin,allopathic,30,1147,0.5 mg/ml,225
18513,Stilamin,allopathic,39,1496,3 mg/ampoule,138
18514,Stimo,allopathic,92,669,0.5 mg+10 mg,62
18515,Stimugin,herbal,2,1234,500 mg,10
18516,Stimulin,allopathic,92,722,1 mg,171
18517,Stimulin,allopathic,92,722,2 mg,171
18518,STK,allopathic,73,1508,1.5 million unit,106
18519,Stogut,allopathic,95,1358,20 mg,231
18520,Stoma,allopathic,9,57,250 mg+400 mg,73
18521,Stomacid,allopathic,9,57,250 mg+400 mg,16
18522,Stomacid,allopathic,70,57,(175 mg+225 mg)/5 ml,16
18523,Stosec,allopathic,4,1199,20 mg,164
18524,Stosec,allopathic,38,1199,40 mg/vial,164
18525,Stresin,allopathic,4,538,20 mg,229
18526,Stresin,allopathic,4,538,30 mg,229
18527,Stressnil,allopathic,92,224,3 mg,64
18528,Stromec,allopathic,92,879,6 mg,180
18529,Sualin,herbal,92,952,,99
18530,Sucal,allopathic,92,253,500 mg,221
18531,Sucal D,allopathic,92,257,500 mg+200 IU,221
18532,Sucleer,allopathic,92,721,80 mg,114
18533,Sucomet,allopathic,92,1039,500 mg,89
18534,Sucomet,allopathic,92,1039,850 mg,89
18535,Suconal,allopathic,11,1585,1%,221
18536,Sucorid,allopathic,92,722,2 mg,89
18537,Sucosit,allopathic,92,1461,100 mg,89
18538,Sucosit,allopathic,92,1461,50 mg,89
18539,Sucosit M,allopathic,92,1462,50 mg+1000 mg,89
18540,Sucosit M,allopathic,92,1462,50 mg+500 mg,89
18541,Sucotab,allopathic,92,721,80 mg,89
18542,Sucovil,allopathic,92,1661,50 mg,89
18543,Sucovil-M,allopathic,92,1662,50 mg+500 mg,89
18544,Sucovil-M,allopathic,92,1662,50 mg+850 mg,89
18545,Sucozin,allopathic,92,556,10 mg,89
18546,Sucozin,allopathic,92,556,25 mg,89
18547,Sucrate,allopathic,70,1511,1 gm/5 ml,4
18548,Sucraven,allopathic,39,862,100 mg/5 ml,105
18549,Sucrol,allopathic,92,118,18 mg,4
18550,Sudac,allopathic,92,1518,100 mg,66
18551,Sudac,allopathic,92,1518,200 mg,66
18552,Sudafed,allopathic,92,1345,60 mg,88
18553,Sudamin,allopathic,96,976,10 mg+240 mg,105
18554,Sudocof,allopathic,91,484,(10 mg+30 mg+1.25 mg)/5 ml,106
18555,Sudoderm,allopathic,11,1699,15.25%+0.39%+1.01%+0.15%+4.00%,150
18556,Sudokof,allopathic,91,483,(20 mg+10 mg+2.5 mg)/5 ml,106
18557,Sudoxim,allopathic,75,309,40 mg/5 ml,204
18558,Suffix,allopathic,2,304,200 mg,133
18559,Suffix,allopathic,75,304,100 mg/5 ml,133
18560,Sufoof Suparipak,herbal,67,449,,99
18561,Sugamet,allopathic,92,1039,500 mg,84
18562,Sugamet,allopathic,92,1039,850 mg,84
18563,Sugamet XR,allopathic,96,1039,1000 mg,84
18564,Sugamet XR,allopathic,96,1039,500 mg,84
18565,Suganil,allopathic,92,720,5 mg,213
18566,Sugatrol,allopathic,92,8,100 mg,173
18567,Sugatrol,allopathic,92,8,50 mg,173
18568,Sugel,allopathic,9,57,250 mg+400 mg,173
18569,Sugel,allopathic,70,57,(175 mg+225 mg)/5 ml,173
18570,Sugred,allopathic,92,721,80 mg,5
18571,Suito,allopathic,67,1513,1 gm/sachet,101
18572,Suito,allopathic,92,1513,1 gm/tablet,101
18573,Sulbion,allopathic,91,1419,2 mg/5 ml,120
18574,Sulderm,allopathic,11,1514,1%,150
18575,Sulfaben,allopathic,92,1516,500 mg,34
18576,Sulfacol,allopathic,92,1516,500 mg,66
18577,Sulfamin,allopathic,92,1519,500 mg+25 mg,113
18578,Sulfazin,allopathic,92,1516,500 mg,185
18579,Sulfozide 80,allopathic,92,721,80 mg,63
18580,Sulidac,allopathic,92,1518,100 mg,73
18581,Sulidac,allopathic,92,1518,200 mg,73
18582,Sulinzen,allopathic,92,1518,100 mg,239
18583,Sulinzen,allopathic,92,1518,200 mg,239
18584,Sulpralex,allopathic,2,320,250 mg,37
18585,Sulpralex,allopathic,2,320,500 mg,37
18586,Sulprex,allopathic,29,1421,(100 mcg+20 mcg)/puff,217
18587,Sulprex,allopathic,55,1422,(2.5 mg+500 mcg)/3 ml,217
18588,Sultolin,allopathic,28,1419,200 mcg,217
18589,Sultolin,allopathic,29,1420,100 mcg/puff,217
18590,Sultolin,allopathic,29,1420,100 mcg/puff,217
18591,Sultolin,allopathic,78,1419,5 mg/ml,217
18592,Sultolin,allopathic,91,1419,2 mg/5 ml,217
18593,Sultolin SR,allopathic,100,1419,8 mg,217
18594,Suma,allopathic,54,1522,10 mg/spray,4
18595,Sumin,allopathic,92,1039,500 mg,166
18596,Sun D,allopathic,2,410,20000 IU,62
18597,Sun D,allopathic,2,410,40000 IU,62
18598,Sun D,allopathic,92,410,1000 IU,62
18599,Sunicent,allopathic,2,1523,50 mg,106
18600,Sunitix,allopathic,2,1523,50 mg,31
18601,Sunkist,allopathic,9,1676,250 mg,24
18602,SunMask,allopathic,11,,,217
18603,Sunrise-D,allopathic,2,410,40000 IU,76
18604,Super Gold,allopathic,92,1100,,84
18605,Super Saline,allopathic,67,1205,13.95 gm,17
18606,Super Silver,allopathic,92,1103,,84
18607,Superpime,allopathic,26,303,1 gm/vial,4
18608,Superpime,allopathic,26,303,500 mg/vial,4
18609,Superseas,allopathic,91,1097,,240
18610,Suplical,allopathic,92,253,500 mg,54
18611,Suplical-D,allopathic,92,257,500 mg+200 IU,54
18612,Supotaria,allopathic,26,739,0.2 mg/ml,106
18613,Supotaria,allopathic,26,739,0.6 mg/3 ml,106
18614,Supotaria,allopathic,28,738,50 mcg,106
18615,Supotaria,allopathic,69,740,1 gm/5 ml,106
18616,Supoxim,allopathic,75,309,40 mg/5 ml,74
18617,Supra-B,allopathic,24,,(100 mg+100 mg+1 mg)/3 ml,66
18618,Supra-B,allopathic,92,,100 mg+200 mg+200 mcg,66
18619,Supracef,allopathic,2,321,250 mg,37
18620,Supracef,allopathic,2,321,500 mg,37
18621,Supracef,allopathic,26,321,1 gm/vial,37
18622,Supracef,allopathic,72,321,125 mg/1.25 ml,37
18623,Supracef,allopathic,75,321,125 mg/5 ml,37
18624,Supracef DS,allopathic,75,321,250 mg/5 ml,37
18625,Supracod,allopathic,91,1097,,66
18626,Suprafol TR,allopathic,8,637,200 mg+200 mcg,221
18627,Suprafol Z TR,allopathic,8,641,150 mg+0.5 mg+61.8 mg,221
18628,Supralex,allopathic,75,320,125 mg/5 ml,37
18629,Supraphen,allopathic,61,331,1%,82
18630,Supraphen,allopathic,62,331,0.50%,82
18631,Supraphen,allopathic,62,331,10%,82
18632,Supraphen,allopathic,62,331,5%,82
18633,Supraphen plus,allopathic,15,333,5%+1%,82
18634,Supraplex,allopathic,91,1669,,66
18635,Supravit,allopathic,2,1110,,66
18636,Supravit-G,allopathic,2,1100,,66
18637,Supravit-M,allopathic,2,1098,,66
18638,Supravit-PN,allopathic,2,1114,,66
18639,Supravit-S,allopathic,2,1103,,66
18640,Suprax,allopathic,2,304,200 mg,54
18641,Suprax,allopathic,75,304,100 mg/5 ml,54
18642,Suprax DS,allopathic,2,304,400 mg,54
18643,Supraxim,allopathic,2,304,200 mg,212
18644,Supraxim,allopathic,75,304,100 mg/5 ml,212
18645,Supra-Z,allopathic,91,861,,66
18646,Suprazyme,allopathic,92,1235,325 mg,221
18647,Supreno,allopathic,91,239,7.5 mg/5 ml,120
18648,Sural,allopathic,92,596,400 mg,16
18649,Surgeflox,allopathic,2,651,500 mg,54
18650,Surgidol,allopathic,26,896,30 mg/ml,90
18651,Surgidol,allopathic,92,896,10 mg,90
18652,Surgin,allopathic,92,896,10 mg,172
18653,Surobin,herbal,92,1525,,99
18654,Surpim,allopathic,26,896,30 mg/ml,26
18655,Surpim,allopathic,62,897,0.50%,26
18656,Surpim,allopathic,92,896,10 mg,26
18657,Survanta,allopathic,34,1273,25 mg/ml,1
18658,Survec,allopathic,38,1652,10 mg/vial,101
18659,Susten,allopathic,92,443,30 mg,217
18660,Susten,allopathic,92,443,60 mg,217
18661,Sustogen,allopathic,24,1563,250 mg/ml,225
18662,Sutac,allopathic,92,1368,150 mg,221
18663,Sutinib,allopathic,2,1523,50 mg,66
18664,Suvic,allopathic,9,1676,250 mg,17
18665,Suvirus,allopathic,92,1493,400 mg,217
18666,Suvo,allopathic,92,1526,10 mg,73
18667,Suvorest,allopathic,92,1526,10 mg,2
18668,Suvotol,allopathic,92,1526,10 mg,217
18669,Suxa,allopathic,26,1527,100 mg/2 ml,48
18670,Suxen,allopathic,22,1133,10% w/w,221
18671,Suxonium,allopathic,26,1527,100 mg/2 ml,225
18672,Suzarn,herbal,92,,,99
18673,Suzaron,allopathic,92,361,15 mg,197
18674,Suzyme,allopathic,92,1235,325 mg,217
18675,S-Vom,allopathic,92,1014,25 mg+50 mg,210
18676,Sweet Drop,herbal,41,1506,500 mg/ml,4
18677,Sweet Drops,allopathic,41,1512,25%,180
18678,Sweet'n Zero,allopathic,67,1512,12 mg/sachet,229
18679,Sweet'n Zero,allopathic,92,1512,8 mg,229
18680,Syalox Plus,allopathic,92,780,300 mg,198
18681,Sycal,allopathic,92,253,500 mg,145
18682,Sycal-D,allopathic,92,257,500 mg+200 IU,145
18683,Syclofen,allopathic,92,9,100 mg,145
18684,Sydon,allopathic,92,524,10 mg,145
18685,Syflu,allopathic,2,651,500 mg,145
18686,Syflu,allopathic,75,651,125 mg/5 ml,145
18687,Sylhep,herbal,2,1458,140 mg,229
18688,Symbion,allopathic,28,233,100 mcg+6 mcg,35
18689,Symbion,allopathic,28,233,200 mcg+6 mcg,35
18690,Symbion,allopathic,28,233,400 mcg+12 mcg,35
18691,Symbion,allopathic,29,233,(100 mcg+6 mcg)/puff,35
18692,Symbion,allopathic,29,233,(160 mcg+4.5 mcg)/puff,35
18693,Symbion,allopathic,29,233,(200 mcg+6 mcg)/puff,35
18694,Symbion,allopathic,29,233,(400 mcg+12 mcg)/puff,35
18695,Symbion,allopathic,29,233,(80 mcg+4.5 mcg)/puff,35
18696,Symbiotrin,allopathic,65,1060,2% w/w,155
18697,Symin,allopathic,91,345,2 mg/5 ml,223
18698,Synamet,allopathic,92,942,100 mg+10 mg,101
18699,Synamet,allopathic,92,942,100 mg+25 mg,101
18700,Synamet,allopathic,92,942,250 mg+25 mg,101
18701,Synamet Plus,allopathic,92,943,100 mg+25 mg+200 mg,101
18702,Synamet Plus,allopathic,92,943,50 mg+12.5 mg +200 mg,101
18703,Syncapone,allopathic,92,943,100 mg+25 mg+200 mg,219
18704,Syncapone,allopathic,92,943,150 mg+37.5 mg+200 mg,219
18705,Syncapone,allopathic,92,943,50 mg+12.5 mg +200 mg,219
18706,Syndol,allopathic,2,1604,50 mg,101
18707,Syndol,allopathic,26,1604,100 mg/2 ml,101
18708,Syndol Plus,allopathic,92,,325 mg+37.5 mg,101
18709,Syndopa,allopathic,92,942,100 mg+10 mg,219
18710,Syndopa,allopathic,92,942,250 mg+25 mg,219
18711,Syndopa CR,allopathic,93,941,100 mg+25 mg,219
18712,Syndopa CR,allopathic,93,941,200 mg+50 mg,219
18713,Synergy,allopathic,92,1524,,17
18714,Synflex,allopathic,92,727,250 mg+200 mg,101
18715,Synflorix,allopathic,27,1297,0.5 ml,88
18716,Synogen,allopathic,4,1634,40 mg,106
18717,Synogen Plus,allopathic,92,1636,40 mg+150 mg+120 mg,106
18718,Synovate,allopathic,58,382,0.05%,185
18719,Synroid,allopathic,92,951,50 mcg,35
18720,Syntar,allopathic,62,481,0.1%+0.3%,66
18721,Syntocin,allopathic,26,1226,5 IU/ml,225
18722,Synvisc-One,allopathic,31,801,48 mg/10 ml,86
18723,SYN-Z,allopathic,2,287,,145
18724,Sypam,allopathic,92,389,0.5 mg,26
18725,Sypam,allopathic,92,389,2 mg,26
18726,Sypron,allopathic,92,364,500 mg,145
18727,Syp-zi,allopathic,91,1703,10 mg/5 ml,231
18728,Syrup Zinc,allopathic,91,1703,4.05 mg/5 ml,26
18729,Syrup Zinc-200,allopathic,91,1703,10 mg/5 ml,26
18730,Syrup-ZP,allopathic,91,1703,10 mg/5 ml,179
18731,Syscol,allopathic,62,1292,0.4%+0.3%,150
18732,Syskem,allopathic,62,1292,0.4%+0.3%,119
18733,Systaflam,allopathic,101,492,,135
18734,Systear,allopathic,62,1292,0.4%+0.3%,25
18735,Systop,allopathic,58,1116,2% w/w,2
18736,Sytrim,allopathic,70,1520,(200 mg+40 mg)/5 ml,223
18737,Sytrim DS,allopathic,92,1520,800 mg+160 mg,223
18738,Sytrol,allopathic,91,324,5 mg/5 ml,145
18739,Sytrol,allopathic,92,324,10 mg,145
18740,Tabis,allopathic,92,208,2.5 mg,150
18741,Tabis,allopathic,92,208,5 mg,150
18742,Tabis Plus,allopathic,92,207,2.5 mg+6.25 mg,150
18743,Tabis Plus,allopathic,92,207,5 mg+6.25 mg,150
18744,Tabrex,allopathic,92,142,500 mg,29
18745,Tacroderm,allopathic,58,1531,0.10%,185
18746,Tacrol,allopathic,58,1531,0.03%,4
18747,Tacrol,allopathic,58,1531,0.10%,4
18748,Tacrolim,allopathic,58,1531,0.03%,106
18749,Tacrolim,allopathic,58,1531,0.10%,106
18750,Tacs,allopathic,92,1240,500 mg+65 mg,192
18751,TacsDol,allopathic,92,,325 mg+37.5 mg,192
18752,Tada,allopathic,92,1532,10 mg,73
18753,Tada,allopathic,92,1532,20 mg,73
18754,Tada,allopathic,92,1532,5 mg,73
18755,Tadafil,allopathic,92,1532,10 mg,27
18756,Tadafil,allopathic,92,1532,5 mg,27
18757,Tadalis,allopathic,92,1532,10 mg,106
18758,Tafil,allopathic,92,1532,10 mg,210
18759,Taflan,allopathic,62,1533,0.00%,25
18760,Tafovir,allopathic,92,1554,300 mg,185
18761,Tag,allopathic,62,706,0.30%,25
18762,Taglimet,allopathic,92,1462,50 mg+1000 mg,105
18763,Taglimet,allopathic,92,1462,50 mg+500 mg,105
18764,Tagribo,allopathic,92,1210,80 mg,225
18765,Talmimax,allopathic,92,1548,40 mg,64
18766,Talopram,allopathic,92,583,10 mg,150
18767,Talopram,allopathic,92,583,5 mg,150
18768,Tamadol,allopathic,2,1604,50 mg,148
18769,Tamcontin,allopathic,92,1535,0.4 mg,146
18770,Tamen,allopathic,37,1239,10 mg/ml,73
18771,Tamen,allopathic,70,1238,120 mg/5 ml,73
18772,Tamen,allopathic,72,1238,80 mg/ml,73
18773,Tamen,allopathic,91,1238,120 mg/5 ml,73
18774,Tamen,allopathic,92,1238,500 mg,73
18775,Tamen Turbo,allopathic,92,1240,500 mg+65 mg,73
18776,Tamen Ultra,allopathic,92,1238,500 mg,73
18777,Tamen XR,allopathic,96,1238,665 mg,73
18778,Tamenol,allopathic,92,,325 mg+37.5 mg,73
18779,Tamfast,allopathic,6,1535,0.4 mg,191
18780,Tamiflu,allopathic,2,1209,75 mg,200
18781,Tamino,allopathic,70,1238,120 mg/5 ml,155
18782,Tamino,allopathic,92,1238,500 mg,155
18783,Tamino ER,allopathic,96,1238,665 mg,155
18784,Tamino Plus,allopathic,92,1240,500 mg+65 mg,155
18785,Tamisol D,allopathic,2,1536,0.4 mg+0.5 mg,101
18786,Tamisol MR,allopathic,6,1535,0.4 mg,101
18787,Tamlet,allopathic,6,1535,0.4 mg,219
18788,Tamlosin,allopathic,92,1535,0.4 mg,171
18789,Tamodex,allopathic,92,1534,10 mg,66
18790,Tamona,allopathic,92,1534,10 mg,35
18791,Tamona,allopathic,92,1534,20 mg,35
18792,Tamoral,allopathic,92,1534,10 mg,225
18793,Tamoral,allopathic,92,1534,20 mg,225
18794,Tamosin,allopathic,6,1535,0.4 mg,221
18795,Tamoxen,allopathic,92,1534,10 mg,84
18796,Tamoxen,allopathic,92,1534,20 mg,84
18797,Tamoxi,allopathic,92,1534,10 mg,31
18798,Tamoxi,allopathic,92,1534,20 mg,31
18799,Tamsin,allopathic,6,1535,0.4 mg,62
18800,Tamsin D,allopathic,2,1536,0.4 mg+0.5 mg,62
18801,Tamsol,allopathic,6,1535,0.4 mg,20
18802,Tamsule SR,allopathic,6,1535,0.4 mg,210
18803,Tamsulin,allopathic,6,1535,0.4 mg,224
18804,Tamsulin Plus,allopathic,2,1536,0.4 mg+0.5 mg,224
18805,Tamurin,allopathic,6,1535,0.4 mg,89
18806,Tandamol,allopathic,70,1238,120 mg/5 ml,135
18807,Tandamol,allopathic,92,1238,500 mg,135
18808,Tanox,allopathic,2,178,6 mg+200 mg+50 mg,66
18809,Tanox Plus,allopathic,2,1524,,66
18810,Tanpot,allopathic,92,982,100 mg,108
18811,Tanpot,allopathic,92,982,25 mg,108
18812,Tanpot,allopathic,92,982,50 mg,108
18813,Tanpot Plus,allopathic,92,983,50 mg+12.5 mg,108
18814,Tanzil,allopathic,92,140,40 mg,66
18815,Tapendol,allopathic,92,1537,50 mg,165
18816,Tapendol,allopathic,92,1537,75 mg,165
18817,Tapenta,allopathic,92,1537,100 mg,73
18818,Tapenta,allopathic,92,1537,50 mg,73
18819,Tapenta,allopathic,92,1537,75 mg,73
18820,Tapexia,allopathic,92,1537,50 mg,89
18821,Tapexia,allopathic,92,1537,75 mg,89
18822,Taran,allopathic,92,982,50 mg,119
18823,Tarbo,allopathic,92,224,3 mg,180
18824,Tarcenib,allopathic,92,576,100 mg,225
18825,Tarcenib,allopathic,92,576,150 mg,225
18826,Tarceva,allopathic,92,576,150 mg,200
18827,Targocid,allopathic,26,1546,200 mg/vial,222
18828,Targocid,allopathic,26,1546,400 mg/vial,222
18829,Tartflex,herbal,2,1538,500 mg,191
18830,Tarvanib,allopathic,92,576,100 mg,114
18831,Tarvanib,allopathic,92,576,150 mg,114
18832,Tasigna,allopathic,2,1158,200 mg,156
18833,Taspia,allopathic,6,1535,0.4 mg,211
18834,Taspia,allopathic,92,123,50 mg,211
18835,Tasso,allopathic,92,1210,40 mg,114
18836,Tasso,allopathic,92,1210,80 mg,114
18837,Tasti,allopathic,92,178,6 mg+200 mg+50 mg,2
18838,Tav,allopathic,92,536,40 mg,167
18839,Taven,allopathic,92,128,10 mg,196
18840,Taven,allopathic,92,128,20 mg,196
18841,Taven,allopathic,92,128,40 mg,196
18842,Taverin,allopathic,92,536,40 mg,35
18843,Taxceph,allopathic,26,306,1 gm/10 ml,105
18844,Taxceph,allopathic,26,306,250 mg/5 ml,105
18845,Taxceph,allopathic,26,306,500 mg/10 ml,105
18846,Taxedol,allopathic,37,521,20 mg/vial,35
18847,Taxedol,allopathic,37,521,80 mg/vial,35
18848,Taxetil,allopathic,72,309,20 mg/ml,25
18849,Taxetil,allopathic,75,309,40 mg/5 ml,25
18850,Taxetil DS,allopathic,75,309,80 mg/5 ml,25
18851,Taxiclot,allopathic,2,1605,500 mg,20
18852,Taxim,allopathic,26,306,1 gm/10 ml,4
18853,Taxim,allopathic,26,306,250 mg/5 ml,4
18854,Taxim,allopathic,26,306,500 mg/10 ml,4
18855,Taxotere,allopathic,37,521,20 mg/vial,222
18856,Taxotere,allopathic,37,521,80 mg/vial,222
18857,Taziaid,allopathic,26,313,1 gm/vial,122
18858,Taziaid,allopathic,26,313,250 mg/vial,122
18859,Taziaid,allopathic,26,313,500 mg/vial,122
18860,Tazid,allopathic,26,313,1 gm/vial,217
18861,Tazid,allopathic,26,313,250 mg/vial,217
18862,Tazid,allopathic,26,313,500 mg/vial,217
18863,Tazimax,allopathic,26,313,1 gm/vial,73
18864,Tazimax,allopathic,26,313,250 mg/vial,73
18865,Tazobac,allopathic,37,1284,(2 gm+0.25 gm)/vial,2
18866,Tazobac,allopathic,37,1284,(4 gm+0.5 gm)/vial,2
18867,Tazocilin,allopathic,37,1284,(2 gm+0.25 gm)/vial,217
18868,Tazocilin,allopathic,37,1284,(4 gm+0.5 gm)/vial,217
18869,Tazopen,allopathic,37,1284,(2 gm+0.25 gm)/vial,196
18870,Tazopen,allopathic,37,1284,(4 gm+0.5 gm)/vial,196
18871,Tazoskin,allopathic,11,1539,0.10%,106
18872,Tazox,allopathic,75,1165,100 mg/5 ml,158
18873,Tazox,allopathic,92,1165,500 mg,158
18874,Tazumab,allopathic,37,1606,440 mg/20 ml,66
18875,TC,allopathic,2,1568,250 mg,29
18876,T-Cef,allopathic,2,304,200 mg,66
18877,T-Cef,allopathic,2,304,400 mg,66
18878,T-Cef,allopathic,72,304,25 mg/ml,66
18879,T-Cef,allopathic,75,304,100 mg/5 ml,66
18880,T-Cef DS,allopathic,75,304,200 mg/5 ml,66
18881,TCL-R,allopathic,92,128,10 mg,25
18882,TCL-R,allopathic,92,128,20 mg,25
18883,TCL-R,allopathic,92,128,40 mg,25
18884,T-Cort,allopathic,54,1615,55 mcg/spray,165
18885,T-cure,allopathic,11,1124,2%,106
18886,Tdcef,allopathic,2,304,200 mg,225
18887,Tdcef,allopathic,2,304,400 mg,225
18888,Tdcef,allopathic,75,304,100 mg/5 ml,225
18889,Tdcef,allopathic,92,304,200 mg,225
18890,Tdcef,allopathic,92,304,400 mg,225
18891,Tdcef DS,allopathic,75,304,200 mg/5 ml,225
18892,T-Dex,allopathic,61,474,0.1%+0.3%,195
18893,T-Dex,allopathic,62,474,0.1%+0.3%,195
18894,T-Drop,allopathic,62,1590,0.30%,195
18895,Tealis,allopathic,92,1532,10 mg,165
18896,Tealis,allopathic,92,1532,20 mg,165
18897,Tealis,allopathic,92,1532,5 mg,165
18898,Tear,allopathic,62,804,0.50%,82
18899,Tearcol,allopathic,62,1292,0.4%+0.3%,143
18900,Tearex,allopathic,62,1303,5% v/v,35
18901,Tearfresh Liquigel,allopathic,62,290,1%,84
18902,Teargen,allopathic,62,1303,5% v/v,84
18903,Tearin,allopathic,62,804,0.50%,37
18904,Tearon,allopathic,62,1292,0.4%+0.3%,35
18905,Tearon Fresh,allopathic,62,290,1%,35
18906,Tearon PF,allopathic,62,1292,0.4%+0.3%,35
18907,Tearsol,allopathic,62,804,0.30%,195
18908,Tebast,allopathic,92,541,10 mg,217
18909,Tecavir,allopathic,92,563,0.5 mg,25
18910,Tecavir,allopathic,92,563,1 mg,25
18911,Tecentriq,allopathic,37,125,1200 mg/vial,200
18912,Technofen,allopathic,92,9,100 mg,225
18913,Technosol,allopathic,23,339,0.5%+70%,225
18914,Techonazol,allopathic,2,652,150 mg,225
18915,Techonazol,allopathic,2,652,50 mg,225
18916,Tedibac,allopathic,92,1544,200 mg,114
18917,Tegretol,allopathic,70,281,100 mg/5 ml,156
18918,Tegretol,allopathic,92,281,200 mg,156
18919,Tegretol CR,allopathic,93,281,200 mg,156
18920,Tek,allopathic,92,9,100 mg,224
18921,Tekast,allopathic,92,1086,10 mg,224
18922,Tekast,allopathic,92,1086,5 mg,224
18923,Telabee,allopathic,92,1553,25 mg,114
18924,Telabid,allopathic,92,866,5 mg+1 mg,73
18925,Telabid,allopathic,92,866,5 mg+2 mg,73
18926,TelAmlo,allopathic,92,86,5 mg+40 mg,229
18927,Telazine,allopathic,92,1618,1 mg,73
18928,Telazine,allopathic,92,1618,5 mg,73
18929,Telcardis,allopathic,92,1548,40 mg,229
18930,Telcardis,allopathic,92,1548,80 mg,229
18931,Telcardis Plus,allopathic,92,1549,40 mg+12.5 mg,229
18932,Telcardis Plus,allopathic,92,1549,80 mg+12.5 mg,229
18933,Telfadin,allopathic,70,642,30 mg/5 ml,163
18934,Telfadin,allopathic,92,642,120 mg,163
18935,Telfadin,allopathic,92,642,180 mg,163
18936,Telfast,allopathic,70,642,30 mg/5 ml,222
18937,Telfast,allopathic,92,642,120 mg,222
18938,Telfast,allopathic,92,642,180 mg,222
18939,Telfex,allopathic,70,642,30 mg/5 ml,180
18940,Telfex,allopathic,92,642,120 mg,180
18941,Telfex,allopathic,92,642,180 mg,180
18942,Telfin,allopathic,11,1557,1%,229
18943,Telfin,allopathic,92,1557,250 mg,229
18944,Telide,allopathic,75,142,200 mg/5 ml,224
18945,Telide,allopathic,92,142,500 mg,224
18946,Telisa,allopathic,92,1548,40 mg,4
18947,Telisa,allopathic,92,1548,80 mg,4
18948,Telisa-A,allopathic,92,86,5 mg+40 mg,4
18949,Telisa-A,allopathic,92,86,5 mg+80 mg,4
18950,Telma,allopathic,92,1548,40 mg,35
18951,Telma,allopathic,92,1548,80 mg,35
18952,Telma Plus,allopathic,92,1549,40 mg+12.5 mg,35
18953,Telmacal,allopathic,92,86,5 mg+40 mg,35
18954,Telmacal,allopathic,92,86,5 mg+80 mg,35
18955,Telmicard,allopathic,92,1548,40 mg,66
18956,Telmidip,allopathic,92,86,10 mg+40 mg,106
18957,Telmidip,allopathic,92,86,5 mg+40 mg,106
18958,Telmidip,allopathic,92,86,5 mg+80 mg,106
18959,Telmifast,allopathic,92,1548,40 mg,180
18960,Telmifast,allopathic,92,1548,80 mg,180
18961,Telmilok,allopathic,92,1548,40 mg,217
18962,Telmilok,allopathic,92,1548,80 mg,217
18963,Telmilok Plus,allopathic,92,1549,40 mg+12.5 mg,217
18964,Telmipres,allopathic,92,1548,20 mg,106
18965,Telmipres,allopathic,92,1548,40 mg,106
18966,Telmipres,allopathic,92,1548,80 mg,106
18967,Telmipres Plus,allopathic,92,1549,40 mg+12.5 mg,106
18968,Telmipres Plus,allopathic,92,1549,80 mg+12.5 mg,106
18969,Telmitan,allopathic,92,1548,20 mg,165
18970,Telmitan,allopathic,92,1548,40 mg,165
18971,Telmitan,allopathic,92,1548,80 mg,165
18972,Telmitan Max,allopathic,92,86,10 mg+40 mg,165
18973,Telmitan Max,allopathic,92,86,10 mg+80 mg,165
18974,Telmitan Max,allopathic,92,86,5 mg+40 mg,165
18975,Telmitan Max,allopathic,92,86,5 mg+80 mg,165
18976,Telmitan Plus,allopathic,92,1549,40 mg+12.5 mg,165
18977,Telmitan Plus,allopathic,92,1549,80 mg+12.5 mg,165
18978,Telmitan Plus,allopathic,92,1549,80 mg+25 mg,165
18979,Telmivas,allopathic,92,1548,40 mg,185
18980,Telmivas AM,allopathic,92,86,5 mg+40 mg,185
18981,Telmi-Z,allopathic,92,1549,80 mg+12.5 mg,64
18982,Telpro,allopathic,92,1548,40 mg,196
18983,Telpro,allopathic,92,1548,80 mg,196
18984,Telpro Max,allopathic,92,86,5 mg+40 mg,196
18985,Telpro Max,allopathic,92,86,5 mg+80 mg,196
18986,Telsan,allopathic,92,1548,40 mg,171
18987,Telukast,allopathic,9,1086,4 mg,84
18988,Telukast,allopathic,9,1086,5 mg,84
18989,Telukast,allopathic,92,1086,10 mg,84
18990,Tembrox,allopathic,91,66,15 mg/5 ml,224
18991,Temcal-D,allopathic,92,257,500 mg+200 IU,224
18992,Temcard,allopathic,92,1548,20 mg,25
18993,Temcard,allopathic,92,1548,40 mg,25
18994,Temcard,allopathic,92,1548,80 mg,25
18995,Temcox,allopathic,92,614,120 mg,224
18996,Temcox,allopathic,92,614,60 mg,224
18997,Temcox,allopathic,92,614,90 mg,224
18998,Temfin,allopathic,92,1240,500 mg+65 mg,167
18999,Temglip,allopathic,92,722,1 mg,224
19000,Temglip,allopathic,92,722,2 mg,224
19001,Temixil,allopathic,92,1550,10 mg,196
19002,Temnor,allopathic,92,1238,500 mg,45
19003,Temnor Plus,allopathic,92,1240,500 mg+65 mg,45
19004,Temoket,allopathic,26,896,30 mg/ml,224
19005,Temoket,allopathic,92,896,10 mg,224
19006,Temol,allopathic,70,1238,120 mg/5 ml,224
19007,Temol,allopathic,92,1238,500 mg,224
19008,Temol Extra,allopathic,92,1240,500 mg+65 mg,224
19009,Temolina,allopathic,92,962,5 mg,224
19010,Temonix,allopathic,2,1551,100 mg,31
19011,Temonix,allopathic,2,1551,250 mg,31
19012,Temovate,allopathic,11,382,0.05%,101
19013,Temovate,allopathic,58,382,0.05%,101
19014,Temozar,allopathic,2,1551,100 mg,66
19015,Temozar,allopathic,2,1551,250 mg,66
19016,Tempac,allopathic,70,1238,120 mg/5 ml,98
19017,Tempac,allopathic,92,1238,500 mg,98
19018,Tempanil,allopathic,92,1238,500 mg,18
19019,Tempanil Extra,allopathic,92,1240,500 mg+65 mg,18
19020,Tempil,allopathic,92,1238,500 mg,9
19021,Tempol Plus,allopathic,92,1240,500 mg+65 mg,26
19022,Tempol-D,allopathic,92,,325 mg+37.5 mg,26
19023,Temrif Plus,allopathic,92,1240,500 mg+65 mg,143
19024,Tems,allopathic,92,1548,40 mg,73
19025,Tems,allopathic,92,1548,80 mg,73
19026,Temseas,allopathic,91,1097,,224
19027,Temtrix,allopathic,24,315,1 gm/vial,224
19028,Temtrix,allopathic,38,315,1 gm/vial,224
19029,Temtrix,allopathic,38,315,2 gm/vial,224
19030,Temvas,allopathic,92,128,10 mg,224
19031,Temvit Gold,allopathic,92,1098,,224
19032,Temvit-N,allopathic,92,,100 mg+200 mg+200 mcg,224
19033,Temzinc,allopathic,91,1703,10 mg/5 ml,224
19034,Temzinc Plus,allopathic,91,1671,,224
19035,Temzinc Plus,allopathic,92,1671,,224
19036,Tenac TR,allopathic,8,494,100 mg,224
19037,Tenafin,allopathic,11,240,1%,35
19038,Tenapam,allopathic,92,224,3 mg,84
19039,Tenaxit,allopathic,92,669,0.5 mg+10 mg,106
19040,Tenbee,allopathic,92,1554,300 mg,114
19041,Tencef,allopathic,2,314,400 mg,150
19042,Tendia,allopathic,26,1604,100 mg/2 ml,2
19043,Tendonil,allopathic,2,10,60 mg,171
19044,Tenicar,allopathic,92,1193,20 mg,229
19045,Tenicar,allopathic,92,1193,40 mg,229
19046,Tenil,allopathic,92,224,3 mg,4
19047,Tenivasc,allopathic,92,85,5 mg+20 mg,229
19048,Tenizide,allopathic,92,1194,20 mg+12.5 mg,229
19049,Tenkular,allopathic,92,1326,5 mg,231
19050,Tenobis,allopathic,92,208,2.5 mg,66
19051,Tenobis,allopathic,92,208,5 mg,66
19052,Tenobis Plus,allopathic,92,207,10 mg+6.25 mg,66
19053,Tenobis Plus,allopathic,92,207,2.5 mg+6.25 mg,66
19054,Tenobis Plus,allopathic,92,207,5 mg+6.25 mg,66
19055,Tenocab,allopathic,92,82,5 mg+25 mg,2
19056,Tenocab,allopathic,92,82,5 mg+50 mg,2
19057,Tenocard,allopathic,92,123,50 mg,25
19058,Tenoclor,allopathic,92,124,50 mg+25 mg,20
19059,Tenodin,allopathic,92,82,5 mg+25 mg,26
19060,Tenodin,allopathic,92,82,5 mg+50 mg,26
19061,Tenoflex,allopathic,92,1555,20 mg,31
19062,Tenoloc,allopathic,92,123,100 mg,4
19063,Tenoloc,allopathic,92,123,50 mg,4
19064,Tenomin,allopathic,92,123,50 mg,173
19065,Tenopain,allopathic,92,1555,20 mg,106
19066,Tenopin,allopathic,92,82,5 mg+50 mg,210
19067,Tenoren,allopathic,92,123,100 mg,2
19068,Tenoren,allopathic,92,123,25 mg,2
19069,Tenoren,allopathic,92,123,50 mg,2
19070,Tenoren Plus,allopathic,92,124,50 mg+25 mg,2
19071,Tenorix,allopathic,92,1555,20 mg,171
19072,Tenovir,allopathic,92,123,50 mg,235
19073,Tenoviral,allopathic,92,1554,300 mg,165
19074,Tenoxim,allopathic,92,1555,20 mg,73
19075,Tensa,allopathic,92,669,0.5 mg+10 mg,133
19076,Tensareal,allopathic,92,490,5 mg,107
19077,Tensfree,allopathic,92,224,3 mg,89
19078,Tensicon,allopathic,92,669,0.5 mg+10 mg,226
19079,Tensnil,allopathic,92,380,10 mg,9
19080,Tenvira,allopathic,92,1554,300 mg,25
19081,Teolex SR,allopathic,100,1571,200 mg,2
19082,Tepadina,allopathic,37,1575,15 mg/vial,
19083,Teracin,allopathic,92,1224,500 mg,135
19084,Terazon,allopathic,92,1556,2 mg,106
19085,Terazon,allopathic,92,1556,5 mg,106
19086,Terbex,allopathic,11,1557,1%,35
19087,Terbex,allopathic,92,1557,250 mg,35
19088,Terbicon,allopathic,92,1557,250 mg,31
19089,Terbiderm,allopathic,92,1557,250 mg,171
19090,Terbifin,allopathic,11,1557,1%,25
19091,Terbifin,allopathic,92,1557,250 mg,25
19092,Terbiheal,allopathic,11,1557,1%,14
19093,Terbiheal,allopathic,92,1557,250 mg,14
19094,Terbikill,allopathic,11,1557,1%,4
19095,Terbikill,allopathic,92,1557,250 mg,4
19096,Terbimax,allopathic,11,1557,1%,196
19097,Terbimax,allopathic,92,1557,250 mg,196
19098,Terbin,allopathic,11,1557,1%,165
19099,Terbin,allopathic,75,1557,125 mg/sachet,165
19100,Terbin,allopathic,92,1557,250 mg,165
19101,Terbin,allopathic,104,1557,1%,165
19102,Terbinox,allopathic,11,1557,1%,105
19103,Terbinox,allopathic,92,1557,250 mg,105
19104,Terbitac,allopathic,11,1557,1%,240
19105,Terbitac,allopathic,92,1557,250 mg,240
19106,Terbixen,allopathic,92,1557,250 mg,76
19107,Terbulin,allopathic,91,1558,1.5 mg/5 ml,105
19108,Tergocin,allopathic,26,1546,200 mg/vial,106
19109,Tericin,allopathic,37,92,50 mg/vial,31
19110,Termider,allopathic,11,1557,1%,37
19111,Termider,allopathic,92,1557,250 mg,37
19112,Terminex,allopathic,92,1066,200 mg+200 mcg,217
19113,Ternilla,allopathic,92,9,100 mg,101
19114,Terovit,allopathic,92,683,5 mg,82
19115,Terrell,allopathic,86,864,100 ml,
19116,Tervent,allopathic,91,1558,1.5 mg/5 ml,229
19117,Tervent,allopathic,92,1558,2.5 mg,229
19118,Tesco DL,allopathic,91,510,(14 mg+6.5 mg+2 mg)/5 ml,225
19119,Tesco GL,allopathic,91,748,(100 mg+1.1 mg+14 mg)/5 ml,225
19120,Testanon,allopathic,24,1563,250 mg/ml,161
19121,Testoren,allopathic,24,1563,250 mg/ml,2
19122,Tetagam-P,allopathic,24,779,250 IU/ml,57
19123,Tetclin,allopathic,2,1568,250 mg,173
19124,Tetraben,allopathic,92,1566,12.5 mg,106
19125,Tetraben,allopathic,92,1566,25 mg,106
19126,Tetrabez,allopathic,92,1566,12.5 mg,229
19127,Tetrabez,allopathic,92,1566,25 mg,229
19128,Tetracef,allopathic,26,303,1 gm/vial,35
19129,Tetracef,allopathic,26,303,500 mg/vial,35
19130,Tetracef,allopathic,38,303,2 gm/vial,35
19131,Tetracillin,allopathic,2,1568,250 mg,207
19132,Tetracomb,allopathic,11,1613,,180
19133,Tetracomb,allopathic,58,1613,,180
19134,Tetracycline,allopathic,2,1568,250 mg,179
19135,Tetracycline,allopathic,2,1568,500 mg,194
19136,Tetracycline H,allopathic,2,1568,250 mg,104
19137,Tetrafast,allopathic,2,1568,250 mg,106
19138,Tetram,allopathic,2,1568,250 mg,141
19139,Tetramet,allopathic,2,1568,250 mg,136
19140,Tetramin,allopathic,2,1568,250 mg,8
19141,Tetrasina,allopathic,2,1568,250 mg,105
19142,Tetrasina,allopathic,2,1568,500 mg,105
19143,Tetrasol,allopathic,85,1085,25%,2
19144,Tetrax,allopathic,2,1568,500 mg,217
19145,Tetraxim,allopathic,80,,0.5 ml/prefilled syringe,222
19146,Tetrazin,allopathic,92,1566,12.5 mg,31
19147,Tetrazin,allopathic,92,1566,25 mg,31
19148,Teviral,allopathic,92,563,0.5 mg,2
19149,Teviral,allopathic,92,563,1 mg,2
19150,Texa,allopathic,62,474,0.1%+0.3%,66
19151,Texamic,allopathic,2,1605,500 mg,75
19152,Texicam,allopathic,92,1555,20 mg,20
19153,Texit,allopathic,2,304,200 mg,20
19154,Texit,allopathic,2,304,400 mg,20
19155,Texit,allopathic,75,304,100 mg/5 ml,20
19156,Tezolid,allopathic,37,1544,200 mg/vial,106
19157,Tezolid,allopathic,92,1544,200 mg,106
19158,Tezolin,allopathic,92,1544,200 mg,35
19159,T-Fovir,allopathic,92,1554,300 mg,66
19160,T-Get,allopathic,62,706,0.30%,165
19161,Tget D,allopathic,62,708,0.3%+0.1%,165
19162,Tgocef,allopathic,2,304,200 mg,215
19163,Tgocef,allopathic,2,304,400 mg,215
19164,Tgocef,allopathic,75,304,100 mg/5 ml,215
19165,Tgocef DS,allopathic,75,304,200 mg/5 ml,215
19166,T-H,allopathic,92,1572,100 mg,42
19167,Thai-1,allopathic,26,1572,100 mg/ml,67
19168,Thalidon,allopathic,92,347,25 mg,185
19169,Thalin,allopathic,92,347,25 mg,35
19170,Thelin,allopathic,92,1335,15 mg,106
19171,Thenglate,allopathic,91,1571,120 mg/5 ml,4
19172,Thenxet,allopathic,92,669,0.5 mg+10 mg,173
19173,Theo-fast,allopathic,91,1571,120 mg/5 ml,89
19174,Theonate,allopathic,91,1571,120 mg/5 ml,
19175,Theonate,allopathic,92,1571,300 mg,
19176,Theonate SR,allopathic,100,1571,300 mg,
19177,Theovent-SR,allopathic,7,1571,300 mg,66
19178,Theovent-SR,allopathic,100,1571,200 mg,66
19179,Theovent-SR,allopathic,100,1571,300 mg,66
19180,Theovent-SR,allopathic,100,1571,400 mg,66
19181,Thianomin,allopathic,26,1572,100 mg/ml,197
19182,Thiason,allopathic,26,1572,100 mg/ml,113
19183,Thiason,allopathic,26,1572,100 mg/ml,113
19184,Thiatab,allopathic,92,1572,100 mg,148
19185,Thiocard,allopathic,92,347,15 mg,106
19186,Thiocard,allopathic,92,347,25 mg,106
19187,Thiontal,allopathic,38,1573,1 gm/vial,196
19188,Thiontal,allopathic,38,1573,500 mg/vial,196
19189,Thiopen,allopathic,38,1573,1 gm/vial,2
19190,Thiopen,allopathic,38,1573,500 mg/vial,2
19191,Thiosina,allopathic,92,1572,100 mg,105
19192,Thiotab,allopathic,92,1491,15 mg,216
19193,Thiotab,allopathic,92,1491,7.5 mg,216
19194,Thioton,allopathic,38,1573,1 gm/vial,225
19195,Thioton,allopathic,38,1573,500 mg/vial,225
19196,Thiovit,allopathic,92,1572,100 mg,179
19197,Thixtra,allopathic,92,669,0.5 mg+10 mg,155
19198,Thiza,allopathic,75,142,200 mg/5 ml,120
19199,Thiza,allopathic,92,142,500 mg,120
19200,Thoraz,allopathic,75,142,200 mg/5 ml,14
19201,Thoraz,allopathic,92,142,250 mg,14
19202,Thoraz,allopathic,92,142,500 mg,14
19203,Thormon,allopathic,92,951,50 mcg,25
19204,Throcin,allopathic,75,580,125 mg/5 ml,89
19205,Thromax,allopathic,75,142,200 mg/5 ml,158
19206,Thromax,allopathic,92,142,250 mg,158
19207,Thromax,allopathic,92,142,500 mg,158
19208,Thymoglobulin,allopathic,38,102,25 mg/10 ml,86
19209,Thynor,allopathic,92,951,50 mcg,73
19210,Thyrin,allopathic,92,951,25 mcg,217
19211,Thyrin,allopathic,92,951,50 mcg,217
19212,Thyrolar,allopathic,92,951,50 mcg,4
19213,Thyronor,allopathic,92,951,100 mcg,161
19214,Thyronor,allopathic,92,951,12.5 mcg,161
19215,Thyronor,allopathic,92,951,25 mcg,161
19216,Thyronor,allopathic,92,951,50 mcg,161
19217,Thyronor,allopathic,92,951,75 mcg,161
19218,Thyrotab,allopathic,92,951,50 mcg,105
19219,Thyrox,allopathic,92,951,100 mcg,196
19220,Thyrox,allopathic,92,951,25 mcg,196
19221,Thyrox,allopathic,92,951,50 mcg,196
19222,Thyrozim,allopathic,92,951,100 mcg,240
19223,Thyrozim,allopathic,92,951,25 mcg,240
19224,Thyrozim,allopathic,92,951,50 mcg,240
19225,Tiagra,allopathic,92,1532,10 mg,240
19226,Tiagra,allopathic,92,1532,5 mg,240
19227,Tiapine,allopathic,92,1354,100 mg,84
19228,Tiapine,allopathic,92,1354,25 mg,84
19229,Tiapine XR,allopathic,96,1354,200 mg,84
19230,Tiapine XR,allopathic,96,1354,50 mg,84
19231,Tibeta,allopathic,92,208,2.5 mg,64
19232,Tibeta,allopathic,92,208,5 mg,64
19233,Tibilon,allopathic,92,1577,2.5 mg,35
19234,Tibilon,allopathic,92,1577,2.5 mg,161
19235,Tibo,allopathic,92,1577,2.5 mg,185
19236,Tibofem,allopathic,92,1577,2.5 mg,4
19237,Tibone,allopathic,92,1577,2.5 mg,225
19238,Tibonor,allopathic,92,1577,2.5 mg,73
19239,Tibs,allopathic,92,1545,6 mg,73
19240,Tibucef,allopathic,2,314,400 mg,89
19241,Tibucef,allopathic,75,314,90 mg/5 ml,89
19242,Ticacard,allopathic,92,1578,90 mg,25
19243,Ticaflow,allopathic,92,1578,60 mg,4
19244,Ticaflow,allopathic,92,1578,90 mg,4
19245,Ticalog,allopathic,92,1578,90 mg,217
19246,Ticamet,allopathic,28,1426,50 mcg+100 mcg,217
19247,Ticamet,allopathic,28,1426,50 mcg+250 mcg,217
19248,Ticamet,allopathic,28,1426,50 mcg+500 mcg,217
19249,Ticamet,allopathic,29,1426,(25 mcg+125 mcg)/puff,217
19250,Ticamet,allopathic,29,1426,(25 mcg+250 mcg)/puff,217
19251,Ticard,allopathic,92,81,5 mg,64
19252,Ticard Plus,allopathic,92,82,5 mg+50 mg,64
19253,Ticarel,allopathic,92,1578,60 mg,106
19254,Ticarel,allopathic,92,1578,90 mg,106
19255,Ticas,allopathic,11,679,0.05%,217
19256,Ticlopid,allopathic,92,1579,250 mg,66
19257,Ticofen,allopathic,92,899,1 mg/5 ml,48
19258,Ticoma B,allopathic,62,219,0.2%+0.5%,165
19259,Ticoma B OSD,allopathic,62,219,0.2%+0.5%,165
19260,Ticoma DS,allopathic,62,1583,0.50%,165
19261,Ticoplan,allopathic,26,1546,200 mg/vial,101
19262,Ticoplan,allopathic,26,1546,400 mg/vial,101
19263,Tie,allopathic,92,1580,50 mg,163
19264,Ti-ediplex,allopathic,30,,(100 mg+50 mg+100 mg)/2 ml,67
19265,Tiemo,allopathic,92,1580,50 mg,9
19266,Tienum,allopathic,26,1580,5 mg/2 ml,48
19267,Tienum,allopathic,92,1580,50 mg,48
19268,Tifen,allopathic,91,899,1 mg/5 ml,215
19269,Tifen,allopathic,92,899,1 mg,215
19270,Tifsi,allopathic,91,899,1 mg/5 ml,211
19271,Tifsi,allopathic,92,899,1 mg,211
19272,Tiga,allopathic,92,1578,60 mg,66
19273,Tiga,allopathic,92,1578,90 mg,66
19274,Tigel,allopathic,92,1578,90 mg,35
19275,Tigicon,allopathic,2,625,200 mg,25
19276,Tigilow,allopathic,92,128,10 mg,122
19277,Tigilow,allopathic,92,128,20 mg,122
19278,Tiginor,allopathic,92,128,10 mg,106
19279,Tiginor,allopathic,92,128,20 mg,106
19280,Tiginor,allopathic,92,128,40 mg,106
19281,Tigirate,allopathic,2,625,200 mg,165
19282,Tigocin,allopathic,58,1116,2% w/w,173
19283,Tigover,allopathic,92,656,10 mg,196
19284,Tigover,allopathic,92,656,5 mg,196
19285,TIL,allopathic,75,316,125 mg/5 ml,20
19286,TIL,allopathic,92,316,250 mg,20
19287,TIL,allopathic,92,316,500 mg,20
19288,Tilex Max,allopathic,92,729,750 mg+50 mg,217
19289,Timem,allopathic,92,1580,50 mg,212
19290,Timeth,allopathic,92,1580,50 mg,67
19291,Timex,allopathic,92,388,25 mg,171
19292,Timidal,allopathic,70,1238,120 mg/5 ml,82
19293,Timidal,allopathic,92,1238,500 mg,82
19294,Timidal Plus,allopathic,92,1240,500 mg+65 mg,82
19295,Timoben,allopathic,91,1580,10 mg/5 ml,34
19296,Timoben,allopathic,92,1580,50 mg,34
19297,Timocare,allopathic,62,1583,0.50%,101
19298,Timodin,allopathic,62,219,0.2%+0.5%,164
19299,Timodrop,allopathic,62,1583,0.50%,195
19300,Timofet,allopathic,92,1580,50 mg,18
19301,Timolax,allopathic,92,1580,50 mg,133
19302,Timolol,allopathic,62,1583,0.25%,164
19303,Timolol,allopathic,62,1583,0.50%,164
19304,Timomed,allopathic,92,1580,50 mg,137
19305,Timomin,allopathic,62,1583,0.50%,153
19306,Timonac,allopathic,92,1580,50 mg,114
19307,Timonate,allopathic,26,1580,5 mg/2 ml,173
19308,Timonate,allopathic,92,1580,50 mg,173
19309,Timonil,allopathic,92,1580,50 mg,185
19310,Timonium,allopathic,92,1580,50 mg,64
19311,Timopa,allopathic,92,1580,50 mg,54
19312,Timo-Plus,allopathic,62,219,0.2%+0.5%,195
19313,Timopress,allopathic,62,1583,0.50%,106
19314,Timosol,allopathic,62,1583,0.50%,197
19315,Timothy,allopathic,26,1580,5 mg/2 ml,73
19316,Timothy,allopathic,92,1580,50 mg,73
19317,Timotor,allopathic,92,1621,100 mg,217
19318,Timovis,allopathic,92,1580,50 mg,120
19319,Timozin,allopathic,26,1580,5 mg/2 ml,106
19320,Timozin,allopathic,92,1580,50 mg,106
19321,Tinabil,allopathic,92,198,20 mg,106
19322,Tinacort,allopathic,11,544,1%+0.1%,119
19323,Tinactin,allopathic,11,352,1%,101
19324,Tinadin,allopathic,92,1368,150 mg,62
19325,Tinafate,allopathic,11,1595,1%,179
19326,Tinatrim,allopathic,11,396,1%,88
19327,Tinfix,allopathic,2,304,200 mg,24
19328,Tinfix,allopathic,2,304,400 mg,24
19329,Tinfix,allopathic,75,304,100 mg/5 ml,24
19330,Tinilux,allopathic,92,1580,50 mg,210
19331,Tinimet,allopathic,26,1580,5 mg/2 ml,197
19332,Tinimet,allopathic,92,1580,50 mg,197
19333,Tiniril,allopathic,92,179,16 mg,165
19334,Tiniril,allopathic,92,179,8 mg,165
19335,Tinium,allopathic,26,1580,5 mg/2 ml,4
19336,Tinium,allopathic,92,1580,50 mg,4
19337,Tinizol DS,allopathic,92,1584,1 gm,31
19338,Tino,allopathic,92,1580,50 mg,62
19339,Tinobac,allopathic,24,1501,2 gm/vial,106
19340,Tiny-Z,allopathic,91,1703,10 mg/5 ml,180
19341,Tioriva,allopathic,28,1586,18 mcg,35
19342,Tioriva (with device),allopathic,28,1586,18 mcg,35
19343,Tiotrop,allopathic,28,1586,18 mcg,2
19344,Tioxil,allopathic,20,,,2
19345,Tiozol,allopathic,58,1585,6.50%,106
19346,Tispa,allopathic,92,1580,50 mg,53
19347,Titacin,allopathic,2,1568,250 mg,221
19348,Titacin,allopathic,2,1568,500 mg,221
19349,Titan,allopathic,28,1586,18 mcg,101
19350,Titos,allopathic,92,1580,50 mg,158
19351,Tium,allopathic,92,1580,50 mg,5
19352,Tivanik,allopathic,92,945,250 mg,212
19353,Tivanik,allopathic,92,945,500 mg,212
19354,Tivion,allopathic,92,1577,2.5 mg,2
19355,Tivis,allopathic,26,1580,5 mg/2 ml,31
19356,Tivis,allopathic,92,1580,50 mg,31
19357,Tivit,allopathic,92,1572,100 mg,2
19358,Tivizid,allopathic,92,2,300 mg+150 mg+300 mg,217
19359,Tixocin,allopathic,92,669,0.5 mg+10 mg,210
19360,Tixol,allopathic,92,669,0.5 mg+10 mg,9
19361,Tiz,allopathic,92,324,10 mg,75
19362,Tizabet,allopathic,2,625,200 mg,2
19363,Tizadin,allopathic,92,1588,2 mg,2
19364,Tizalud,allopathic,92,1588,2 mg,165
19365,Tizem,allopathic,92,507,30 mg,62
19366,Tizem,allopathic,92,507,60 mg,62
19367,Tizime,allopathic,26,313,1 gm/vial,89
19368,Tizime,allopathic,26,313,250 mg/vial,89
19369,Tizime,allopathic,26,313,500 mg/vial,89
19370,TMS,allopathic,92,1580,50 mg,135
19371,T-Mycin,allopathic,61,1590,0.30%,25
19372,T-Mycin,allopathic,62,1590,0.30%,25
19373,T-Mycin Plus,allopathic,61,474,0.1%+0.3%,25
19374,T-Mycin Plus,allopathic,62,474,0.1%+0.3%,25
19375,Tobam,allopathic,62,1590,0.30%,143
19376,Tobasol,allopathic,55,1589,300 mg/5 ml,35
19377,Tobi,allopathic,62,1590,0.30%,26
19378,Tobicort,allopathic,62,474,0.1%+0.3%,26
19379,Tobidex,allopathic,61,474,0.1%+0.3%,82
19380,Tobidex,allopathic,62,474,0.1%+0.3%,82
19381,Tobirax,allopathic,61,1590,0.30%,82
19382,Tobirax,allopathic,62,1590,0.30%,82
19383,Tobrabac,allopathic,61,1590,0.30%,185
19384,Tobrabac,allopathic,62,1590,0.30%,185
19385,Tobracin,allopathic,61,1590,0.30%,164
19386,Tobracin,allopathic,62,1590,0.30%,164
19387,Tobracin D,allopathic,61,474,0.1%+0.3%,164
19388,Tobracin D,allopathic,62,474,0.1%+0.3%,164
19389,Tobram,allopathic,62,1590,0.30%,173
19390,Tobram-D,allopathic,62,474,0.1%+0.3%,173
19391,Tobramin,allopathic,62,1590,0.30%,153
19392,Tobrel,allopathic,62,1590,0.30%,101
19393,Tocef,allopathic,2,304,200 mg,84
19394,Tocef,allopathic,2,304,400 mg,84
19395,Tocef,allopathic,75,304,100 mg/5 ml,84
19396,Tocef DS,allopathic,75,304,200 mg/5 ml,84
19397,Tocit,allopathic,92,1593,5 mg,66
19398,Tocit XR,allopathic,96,1593,11 mg,66
19399,Toco Soft,herbal,2,1592,50 mg + 13.5 mg,217
19400,Tocoban,allopathic,37,129,37.5 mg/5 ml,106
19401,Tocoban,allopathic,37,129,6.75 mg/0.9 ml,106
19402,Todol,allopathic,26,896,30 mg/ml,165
19403,Todol,allopathic,26,896,60 mg/2 ml,165
19404,Todol,allopathic,62,897,0.50%,165
19405,Todol,allopathic,92,896,10 mg,165
19406,Tofa,allopathic,92,1133,250 mg,119
19407,Tofa,allopathic,92,1133,500 mg,119
19408,Tofacent,allopathic,92,1593,5 mg,106
19409,Tofacent XR,allopathic,96,1593,11 mg,106
19410,Tofacinix,allopathic,96,1593,11 mg,31
19411,Tofacit,allopathic,92,1593,5 mg,62
19412,Tofacit XR,allopathic,96,1593,11 mg,62
19413,Tofanib,allopathic,92,1593,5 mg,89
19414,Tofanib XR,allopathic,96,1593,11 mg,89
19415,Tofara,allopathic,92,1593,5 mg,2
19416,Tofatin,allopathic,92,1593,5 mg,240
19417,Tofatin XR,allopathic,96,1593,11 mg,240
19418,Tofator,allopathic,92,1593,5 mg,217
19419,Tofaxen,allopathic,92,1593,5 mg,76
19420,Tofe,allopathic,92,1594,200 mg,210
19421,Tofen,allopathic,62,898,0.03%,35
19422,Tofen,allopathic,91,899,1 mg/5 ml,35
19423,Tofen,allopathic,92,899,1 mg,35
19424,Tofenver,allopathic,92,899,1 mg,233
19425,Tofix,allopathic,92,1594,200 mg,224
19426,Tofranil,allopathic,92,817,25 mg,206
19427,Togent,allopathic,11,513,2%+0.1%,217
19428,Tojak,allopathic,92,1593,5 mg,73
19429,Tokn,allopathic,91,899,1 mg/5 ml,11
19430,Tolcalm,allopathic,92,1597,50 mg,84
19431,Tolec,allopathic,26,896,30 mg/ml,9
19432,Tolec,allopathic,26,896,60 mg/2 ml,9
19433,Tolec,allopathic,92,896,10 mg,9
19434,Tolema,allopathic,92,1594,200 mg,37
19435,Tolfem,allopathic,92,1594,200 mg,217
19436,Tolfenac Plus,allopathic,24,496,(75 mg+20 mg)/2 ml,90
19437,Tolfenac SR,allopathic,7,494,100 mg,90
19438,Tolfi,allopathic,92,1594,200 mg,34
19439,Tolfort,allopathic,92,1594,200 mg,101
19440,Tolin,allopathic,91,1419,2 mg/5 ml,148
19441,Tolin,allopathic,92,1419,4 mg,148
19442,Tolmic,allopathic,92,1594,200 mg,35
19443,Tolmus,allopathic,92,1597,50 mg,35
19444,Tolorin,allopathic,92,1598,2 mg,84
19445,Tolosa,allopathic,37,1591,80 mg/4 ml,106
19446,Tolpa,allopathic,92,1597,50 mg,37
19447,Tolson,allopathic,92,1597,100 mg,165
19448,Tolson,allopathic,92,1597,50 mg,165
19449,Tolter,allopathic,92,1598,2 mg,196
19450,Toltrex,allopathic,92,1598,2 mg,106
19451,Toma,allopathic,91,899,1 mg/5 ml,150
19452,Toma,allopathic,92,899,1 mg,150
19453,Tomephen,allopathic,91,485,10 mg/5 ml,106
19454,Tomide,allopathic,92,1602,2.5 mg,4
19455,Tomide,allopathic,92,1602,5 mg,4
19456,Tomin,allopathic,62,1590,0.30%,119
19457,Tomin-D,allopathic,62,474,0.1%+0.3%,119
19458,Tomium,allopathic,92,1580,50 mg,226
19459,Tomycin,allopathic,61,1590,0.30%,105
19460,Tomycin,allopathic,62,1590,0.30%,105
19461,Tomycin-D,allopathic,61,474,0.1%+0.3%,105
19462,Tomycin-D,allopathic,62,474,0.1%+0.3%,105
19463,Tonalax,herbal,92,,,99
19464,Tone,allopathic,92,1572,100 mg,171
19465,Tonemide,allopathic,92,696,20 mg+50 mg,173
19466,Top,allopathic,95,894,100 mg,37
19467,Top,allopathic,95,894,50 mg,37
19468,Topcef,allopathic,24,315,1 gm/vial,150
19469,Topcef,allopathic,24,315,250 mg/vial,150
19470,Topcef,allopathic,24,315,500 mg/vial,150
19471,Topcef,allopathic,38,315,1 gm/vial,150
19472,Topcef,allopathic,38,315,2 gm/vial,150
19473,Topcef,allopathic,38,315,500 mg/vial,150
19474,Toperin,allopathic,92,1597,50 mg,73
19475,Topibac,allopathic,58,1379,1%,185
19476,Topibet CL,allopathic,11,183,0.05%+1%,73
19477,Topibet CL,allopathic,58,183,0.1%+1%,73
19478,Topicacin,allopathic,11,279,0.025% w/w,106
19479,Topicazole,allopathic,11,1061,2%,106
19480,Topicazole Plus,allopathic,11,1062,2%+1%,106
19481,Topiclo,allopathic,11,382,0.05%,73
19482,Topiclo,allopathic,45,381,0.05%,73
19483,Topiclo,allopathic,58,382,0.05%,73
19484,Topiclo,allopathic,104,381,0.05%,73
19485,Topiclo NN,allopathic,58,383,(0.5 mg+5 mg+1 Lac IU)/gm,73
19486,Topiclo S,allopathic,58,385,0.05%+3%,73
19487,Topiclo S,allopathic,58,385,0.05%+6%,73
19488,Topicort,allopathic,11,786,1%,217
19489,Topidin,allopathic,58,1303,5% w/w,173
19490,Topimax,allopathic,92,1600,25 mg,165
19491,Topimax,allopathic,92,1600,50 mg,165
19492,Topirva,allopathic,92,1600,25 mg,106
19493,Topirva,allopathic,92,1600,50 mg,106
19494,Topita SR,allopathic,100,1537,100 mg,35
19495,Topita SR,allopathic,100,1537,50 mg,35
19496,Topium,allopathic,28,1586,18 mcg,4
19497,Toplevo,allopathic,92,945,500 mg,155
19498,Toplon,allopathic,92,712,320 mg,196
19499,Topmate,allopathic,92,1600,25 mg,196
19500,Topmate,allopathic,92,1600,50 mg,196
19501,Topomox,allopathic,92,1090,400 mg,127
19502,Toposar,allopathic,2,613,50 mg,66
19503,Toposar,allopathic,37,613,100 mg/5 ml,66
19504,Topotecan,allopathic,30,1601,1 mg/ml,238
19505,Topoxin,allopathic,37,613,100 mg/5 ml,31
19506,Topra,allopathic,95,1237,20 mg,113
19507,Topra,allopathic,95,1237,40 mg,113
19508,Topress,allopathic,92,1056,50 mg,73
19509,Topril,allopathic,92,280,50 mg,113
19510,Topsil,allopathic,91,227,4 mg/5 ml,239
19511,Topsil,allopathic,92,227,4 mg,239
19512,TopUp,allopathic,92,1532,10 mg,75
19513,TopUp,allopathic,92,1532,20 mg,75
19514,TopUp,allopathic,92,1532,5 mg,75
19515,Toradolin,allopathic,26,896,30 mg/ml,191
19516,Toradolin,allopathic,92,896,10 mg,191
19517,Toralin,allopathic,92,896,10 mg,155
19518,Toramax,allopathic,26,896,30 mg/ml,185
19519,Toramax,allopathic,26,896,60 mg/2 ml,185
19520,Toramax,allopathic,92,896,10 mg,185
19521,Torax,allopathic,26,896,30 mg/ml,217
19522,Torax,allopathic,26,896,60 mg/2 ml,217
19523,Torax,allopathic,92,896,10 mg,217
19524,Toraxim,allopathic,72,309,20 mg/ml,62
19525,Toraxim,allopathic,75,309,40 mg/5 ml,62
19526,Torbi,allopathic,92,614,120 mg,75
19527,Torbi,allopathic,92,614,90 mg,75
19528,Torcin,allopathic,61,1590,0.30%,165
19529,Torcin,allopathic,62,1590,0.30%,165
19530,Torcin D,allopathic,61,474,0.1%+0.3%,165
19531,Torcin D,allopathic,62,474,0.1%+0.3%,165
19532,Torcox,allopathic,92,614,120 mg,150
19533,Torcox,allopathic,92,614,60 mg,150
19534,Torcox,allopathic,92,614,90 mg,150
19535,Torel,herbal,50,1031,(25.40 mg+14.30 mg+4.20 mg+0.05 mg)/gm,217
19536,Torimon,allopathic,92,614,120 mg,161
19537,Torimon,allopathic,92,614,90 mg,161
19538,Toro,allopathic,26,896,30 mg/ml,18
19539,Toro,allopathic,92,896,10 mg,18
19540,Toroaid,allopathic,26,896,30 mg/ml,84
19541,Toroaid,allopathic,26,896,60 mg/2 ml,84
19542,Toroaid,allopathic,62,897,0.50%,84
19543,Toroaid,allopathic,92,896,10 mg,84
19544,Torolac,allopathic,92,896,10 mg,212
19545,Torosic,allopathic,26,896,30 mg/ml,164
19546,Torosic,allopathic,26,896,60 mg/2 ml,164
19547,Torosic,allopathic,92,896,10 mg,164
19548,Torped,allopathic,26,306,1 gm/10 ml,171
19549,Torped,allopathic,26,306,250 mg/5 ml,171
19550,Torped,allopathic,26,306,500 mg/10 ml,171
19551,Torsid,allopathic,92,1603,20 mg,217
19552,Torsid,allopathic,92,1603,5 mg,217
19553,Torva,allopathic,92,128,10 mg,160
19554,Torvas,allopathic,92,128,10 mg,120
19555,Tory,allopathic,92,614,120 mg,217
19556,Tory,allopathic,92,614,60 mg,217
19557,Tory,allopathic,92,614,90 mg,217
19558,Tosma,allopathic,92,899,1 mg,9
19559,Tosma,allopathic,92,899,1 mg/5 ml,9
19560,Toti,allopathic,91,899,1 mg/5 ml,73
19561,Toti,allopathic,92,899,1 mg,73
19562,Totifen,allopathic,91,899,1 mg/5 ml,196
19563,Totifen,allopathic,92,899,1 mg,196
19564,Toyavir,allopathic,92,622,200 mg,84
19565,Toza,allopathic,75,1165,100 mg/5 ml,73
19566,Toza,allopathic,92,1165,500 mg,73
19567,TPC,allopathic,24,,(100 mg+100 mg+1 mg)/3 ml,4
19568,TPC,allopathic,92,,100 mg+200 mg+200 mcg,4
19569,Tplase,allopathic,38,1552,5 mg/ml,101
19570,TPS,allopathic,38,1573,1 gm/vial,185
19571,TPS,allopathic,38,1573,500 mg/vial,185
19572,TR Care,allopathic,62,290,1%,101
19573,Tracid,allopathic,26,1605,500 mg/5 ml,4
19574,Tracid,allopathic,92,1605,500 mg,4
19575,Trado,allopathic,2,1604,50 mg,173
19576,Trado,allopathic,26,1604,100 mg/2 ml,173
19577,Trado Plus,allopathic,92,,325 mg+37.5 mg,173
19578,Tralin,allopathic,92,1448,100 mg,212
19579,Tralin,allopathic,92,1448,25 mg,212
19580,Tralin,allopathic,92,1448,50 mg,212
19581,Tramacid,allopathic,89,1604,100 mg,25
19582,Tramadol,allopathic,2,1604,50 mg,17
19583,Tramamax,allopathic,92,1604,50 mg,96
19584,Tramatol,allopathic,92,,325 mg+37.5 mg,215
19585,Tramavir,allopathic,2,1604,50 mg,235
19586,Tramavir,allopathic,92,1604,100 mg,235
19587,Tramic,allopathic,2,1605,500 mg,173
19588,Tramic,allopathic,26,1605,500 mg/5 ml,173
19589,Tram-K,allopathic,92,896,10 mg,145
19590,Tramp,allopathic,92,,325 mg+37.5 mg,84
19591,Tramp CR,allopathic,3,894,100 mg,42
19592,Tranal,allopathic,2,1604,50 mg,165
19593,Tranal,allopathic,26,1604,100 mg/2 ml,165
19594,Tranal,allopathic,89,1604,100 mg,165
19595,Tranbit,allopathic,92,1553,25 mg,85
19596,Traneta,allopathic,92,962,5 mg,35
19597,Traneta M,allopathic,92,963,2.5 mg+1000 mg,35
19598,Traneta M,allopathic,92,963,2.5 mg+500 mg,35
19599,Traneta M,allopathic,92,963,2.5 mg+850 mg,35
19600,Tranexil,allopathic,2,1605,500 mg,35
19601,Tranexil,allopathic,26,1605,500 mg/5 ml,35
19602,Trangina MR,allopathic,98,1622,35 mg,37
19603,Trangit MR,allopathic,98,1622,35 mg,206
19604,Tranquil,allopathic,92,380,10 mg,105
19605,Trapost,allopathic,62,1608,0.00%,165
19606,Trapost OSD,allopathic,62,1608,0.00%,165
19607,Trastunix,allopathic,37,1606,440 mg/20 ml,31
19608,Travagen Z,allopathic,62,1608,0.00%,84
19609,Travast,allopathic,62,1608,0.00%,106
19610,Travast Plus,allopathic,62,1609,0.004%+0.5%,106
19611,Travelit,allopathic,92,426,50 mg,210
19612,Travolar,allopathic,62,1608,0.00%,217
19613,Trax,allopathic,24,315,1 gm/vial,136
19614,Trax,allopathic,24,315,250 mg/vial,136
19615,Trax,allopathic,24,315,500 mg/vial,136
19616,Trax,allopathic,38,315,1 gm/vial,136
19617,Trax,allopathic,38,315,250 mg/vial,136
19618,Trax,allopathic,38,315,500 mg/vial,136
19619,Traxef,allopathic,24,315,1 gm/vial,31
19620,Traxef,allopathic,38,315,1 gm/vial,31
19621,Traxef,allopathic,38,315,2 gm/vial,31
19622,Traxon,allopathic,24,315,1 gm/vial,165
19623,Traxon,allopathic,24,315,250 mg/vial,165
19624,Traxon,allopathic,24,315,500 mg/vial,165
19625,Traxon,allopathic,38,315,1 gm/vial,165
19626,Traxon,allopathic,38,315,250 mg/vial,165
19627,Traxon,allopathic,38,315,2 gm/vial,165
19628,Traxon,allopathic,38,315,500 mg/vial,165
19629,Traxyl,allopathic,2,1605,500 mg,161
19630,Traxyl,allopathic,26,1605,500 mg/5 ml,161
19631,Trazapin,allopathic,92,1073,15 mg,108
19632,Trazapin,allopathic,92,1073,30 mg,108
19633,Trazapin,allopathic,92,1073,7.5 mg,108
19634,TRD-Contin,allopathic,92,1604,100 mg,146
19635,TRD-P,allopathic,92,,325 mg+37.5 mg,146
19636,Trec,allopathic,2,877,100 mg,224
19637,Trecilon,allopathic,25,1614,40 mg/ml,197
19638,Trego,allopathic,53,1116,2% w/w,106
19639,Trego,allopathic,58,1116,2% w/w,106
19640,Trelanti,allopathic,28,1658,25 mcg+62.5 mcg+100 mcg,217
19641,Trental,allopathic,93,1258,400 mg,222
19642,Trepmac,allopathic,92,217,90 mg,85
19643,Treptora,allopathic,92,549,25 mg,85
19644,Treptora,allopathic,92,549,50 mg,85
19645,Trescof,allopathic,91,747,(200 mg+15 mg+15 mg)/5 ml,163
19646,Tresiba,allopathic,80,834,100 IU/ml,159
19647,Trevox,allopathic,37,945,500 mg/100 ml,217
19648,Trevox,allopathic,92,945,500 mg,217
19649,Trevox,allopathic,92,945,750 mg,217
19650,Trexall,allopathic,30,1043,50 mg/2 ml,101
19651,Trexall,allopathic,92,1043,10 mg,101
19652,Trexall,allopathic,92,1043,2.5 mg,101
19653,Trexam,allopathic,26,1605,250 mg/5 ml,101
19654,Trexam,allopathic,26,1605,500 mg/5 ml,101
19655,Trexam,allopathic,92,1605,500 mg,101
19656,Trexonate,allopathic,30,1043,50 mg/2 ml,31
19657,Trexonate,allopathic,92,1043,10 mg,31
19658,Trexonate,allopathic,92,1043,2.5 mg,31
19659,Triacin,allopathic,25,1614,40 mg/ml,119
19660,Trialon,allopathic,11,1616,0.10%,66
19661,Trialon,allopathic,25,1614,40 mg/ml,66
19662,Trialon,allopathic,54,1615,55 mcg/spray,66
19663,Trialon,allopathic,66,1616,0.10%,66
19664,Trialugel,allopathic,9,57,250 mg+400 mg,107
19665,Triamace,allopathic,11,544,1%+0.1%,67
19666,Triamon,allopathic,25,1614,40 mg/ml,89
19667,Tri-B,allopathic,92,,100 mg+200 mg+200 mcg,226
19668,Tribac,allopathic,24,315,1 gm/vial,89
19669,Tribac,allopathic,24,315,250 mg/vial,89
19670,Tribac,allopathic,24,315,500 mg/vial,89
19671,Tribac,allopathic,38,315,1 gm/vial,89
19672,Tribac,allopathic,38,315,250 mg/vial,89
19673,Tribac,allopathic,38,315,2 gm/vial,89
19674,Tribac,allopathic,38,315,500 mg/vial,89
19675,Tribcol,allopathic,92,1620,2 mg,85
19676,Tribcol,allopathic,92,1620,5 mg,85
19677,Triben,allopathic,70,34,200 mg/5 ml,16
19678,Triben DS,allopathic,9,34,400 mg,16
19679,Tribion,allopathic,24,,(100 mg+100 mg+1 mg)/3 ml,89
19680,Tribion,allopathic,92,,100 mg+200 mg+200 mcg,89
19681,Tribrez,allopathic,29,691,(5.5 mcg+10.4 mcg+182 mcg)/actuation,35
19682,Tricalm,allopathic,92,1620,2 mg,2
19683,Tricalm,allopathic,92,1620,5 mg,2
19684,Tricef,allopathic,2,304,200 mg,16
19685,Tricef,allopathic,75,304,100 mg/5 ml,16
19686,Triclean,allopathic,11,659,0.01%+4%+0.05%,25
19687,Tricoderma,allopathic,11,544,1%+0.1%,84
19688,Tricot,allopathic,70,1520,(200 mg+40 mg)/5 ml,195
19689,Tricot DS,allopathic,92,1520,800 mg+160 mg,195
19690,Tricozyl,allopathic,70,1057,200 mg/5 ml,67
19691,Tricozyl,allopathic,92,1057,400 mg,67
19692,Triderm,allopathic,11,396,1%,101
19693,Tridol,allopathic,2,1604,50 mg,90
19694,Tridol,allopathic,26,1604,100 mg/2 ml,90
19695,Tridopa,allopathic,92,943,100 mg+25 mg+200 mg,2
19696,Tridopa,allopathic,92,943,150 mg+37.5 mg+200 mg,2
19697,Tridopa,allopathic,92,943,200 mg+50 mg+200 mg,2
19698,Tridopa,allopathic,92,943,50 mg+12.5 mg +200 mg,2
19699,Tridosil,allopathic,37,142,500 mg/vial,106
19700,Tridosil,allopathic,75,142,200 mg/5 ml,106
19701,Tridosil,allopathic,92,142,250 mg,106
19702,Tridosil,allopathic,92,142,500 mg,106
19703,Tridyl,allopathic,91,1620,5 mg/5 ml,217
19704,Tridyl,allopathic,92,1620,2 mg,217
19705,Tridyl,allopathic,92,1620,5 mg,217
19706,Triex,allopathic,91,1344,(30 mg+100 mg+1.25 mg)/5 ml,221
19707,Trifala Churna,herbal,67,552,1 mg+1 mg+1 mg,99
19708,Trifix,allopathic,2,304,200 mg,173
19709,Trifix,allopathic,2,304,400 mg,173
19710,Trifix,allopathic,75,304,100 mg/5 ml,173
19711,Trifix DS,allopathic,75,304,200 mg/5 ml,173
19712,Trifol TR,allopathic,8,641,150 mg+0.5 mg+61.8 mg,63
19713,Trigal,allopathic,2,652,150 mg,5
19714,Trigal,allopathic,2,652,50 mg,5
19715,Trigent,allopathic,2,625,200 mg,229
19716,Trigger,allopathic,92,1455,50 mg,89
19717,Triginal MR,allopathic,98,1622,35 mg,191
19718,Trigone,herbal,2,64,,99
19719,Trihale,allopathic,28,1658,25 mcg+62.5 mcg+100 mcg,4
19720,Trihexy,allopathic,91,1620,2 mg/5 ml,106
19721,Trihexy,allopathic,92,1620,1 mg,106
19722,Trihexy,allopathic,92,1620,2 mg,106
19723,Trihexy,allopathic,92,1620,5 mg,106
19724,Triject,allopathic,24,315,1 gm/vial,73
19725,Triject,allopathic,24,315,250 mg/vial,73
19726,Triject,allopathic,24,315,500 mg/vial,73
19727,Triject,allopathic,38,315,1 gm/vial,73
19728,Triject,allopathic,38,315,250 mg/vial,73
19729,Triject,allopathic,38,315,2 gm/vial,73
19730,Triject,allopathic,38,315,500 mg/vial,73
19731,Trileptal,allopathic,70,1215,60 mg/ml,156
19732,Trileptal,allopathic,92,1215,300 mg,156
19733,Trileptal,allopathic,92,1215,600 mg,156
19734,Trilix SR,allopathic,100,825,1.5 mg,212
19735,Trilock,allopathic,67,1086,4 mg/3.5 gm,165
19736,Trilock,allopathic,92,1086,10 mg,165
19737,Trilock,allopathic,92,1086,4 mg,165
19738,Trilock,allopathic,92,1086,5 mg,165
19739,Trilock OFT,allopathic,21,1086,4 mg,165
19740,Trilock OFT,allopathic,21,1086,5 mg,165
19741,Trilon,allopathic,92,945,500 mg,226
19742,Trimacontin,allopathic,98,1622,35 mg,146
19743,Trimacontin,allopathic,98,1622,60 mg,146
19744,Trimax,allopathic,24,315,1 gm/vial,180
19745,Trimax,allopathic,24,315,250 mg/vial,180
19746,Trimax,allopathic,24,315,500 mg/vial,180
19747,Trimax,allopathic,38,315,1 gm/vial,180
19748,Trimax,allopathic,38,315,2 gm/vial,180
19749,Trimax,allopathic,38,315,500 mg/vial,180
19750,Trimazole,allopathic,11,396,1%,165
19751,Trimazole,allopathic,103,396,1%,165
19752,Trimcort,allopathic,25,1614,40 mg/ml,48
19753,Trimcort,allopathic,66,1616,0.10%,48
19754,Trimela,allopathic,11,659,0.01%+4%+0.05%,106
19755,Trimet,allopathic,92,1622,20 mg,66
19756,Trimet-MR,allopathic,98,1622,35 mg,66
19757,Trimotil,allopathic,92,1621,100 mg,106
19758,Trin,allopathic,91,324,5 mg/5 ml,89
19759,Trin,allopathic,92,324,10 mg,89
19760,Trinon,allopathic,11,1612,0.03%,196
19761,Triocef,allopathic,2,304,200 mg,153
19762,Triocef,allopathic,75,304,100 mg/5 ml,153
19763,Triocim,allopathic,2,304,200 mg,35
19764,Triocim,allopathic,2,304,400 mg,35
19765,Triocim,allopathic,75,304,100 mg/5 ml,35
19766,Triocim DS,allopathic,75,304,200 mg/5 ml,35
19767,Trioclav,allopathic,92,310,200 mg+125 mg,73
19768,Triokit,allopathic,92,918,30 mg+1000 mg+500 mg,165
19769,Triovix,allopathic,92,915,150 mg+300 mg+200 mg,35
19770,Triozol,allopathic,11,544,1%+0.1%,158
19771,Trip,allopathic,92,78,10 mg,135
19772,Triphen,allopathic,91,1344,(30 mg+100 mg+1.25 mg)/5 ml,
19773,Triphin,allopathic,24,315,1 gm/vial,240
19774,Triphin,allopathic,24,315,250 mg/vial,240
19775,Triphin,allopathic,24,315,500 mg/vial,240
19776,Triphin,allopathic,38,315,1 gm/vial,240
19777,Triphin,allopathic,38,315,250 mg/vial,240
19778,Triphin,allopathic,38,315,2 gm/vial,240
19779,Triphin,allopathic,38,315,500 mg/vial,240
19780,Triprim,allopathic,70,1520,(200 mg+40 mg)/5 ml,221
19781,Triprim DS,allopathic,92,1520,800 mg+160 mg,221
19782,Triquin,allopathic,11,659,0.01%+4%+0.05%,229
19783,Trispray,allopathic,54,1615,55 mcg/spray,217
19784,Tritace,allopathic,92,1364,2.5 mg,222
19785,Tritace,allopathic,92,1364,5 mg,222
19786,Tritear,allopathic,62,735,0.2%+0.36%+1%,165
19787,Tritin,allopathic,92,1621,100 mg,196
19788,Trivit,allopathic,92,178,6 mg+200 mg+50 mg,27
19789,Trivorin,allopathic,92,1684,200 mg,215
19790,Trivorin,allopathic,92,1684,50 mg,215
19791,Trixim,allopathic,2,304,200 mg,74
19792,Trixim,allopathic,2,304,400 mg,74
19793,Trixim,allopathic,75,304,100 mg/5 ml,74
19794,Trixotim,allopathic,38,315,1 gm/vial,64
19795,Trixotim,allopathic,92,,325 mg+37.5 mg,64
19796,Trizedon MR,allopathic,98,1622,35 mg,196
19797,Trizidim,allopathic,26,313,1 gm/vial,4
19798,Trizidim,allopathic,26,313,250 mg/vial,4
19799,Trizidim,allopathic,26,313,500 mg/vial,4
19800,Trizin,allopathic,62,325,0.24%,150
19801,Trizin,allopathic,91,324,5 mg/5 ml,150
19802,Trizin,allopathic,92,324,10 mg,150
19803,Trizon,allopathic,24,315,1 gm/vial,4
19804,Trizon,allopathic,24,315,250 mg/vial,4
19805,Trizon,allopathic,24,315,500 mg/vial,4
19806,Trizon,allopathic,38,315,1 gm/vial,4
19807,Trizon,allopathic,38,315,2 gm/vial,4
19808,Trizon,allopathic,38,315,500 mg/vial,4
19809,Trocane,allopathic,62,1626,0.8%+5%,66
19810,Trocer,allopathic,7,1172,2.6 mg,106
19811,Trocer,allopathic,104,1173,400 mcg/spray,106
19812,Trofurit,allopathic,26,695,20 mg/2 ml,16
19813,Trofurit,allopathic,92,695,40 mg,16
19814,Troket,allopathic,92,896,10 mg,166
19815,Trolen,allopathic,2,441,25 mg,66
19816,Tromark,allopathic,92,896,10 mg,98
19817,Troniz,allopathic,92,1208,500 mg,229
19818,Tropex,allopathic,28,1586,18 mcg,106
19819,Trophen,allopathic,62,1626,0.8%+5%,25
19820,Tropicam,allopathic,62,1624,0.50%,25
19821,Tropicam,allopathic,62,1624,1%,25
19822,Tropicamide,allopathic,62,1624,0.50%,164
19823,Tropicamide,allopathic,62,1624,1%,164
19824,Tropicamin,allopathic,62,1624,0.50%,153
19825,Tropicamin,allopathic,62,1624,1%,153
19826,Tropidil,allopathic,62,1624,1%,185
19827,Tropidil Plus,allopathic,62,1626,0.8%+5%,185
19828,Tropigen,allopathic,62,1624,1%,84
19829,Tropigen Plus,allopathic,62,1626,0.8%+5%,84
19830,Trospi,allopathic,92,1627,20 mg,229
19831,Trova,allopathic,92,128,10 mg,37
19832,Trova,allopathic,92,128,20 mg,37
19833,Trovastin,allopathic,92,83,5 mg+10 mg,185
19834,Troy,allopathic,92,896,10 mg,17
19835,Trubid,allopathic,2,299,500 mg,165
19836,Trubid,allopathic,75,299,125 mg/5 ml,165
19837,Trucal,allopathic,92,268,400 mg,20
19838,Trucef,allopathic,72,309,20 mg/ml,196
19839,Trucef,allopathic,75,309,40 mg/5 ml,196
19840,Trucef DS,allopathic,75,309,80 mg/5 ml,196
19841,Trufen,allopathic,92,811,400 mg,141
19842,Trugain,allopathic,83,1071,2%,240
19843,Trugain,allopathic,83,1071,5%,240
19844,Trulax,allopathic,91,950,1 mg/5 ml,196
19845,Trulicity,allopathic,80,537,0.75 mg/0.5 ml,71
19846,Trulicity,allopathic,80,537,1.5 mg/0.5 ml,71
19847,Trum 3,allopathic,26,313,1 gm/vial,66
19848,Trum 3,allopathic,26,313,250 mg/vial,66
19849,Trum 3,allopathic,26,313,500 mg/vial,66
19850,Trumega,allopathic,2,1198,1000 mg,217
19851,Trumen,allopathic,2,1604,50 mg,84
19852,Trumen,allopathic,26,1604,100 mg/2 ml,84
19853,Trunac,allopathic,101,378,1.2%+0.025%,180
19854,Trupan,allopathic,38,1237,40 mg/vial,217
19855,Trupan,allopathic,95,1237,20 mg,217
19856,Trupan,allopathic,95,1237,40 mg,217
19857,Trusil,allopathic,62,1624,0.50%,82
19858,Trusil,allopathic,62,1624,1%,82
19859,Trusil Plus,allopathic,62,1626,0.8%+5%,82
19860,Truso,allopathic,2,304,200 mg,171
19861,Truso,allopathic,2,304,400 mg,171
19862,Truso,allopathic,75,304,100 mg/5 ml,171
19863,Truso DS,allopathic,75,304,200 mg/5 ml,171
19864,Truso PD,allopathic,72,304,25 mg/ml,171
19865,Truxil,allopathic,92,45,30 mg+10 mg,217
19866,Truzith,allopathic,75,142,200 mg/5 ml,226
19867,Truzith,allopathic,92,142,500 mg,226
19868,Tryptin,allopathic,92,78,10 mg,217
19869,Tryptin,allopathic,92,78,25 mg,217
19870,TT vax,allopathic,24,30,40 IU/0.5 ml,185
19871,TTO Thermal,allopathic,84,1541,,
19872,Tufexil,allopathic,92,1594,200 mg,14
19873,Tufmig,allopathic,92,1594,200 mg,229
19874,Tufnil,allopathic,92,1594,200 mg,73
19875,Tulac,allopathic,69,911,3.35 gm/5 ml,73
19876,Tulos,allopathic,69,911,3.35 gm/5 ml,4
19877,Tulsi,allopathic,91,284,125 mg/5 ml,75
19878,Tupime,allopathic,26,303,1 gm/vial,119
19879,Turbocef,allopathic,26,316,750 mg/vial,35
19880,Turbocef,allopathic,38,316,1.5 gm/vial,35
19881,Turbocef,allopathic,75,316,125 mg/5 ml,35
19882,Turbocef,allopathic,92,316,250 mg,35
19883,Turbocef,allopathic,92,316,500 mg,35
19884,Turboclav,allopathic,92,317,250 mg+62.5 mg,35
19885,Turboclav,allopathic,92,317,500 mg+125 mg,35
19886,Turmeric,herbal,2,423,1000 mg,66
19887,Tusca,allopathic,91,1344,(30 mg+100 mg+1.25 mg)/5 ml,217
19888,Tusca Plus,allopathic,91,748,(100 mg+1.1 mg+14 mg)/5 ml,217
19889,Tuscof,allopathic,91,748,(100 mg+1.1 mg+14 mg)/5 ml,73
19890,Tushinta,allopathic,91,483,(20 mg+10 mg+2.5 mg)/5 ml,60
19891,Tuspel,allopathic,91,747,(200 mg+15 mg+15 mg)/5 ml,35
19892,Tussibic,allopathic,91,239,7.5 mg/5 ml,229
19893,Tussibic,allopathic,100,239,50 mg,229
19894,Tussidex,allopathic,91,485,10 mg/5 ml,229
19895,Tussy,allopathic,91,1344,(30 mg+100 mg+1.25 mg)/5 ml,215
19896,Tweet Gold,allopathic,91,1100,,34
19897,Tweet Gold,allopathic,92,1100,,34
19898,Tweet Silver,allopathic,92,1103,,34
19899,Twicef,allopathic,2,299,500 mg,4
19900,Twincard,allopathic,92,124,50 mg+25 mg,106
19901,Twindopa,allopathic,92,942,100 mg+10 mg,106
19902,Twindopa,allopathic,92,942,100 mg+25 mg,106
19903,Twindopa,allopathic,92,942,250 mg+25 mg,106
19904,Twinvir,allopathic,92,926,90 mg+400 mg,106
19905,Twist,allopathic,94,1134,500 mg+20 mg,48
19906,Twotil,allopathic,92,316,250 mg,24
19907,Twotil,allopathic,92,316,500 mg,24
19908,Tybac,allopathic,102,1143,(5 mg+250 IU)/gm,215
19909,TyBlue,allopathic,62,1628,0.06%,225
19910,Tycil,allopathic,2,91,250 mg,35
19911,Tycil,allopathic,2,91,500 mg,35
19912,Tycil,allopathic,72,91,125 mg/1.25 ml,35
19913,Tycil,allopathic,75,91,125 mg/5 ml,35
19914,Tycil DS,allopathic,75,91,250 mg/5 ml,35
19915,Tyclav,allopathic,38,90,(1 gm+200 mg)/20 ml,35
19916,Tyclav,allopathic,38,90,(500 mg+100 mg)/10 ml,35
19917,Tyclav,allopathic,75,90,(125 mg+31.25 mg)/5 ml,35
19918,Tyclav,allopathic,92,90,250 mg+125 mg,35
19919,Tyclav,allopathic,92,90,500 mg+125 mg,35
19920,Tyclav,allopathic,92,90,875 mg+125 mg,35
19921,Tyclav BID,allopathic,75,90,(400 mg+57.50 mg)/5 ml,35
19922,Tyclox,allopathic,2,401,500 mg,27
19923,Tyclox,allopathic,75,401,125 mg/5 ml,27
19924,Tycon,allopathic,11,1585,1%,4
19925,Tycon,allopathic,89,1585,300 mg,4
19926,Tydenol,allopathic,70,1238,120 mg/5 ml,67
19927,Tydenol,allopathic,92,1238,500 mg,67
19928,Tydin,allopathic,2,321,500 mg,215
19929,Tydin,allopathic,75,321,125 mg/5 ml,215
19930,Tydin DS,allopathic,75,321,250 mg/5 ml,215
19931,Tydox,allopathic,2,533,100 mg,215
19932,Tyfax,allopathic,2,304,200 mg,226
19933,Tyfax,allopathic,75,304,100 mg/5 ml,226
19934,Tyfax DS,allopathic,2,304,400 mg,226
19935,Tyflam,allopathic,92,811,400 mg,27
19936,Tyflox,allopathic,75,364,250 mg/5 ml,215
19937,Tyflox,allopathic,92,364,500 mg,215
19938,Tygacil,allopathic,37,1581,50 mg/vial,175
19939,Tykerb,allopathic,92,920,250 mg,156
19940,Tylace,allopathic,18,13,600 mg,217
19941,Tylen,allopathic,70,1238,120 mg/5 ml,114
19942,Tylen Plus,allopathic,92,1240,500 mg+65 mg,114
19943,Tymin,allopathic,91,345,2 mg/5 ml,27
19944,Tymin,allopathic,92,345,4 mg,27
19945,Tymox,allopathic,2,91,500 mg,215
19946,Tymox,allopathic,72,91,125 mg/1.25 ml,215
19947,Tymox,allopathic,75,91,125 mg/5 ml,215
19948,Tynaxie,allopathic,92,224,3 mg,150
19949,Tynisol,allopathic,72,1112,,35
19950,Tynium,allopathic,26,1580,5 mg/2 ml,2
19951,Tynium,allopathic,91,1580,10 mg/5 ml,2
19952,Tynium,allopathic,92,1580,50 mg,2
19953,Tynol,allopathic,70,1238,120 mg/5 ml,205
19954,Tynol,allopathic,92,1238,500 mg,205
19955,Typan,allopathic,92,802,10 mg,27
19956,Typherix,allopathic,24,1631,25 mcg/0.5 ml,88
19957,Typhim Vi,allopathic,24,1631,25 mcg/0.5 ml,222
19958,Ty-Plus,allopathic,92,1240,500 mg+65 mg,67
19959,Tyrokin,allopathic,92,815,100 mg,196
19960,Tyrokin,allopathic,92,815,400 mg,196
19961,Tyronib,allopathic,92,815,100 mg,101
19962,Tyronib,allopathic,92,815,400 mg,101
19963,Tysinor,allopathic,92,277,150 mg,85
19964,Tysinor,allopathic,92,277,500 mg,85
19965,Tyvas,allopathic,26,1580,5 mg/2 ml,74
19966,Tyvas,allopathic,92,1580,50 mg,74
19967,T-zol,allopathic,92,1584,1 gm,185
19968,T-zol,allopathic,92,1584,500 mg,185
19969,U4,allopathic,92,669,0.5 mg+10 mg,171
19970,UbiCare,herbal,2,408,100 mg,185
19971,UbiCare,herbal,2,408,60 mg,185
19972,Ubilon,allopathic,92,1577,2.5 mg,106
19973,Ubi-Q,herbal,2,408,100 mg,190
19974,Ubi-Q,herbal,2,408,200 mg,191
19975,Ucardol,allopathic,92,296,12.5 mg,229
19976,Ucardol,allopathic,92,296,25 mg,229
19977,Ucardol,allopathic,92,296,6.25 mg,229
19978,Ucet Extend,allopathic,96,1238,665 mg,229
19979,Ucet Extra,allopathic,92,1240,500 mg+65 mg,229
19980,Ucol,allopathic,92,1598,2 mg,217
19981,Ucorex,allopathic,92,43,100 mg,101
19982,Ucrafate,allopathic,70,1511,1 gm/5 ml,229
19983,Ucrafate,allopathic,92,1511,1000 mg,229
19984,Udca,allopathic,92,1641,300 mg,37
19985,Ufol,allopathic,19,1337,200 mg/20 ml,106
19986,Ulcar,allopathic,92,1368,150 mg,66
19987,Ulcar,allopathic,92,1368,300 mg,66
19988,Ulfate,allopathic,70,1511,1 gm/5 ml,106
19989,Ulicon,allopathic,92,1632,30 mg,73
19990,Uliroid,allopathic,92,1633,5 mg,240
19991,Uliv,allopathic,92,1641,150 mg,4
19992,Uliv,allopathic,92,1641,300 mg,4
19993,Ulnid,allopathic,92,1208,500 mg,228
19994,Ulpep,herbal,2,770,500 mg,217
19995,Ulrif,allopathic,70,1511,1 gm/5 ml,217
19996,Ulsec,allopathic,92,1511,1000 mg,26
19997,Ultac,allopathic,92,1368,150 mg,8
19998,Ultibro,allopathic,28,822,110 mcg+50 mcg,156
19999,Ulticort,allopathic,11,754,0.05%,106
20000,Ulticort,allopathic,58,754,0.05%,106
20001,Ultivent,allopathic,28,822,110 mcg+50 mcg,217
20002,Ultra D,allopathic,92,410,1000 IU,210
20003,Ultracaine,allopathic,30,235,0.25%,113
20004,Ultracaine,allopathic,30,235,0.50%,113
20005,Ultracaine Heavy,allopathic,33,236,0.5%+8%,113
20006,Ultracal-C,allopathic,18,264,1000 mg+327 mg+500 mg,185
20007,Ultracal-D,allopathic,92,257,500 mg+200 IU,185
20008,Ultracarbon,allopathic,92,17,250 mg,138
20009,Ultraclav,allopathic,92,90,500 mg+125 mg,89
20010,Ultradin,allopathic,91,1368,75 mg/5 ml,89
20011,Ultradin,allopathic,92,1368,150 mg,89
20012,Ultradol,allopathic,2,1604,50 mg,5
20013,Ultrafen,allopathic,24,494,75 mg/3 ml,35
20014,Ultrafen,allopathic,89,494,12.5 mg,35
20015,Ultrafen,allopathic,89,494,50 mg,35
20016,Ultrafen,allopathic,92,494,25 mg,35
20017,Ultrafen,allopathic,92,494,50 mg,35
20018,Ultrafen Extra,allopathic,24,496,(75 mg+20 mg)/2 ml,35
20019,Ultrafen Plus,allopathic,92,498,50 mg+200 mcg,35
20020,Ultrafen Plus,allopathic,92,498,75 mg+200 mcg,35
20021,Ultrafen SR,allopathic,100,494,100 mg,35
20022,Ultramet,allopathic,92,1054,10 mg,228
20023,Ultramox,allopathic,2,91,250 mg,89
20024,Ultramox,allopathic,2,91,500 mg,89
20025,Ultramox,allopathic,75,91,125 mg/5 ml,89
20026,Ultranax,allopathic,92,1133,500 mg,5
20027,Ultrapime,allopathic,26,303,1 gm/vial,106
20028,Ultrapime,allopathic,26,303,500 mg/vial,106
20029,Ultrapime,allopathic,38,303,2 gm/vial,106
20030,Ultrasef,allopathic,2,321,250 mg,113
20031,Ultrasef,allopathic,2,321,500 mg,113
20032,Ultrasef,allopathic,72,321,125 mg/1.25 ml,113
20033,Ultrasef,allopathic,75,321,125 mg/5 ml,113
20034,Umactin,allopathic,70,1167,25 mg/5 ml,229
20035,Umactin,allopathic,92,1167,100 mg,229
20036,Umactin,allopathic,92,1167,50 mg,229
20037,Umactin BD,allopathic,2,1168,37.5 mg + 12.5 mg,229
20038,Umactin BD,allopathic,2,1168,75 mg+25 mg,229
20039,Uman Albumin,allopathic,37,35,20%,
20040,Uneed,allopathic,2,855,,135
20041,Unibion,allopathic,92,,100 mg+200 mg+200 mcg,63
20042,Uniclor,allopathic,72,298,125 mg/1.25 ml,127
20043,Unicontin,allopathic,93,1571,200 mg,146
20044,Unicontin,allopathic,93,1571,400 mg,146
20045,Unicort,allopathic,11,786,1%,82
20046,Unicort N,allopathic,58,788,0.5%+0.5%,82
20047,Unicus,allopathic,49,587,20 mg,84
20048,Unicus,allopathic,49,587,40 mg,84
20049,Unidox,allopathic,2,533,100 mg,89
20050,Unifarin,allopathic,92,1685,1 mg,229
20051,Unifarin,allopathic,92,1685,2.5 mg,229
20052,Unifarin,allopathic,92,1685,2 mg,229
20053,Unifarin,allopathic,92,1685,5 mg,229
20054,Unifav,allopathic,92,622,200 mg,229
20055,Unifer,allopathic,39,862,100 mg/5 ml,240
20056,Unifix,allopathic,2,304,200 mg,145
20057,Unifix,allopathic,75,304,100 mg/5 ml,145
20058,Uniflam 400,allopathic,92,811,400 mg,42
20059,Uniflox,allopathic,92,364,500 mg,8
20060,Unifylin,allopathic,91,531,100 mg/5 ml,84
20061,Unifylin,allopathic,92,531,200 mg,84
20062,Unifylin,allopathic,92,531,400 mg,84
20063,Unigal,allopathic,11,1061,2%,165
20064,Unigal,allopathic,65,1060,2% w/w,165
20065,Unigal HC,allopathic,11,1062,2%+1%,165
20066,Unikon,allopathic,91,1571,120 mg/5 ml,105
20067,Unikon SR,allopathic,100,1571,400 mg,105
20068,Unilin,allopathic,91,1571,120 mg/5 ml,165
20069,Unilin CR,allopathic,93,1571,200 mg,165
20070,Unilin CR,allopathic,93,1571,300 mg,165
20071,Unilin CR,allopathic,93,1571,400 mg,165
20072,Unilor,allopathic,91,462,2.5 mg/5 ml,53
20073,Unilor,allopathic,92,462,5 mg,53
20074,Uni-Medrol,allopathic,30,1052,80 mg/2 ml,48
20075,Unimox,allopathic,2,91,250 mg,82
20076,Unimox,allopathic,2,91,500 mg,82
20077,Unimox,allopathic,72,91,125 mg/1.25 ml,82
20078,Unimox,allopathic,75,91,125 mg/5 ml,82
20079,Unipim,allopathic,26,303,1 gm/vial,66
20080,Unipim,allopathic,26,303,500 mg/vial,66
20081,Uniplar,allopathic,2,1243,1 mcg,229
20082,Uniplex,allopathic,91,1669,,25
20083,Unipril,allopathic,92,1364,1.25 mg,4
20084,Unipril,allopathic,92,1364,2.5 mg,4
20085,Unipril,allopathic,92,1364,5 mg,4
20086,Uniquin,allopathic,92,342,250 mg,8
20087,Unirab,allopathic,4,1358,20 mg,53
20088,Unisaline,allopathic,67,1205,10.25 gm,105
20089,Unisaline Fruity,allopathic,67,1204,,105
20090,Unisef,allopathic,2,304,200 mg,164
20091,Unisef,allopathic,2,304,400 mg,164
20092,Unisef,allopathic,75,304,100 mg/5 ml,164
20093,Unitac,allopathic,92,1368,150 mg,82
20094,Univer,allopathic,92,879,6 mg,229
20095,Univit-B,allopathic,92,1669,,25
20096,Univit-Plus,allopathic,92,1098,,25
20097,Unix,allopathic,11,1264,5% w/w,229
20098,Unix-C,allopathic,45,1265,5%+10%,229
20099,Upacit XR,allopathic,96,1637,15 mg,62
20100,Upanib,allopathic,96,1637,15 mg,240
20101,Uptiva,allopathic,92,112,150 mg,106
20102,Ural-K,allopathic,69,1302,(1500 mg+250 mg)/5 ml,35
20103,Urbifen,allopathic,92,673,50 mg,84
20104,Urgotin,allopathic,30,573,0.2 mg/ml,48
20105,Urican,herbal,2,419,400 mg,66
20106,Uricare SR,allopathic,6,1535,0.4 mg,226
20107,Uricool,herbal,91,,,4
20108,Urikal,allopathic,69,1302,(1500 mg+250 mg)/5 ml,106
20109,Urilax,allopathic,92,648,100 mg,106
20110,Urilax,allopathic,92,648,200 mg,106
20111,Urilev,allopathic,37,945,500 mg/100 ml,225
20112,Urilev,allopathic,92,945,500 mg,225
20113,Urilit,allopathic,96,1301,1080 mg,165
20114,Urilizer,allopathic,69,1302,(1500 mg+250 mg)/5 ml,120
20115,Urinide,allopathic,92,234,1 mg,150
20116,Urinide,allopathic,92,234,5 mg,150
20117,Urinom,allopathic,92,1535,0.4 mg,165
20118,Urinom D,allopathic,2,1536,0.4 mg+0.5 mg,165
20119,Urinom MR,allopathic,6,1535,0.4 mg,165
20120,Urinor,allopathic,69,1302,(1500 mg+250 mg)/5 ml,157
20121,Uripam,herbal,2,1437,160 mg,217
20122,Uripay,allopathic,92,648,100 mg,14
20123,Uripay,allopathic,92,648,200 mg,14
20124,Uriset,allopathic,69,1302,(1500 mg+250 mg)/5 ml,217
20125,Uristat,allopathic,92,623,40 mg,105
20126,Uristat,allopathic,92,623,80 mg,105
20127,Uriten,allopathic,96,41,10 mg,217
20128,Uritol,allopathic,92,1598,1 mg,73
20129,Uritol,allopathic,92,1598,2 mg,73
20130,Uritone,allopathic,92,696,20 mg+50 mg,196
20131,Uritone,allopathic,92,696,40 mg+50 mg,196
20132,Uritro,allopathic,7,1167,100 mg,224
20133,Uritro,allopathic,7,1167,50 mg,224
20134,Urivent,allopathic,6,1535,0.4 mg,14
20135,Urobak,allopathic,70,1167,25 mg/5 ml,165
20136,Urobak,allopathic,92,1167,100 mg,165
20137,Urobak SR,allopathic,7,1167,100 mg,165
20138,Uroben XR,allopathic,96,1072,25 mg,106
20139,Uroben XR,allopathic,96,1072,50 mg,106
20140,Uroblock,allopathic,96,1072,25 mg,161
20141,Uroblock,allopathic,96,1072,50 mg,161
20142,Urocap,allopathic,6,1535,0.4 mg,105
20143,Urocap-D,allopathic,2,1536,0.4 mg+0.5 mg,105
20144,Urocare,allopathic,6,1535,0.4 mg,64
20145,Urocid-N,allopathic,69,1302,(1500 mg+250 mg)/5 ml,163
20146,Urocure,allopathic,70,1167,25 mg/5 ml,217
20147,Urocure SR,allopathic,7,1167,100 mg,217
20148,Urodart,allopathic,2,539,0.5 mg,229
20149,Urodel-K,allopathic,69,1302,(1500 mg+250 mg)/5 ml,62
20150,Uroflo,allopathic,6,1535,0.4 mg,35
20151,Uroflo Plus,allopathic,2,1536,0.4 mg+0.5 mg,35
20152,Urokit,allopathic,96,1301,1080 mg,73
20153,Urokit Plus,allopathic,69,1302,(1500 mg+250 mg)/5 ml,73
20154,Urokool,allopathic,69,1302,(1500 mg+250 mg)/5 ml,165
20155,Urolosin,allopathic,92,1535,0.4 mg,84
20156,Urolosin-D,allopathic,2,1536,0.4 mg+0.5 mg,84
20157,Uromax,allopathic,6,1535,0.4 mg,229
20158,Uromax-D,allopathic,2,1536,0.4 mg+0.5 mg,229
20159,Uromitexan,allopathic,38,1038,400 mg/4 ml,30
20160,Uronase,allopathic,30,1640,500000 IU/10 ml,31
20161,Uropass,allopathic,6,1535,0.4 mg,4
20162,Uropass-D,allopathic,2,1536,0.4 mg+0.5 mg,4
20163,Uropro,allopathic,6,1535,0.4 mg,34
20164,Urosin,allopathic,6,1535,0.4 mg,73
20165,Urosolv,allopathic,69,1302,(1500 mg+250 mg)/5 ml,67
20166,Urospin,allopathic,92,696,20 mg+50 mg,37
20167,Urostat,allopathic,92,623,40 mg,84
20168,Urotam,allopathic,6,1535,0.4 mg,150
20169,Urotrate,allopathic,69,1302,(1500 mg+250 mg)/5 ml,127
20170,Uroxime,allopathic,75,316,125 mg/5 ml,75
20171,Uroxime,allopathic,92,316,250 mg,75
20172,Uroxime,allopathic,92,316,500 mg,75
20173,Urso,allopathic,92,1641,150 mg,217
20174,Urso,allopathic,92,1641,300 mg,217
20175,Ursocol,allopathic,92,1641,150 mg,219
20176,Ursocol,allopathic,92,1641,300 mg,219
20177,Ursodex,allopathic,92,1641,150 mg,105
20178,Ursodex,allopathic,92,1641,300 mg,105
20179,Ursodil,allopathic,92,1641,150 mg,84
20180,Ursodil,allopathic,92,1641,300 mg,84
20181,Ursolic,allopathic,70,1641,250 mg/5 ml,66
20182,Ursolic,allopathic,92,1641,150 mg,66
20183,Ursolic,allopathic,92,1641,300 mg,66
20184,Ursoton,allopathic,92,1641,300 mg,45
20185,Urtinex,allopathic,69,1411,5 mg/5 ml,76
20186,Urtinex,allopathic,92,1411,10 mg,76
20187,Urtizin,allopathic,92,800,10 mg,229
20188,Urtizin,allopathic,92,800,25 mg,229
20189,Utal,allopathic,92,1633,5 mg,217
20190,Uteric,allopathic,92,695,40 mg,
20191,Utifos,allopathic,67,692,3 gm/sachet,191
20192,Utracet,allopathic,92,,325 mg+37.5 mg,229
20193,Utramal,allopathic,2,1604,50 mg,229
20194,Utramal,allopathic,26,1604,100 mg/2 ml,229
20195,Utramal,allopathic,89,1604,100 mg,229
20196,Utramal Retard,allopathic,79,1604,100 mg,229
20197,Utramal Retard,allopathic,79,1604,50 mg,229
20198,Utrobin,allopathic,92,1495,10 mg,229
20199,Utrobin,allopathic,92,1495,5 mg,229
20200,Utrogestan,allopathic,2,1328,100 mg,238
20201,Utrogestan,allopathic,2,1328,200 mg,238
20202,Utromeg,allopathic,96,1072,25 mg,229
20203,Utromeg,allopathic,96,1072,50 mg,229
20204,V3N,allopathic,92,,100 mg+200 mg+200 mcg,155
20205,V4,allopathic,91,1669,,155
20206,V4Z,allopathic,91,1671,,155
20207,Valarux,allopathic,92,1642,1 gm,165
20208,Valarux,allopathic,92,1642,500 mg,165
20209,Valcyte,allopathic,92,1644,450 mg,200
20210,Valdipin,allopathic,92,87,5 mg+160 mg,185
20211,Valdipin,allopathic,92,87,5 mg+80 mg,185
20212,Valent,herbal,2,1643,450 mg,99
20213,Valenty,allopathic,92,1648,10 mg,73
20214,Valenty,allopathic,92,1648,20 mg,73
20215,Valepi,allopathic,92,1492,200 mg,136
20216,Valestra,allopathic,92,591,1 mg,161
20217,Valex,allopathic,91,1492,200 mg/5 ml,106
20218,Valex,allopathic,92,1492,200 mg,106
20219,Valex CR,allopathic,93,1492,200 mg,106
20220,Valex CR,allopathic,93,1492,300 mg,106
20221,Valex CR,allopathic,93,1492,500 mg,106
20222,Valmor,allopathic,92,1415,24 mg+26 mg,217
20223,Valmor,allopathic,92,1415,49 mg+51 mg,217
20224,Valoate,allopathic,91,1492,200 mg/5 ml,217
20225,Valoate CR,allopathic,93,1492,200 mg,217
20226,Valoate CR,allopathic,93,1492,300 mg,217
20227,Valoate CR,allopathic,93,1492,500 mg,217
20228,Valovir,allopathic,92,1642,1 gm,106
20229,Valovir,allopathic,92,1642,500 mg,106
20230,Valporin,allopathic,91,1492,200 mg/5 ml,196
20231,Valporin CR,allopathic,93,1492,200 mg,53
20232,Valporin CR,allopathic,93,1492,300 mg,196
20233,Valporin CR,allopathic,93,1492,500 mg,196
20234,Valpress,allopathic,2,1645,80 mg,212
20235,Valsan,allopathic,2,1645,80 mg,148
20236,Valsartil,allopathic,92,1645,160 mg,106
20237,Valsartil,allopathic,92,1645,40 mg,106
20238,Valsartil,allopathic,92,1645,80 mg,106
20239,Valsartil Plus,allopathic,92,1646,160 mg+25 mg,106
20240,Valsartil Plus,allopathic,92,1646,80 mg+12.5 mg,106
20241,Valtin,allopathic,92,1645,160 mg,4
20242,Valtin,allopathic,92,1645,80 mg,4
20243,Vancard,allopathic,37,1647,1 gm/vial,225
20244,Vancard,allopathic,37,1647,500 mg/vial,225
20245,Vancomin,allopathic,37,1647,1 gm/vial,165
20246,Vancomin,allopathic,37,1647,500 mg/vial,165
20247,Vaniflo,allopathic,11,546,13.90%,229
20248,Vanila E,herbal,9,1681,200 mg,73
20249,Vanmycin,allopathic,37,1647,1 gm/vial,106
20250,Vanmycin,allopathic,37,1647,500 mg/vial,106
20251,Vanprox,allopathic,72,309,20 mg/ml,217
20252,Vanprox,allopathic,75,309,40 mg/5 ml,217
20253,Vanprox Forte,allopathic,75,309,80 mg/5 ml,217
20254,Vaporex,allopathic,58,272,,98
20255,Vaptan,allopathic,92,1599,15 mg,185
20256,Varda,allopathic,92,1648,10 mg,34
20257,Varda,allopathic,92,1648,20 mg,34
20258,Vardamate,allopathic,92,1648,10 mg,217
20259,Vardamate,allopathic,92,1648,20 mg,217
20260,Vardena,allopathic,92,1648,10 mg,89
20261,Vardena,allopathic,92,1648,20 mg,89
20262,Varen,allopathic,62,331,0.50%,143
20263,Varigestrol,allopathic,92,1021,160 mg,
20264,Varilrix,allopathic,80,1650,0.5 ml,88
20265,Varivax,allopathic,80,1650,0.5 ml,144
20266,Varizil,allopathic,37,1057,500 mg/100 ml,66
20267,Varizil,allopathic,92,1057,400 mg,66
20268,Varnafil,allopathic,92,1648,10 mg,75
20269,Varnafil,allopathic,92,1648,20 mg,75
20270,Varni,allopathic,92,1649,0.5 mg,143
20271,Varox,allopathic,92,1398,10 mg,66
20272,Varox,allopathic,92,1398,2.5 mg,66
20273,Vascare,allopathic,92,1622,20 mg,64
20274,Vasco,allopathic,9,1676,250 mg,165
20275,Vasco,allopathic,9,1676,500 mg,165
20276,Vasco,allopathic,91,1676,100 mg/5 ml,165
20277,Vasocil,allopathic,92,356,100 mg,105
20278,Vasocil,allopathic,92,356,50 mg,105
20279,Vasocor,allopathic,92,1139,2.5 mg,185
20280,Vasocor,allopathic,92,1139,5 mg,185
20281,Vasolax,allopathic,93,1258,400 mg,35
20282,Vasopin,allopathic,92,81,10 mg,212
20283,Vasopin,allopathic,92,81,5 mg,212
20284,Vasopin Plus,allopathic,92,82,5 mg+50 mg,212
20285,Vasoproct,allopathic,2,259,500 mg,84
20286,Vasotrop,allopathic,62,1626,0.8%+5%,26
20287,Vaspec MR,allopathic,98,1622,35 mg,150
20288,Vaspine,allopathic,33,236,0.5%+8%,101
20289,Vass,allopathic,92,128,10 mg,206
20290,Vass,allopathic,92,128,20 mg,206
20291,Vastadin MR,allopathic,98,1622,35 mg,210
20292,Vastarel MR,allopathic,98,1622,35 mg,209
20293,Vastigro,allopathic,2,1399,1.5 mg,106
20294,Vastigro,allopathic,2,1399,3 mg,106
20295,Vastigro,allopathic,2,1399,4.5 mg,106
20296,Vastin,allopathic,92,128,10 mg,17
20297,Vastin,allopathic,92,128,10 mg,179
20298,Vastocor,allopathic,92,1460,10 mg,106
20299,Vastor,allopathic,92,128,10 mg,5
20300,Vave,allopathic,70,524,5 mg/5 ml,2
20301,Vave,allopathic,72,524,5 mg/ml,2
20302,Vave,allopathic,92,524,10 mg,2
20303,Vaxar,allopathic,2,1314,25 mg,161
20304,Vaxar,allopathic,2,1314,50 mg,161
20305,Vaxar,allopathic,2,1314,75 mg,161
20306,Vaxem,allopathic,30,751,10 mcg/0.5 ml,156
20307,Vaxigrip Tetra,allopathic,24,820,0.5 ml/prefilled syringe,222
20308,Vaxitet,allopathic,24,30,40 IU/0.5 ml,106
20309,Vaxitet-IG,allopathic,24,1565,3000 IU/ml,106
20310,Vaxphoid,allopathic,24,1631,25 mcg/0.5 ml,106
20311,Vaxtin,allopathic,92,9,100 mg,206
20312,VC-250,allopathic,9,1676,250 mg,25
20313,Vcand,allopathic,75,1684,200 mg/5 ml,37
20314,Vcand,allopathic,92,1684,200 mg,37
20315,Vcand,allopathic,92,1684,50 mg,37
20316,VCAP,allopathic,110,1059,,196
20317,Vcent,allopathic,92,1684,200 mg,180
20318,V-Cod,allopathic,91,1097,,67
20319,VD-Cal,allopathic,92,257,500 mg+200 IU,45
20320,Veagra,allopathic,92,1455,100 mg,27
20321,Veagra,allopathic,92,1455,25 mg,27
20322,Veagra,allopathic,92,1455,50 mg,27
20323,Vecarot,allopathic,92,178,6 mg+200 mg+50 mg,54
20324,Vecef,allopathic,2,321,500 mg,26
20325,Vecef,allopathic,72,321,125 mg/1.25 ml,26
20326,Vecef,allopathic,75,321,125 mg/5 ml,26
20327,Vecef-DS,allopathic,75,321,250 mg/5 ml,26
20328,Vectra,allopathic,92,179,16 mg,101
20329,Vectra,allopathic,92,179,8 mg,101
20330,Vedilol,allopathic,92,296,12.5 mg,73
20331,Vedilol,allopathic,92,296,25 mg,73
20332,Vedilol,allopathic,92,296,6.25 mg,73
20333,Veesina,allopathic,9,1676,250 mg,105
20334,Vefend,allopathic,92,1684,200 mg,4
20335,Vefend,allopathic,92,1684,50 mg,4
20336,Vegadon,allopathic,70,524,5 mg/5 ml,180
20337,Vegadon,allopathic,92,524,10 mg,180
20338,Vegara,allopathic,92,1455,100 mg,75
20339,Vegara,allopathic,92,1455,50 mg,75
20340,Vegecap-E,herbal,2,1681,200 IU,155
20341,Vegecap-E,herbal,2,1681,400 IU,155
20342,Velacin,allopathic,2,533,100 mg,
20343,Velatas,allopathic,92,1494,400 mg+100 mg,101
20344,Velcade,allopathic,37,213,1 mg/vial,112
20345,Velodin,allopathic,2,321,500 mg,96
20346,Velodin,allopathic,75,321,125 mg/5 ml,96
20347,Velofen TR,allopathic,8,494,100 mg,127
20348,Velofix,allopathic,2,304,200 mg,180
20349,Velofix,allopathic,2,304,400 mg,180
20350,Velofix,allopathic,75,304,100 mg/5 ml,180
20351,Velofix DS,allopathic,75,304,200 mg/5 ml,180
20352,Velogen,allopathic,2,321,250 mg,84
20353,Velogen,allopathic,2,321,500 mg,84
20354,Velogen,allopathic,72,321,125 mg/1.25 ml,84
20355,Velogen,allopathic,75,321,125 mg/5 ml,84
20356,Velox,allopathic,2,321,250 mg,119
20357,Velox,allopathic,2,321,500 mg,119
20358,Velox,allopathic,72,321,125 mg/1.25 ml,119
20359,Velox,allopathic,75,321,125 mg/5 ml,119
20360,Velpacee,allopathic,92,1494,400 mg+100 mg,114
20361,Velpanex,allopathic,92,1494,400 mg+100 mg,76
20362,Velvin,allopathic,30,1663,10 mg/10 ml,31
20363,Vencur,allopathic,38,1652,10 mg/vial,185
20364,Vencuron,allopathic,38,1652,10 mg/vial,225
20365,Venesa,allopathic,92,500,2 mg,4
20366,Veneta,allopathic,92,1653,100 mg,66
20367,Veneta,allopathic,92,1653,50 mg,66
20368,Veniron,allopathic,39,862,100 mg/5 ml,35
20369,Venium,allopathic,92,380,10 mg,104
20370,Veniz XR,allopathic,5,1654,75 mg,219
20371,Venlax,allopathic,92,1654,37.5 mg,84
20372,Venlax,allopathic,92,1654,75 mg,84
20373,Venofer,allopathic,39,862,100 mg/5 ml,234
20374,Venol,allopathic,91,1419,2 mg/5 ml,82
20375,Ventair,allopathic,9,1086,5 mg,74
20376,Ventair,allopathic,92,1086,10 mg,74
20377,Ventel,allopathic,91,1419,2 mg/5 ml,21
20378,Venterol,allopathic,69,152,5 mg/5 ml,105
20379,Venterol,allopathic,92,152,10 mg,105
20380,Venterol,allopathic,92,152,20 mg,105
20381,Ventil,allopathic,29,1420,100 mcg/puff,66
20382,Ventil Plus,allopathic,29,1421,(100 mcg+20 mcg)/puff,66
20383,Ventilast,allopathic,92,1086,10 mg,14
20384,Ventisal,allopathic,91,1419,2 mg/5 ml,105
20385,Ventisal,allopathic,92,1419,4 mg,105
20386,Ventisal-L,allopathic,91,950,1 mg/5 ml,105
20387,Ventisal-L,allopathic,92,950,2 mg,105
20388,Ventofil,allopathic,92,531,200 mg,73
20389,Ventofil,allopathic,92,531,400 mg,73
20390,Ventol,allopathic,91,1419,2 mg/5 ml,46
20391,Ventolex,allopathic,91,1419,2 mg/5 ml,63
20392,Ventolex,allopathic,92,1419,4 mg,63
20393,Ventolin,allopathic,29,1420,100 mcg/puff,88
20394,Ventolin,allopathic,78,1419,5 mg/ml,88
20395,Ventolin,allopathic,91,1419,2 mg/5 ml,88
20396,Ventolin,allopathic,92,1419,2 mg,88
20397,Ventolin,allopathic,92,1419,4 mg,88
20398,Ventolin SR,allopathic,100,1419,8 mg,88
20399,Ventonix,allopathic,92,1653,100 mg,31
20400,Ventonix,allopathic,92,1653,10 mg,31
20401,Ventonix,allopathic,92,1653,50 mg,31
20402,Ventosol,allopathic,91,1419,2 mg/5 ml,5
20403,Ventoxen,allopathic,92,1653,100 mg,76
20404,Veracal,allopathic,37,1655,5 mg/2 ml,106
20405,Veracal,allopathic,92,1655,40 mg,106
20406,Veracal,allopathic,92,1655,80 mg,106
20407,Veracal SR,allopathic,92,1655,180 mg,106
20408,Veracal SR,allopathic,92,1655,240 mg,106
20409,Veralgin,allopathic,26,1580,5 mg/2 ml,25
20410,Veralgin,allopathic,92,1580,50 mg,25
20411,Veramil,allopathic,92,1655,80 mg,192
20412,Veramil SR,allopathic,92,1655,240 mg,192
20413,Veratin,allopathic,92,879,6 mg,2
20414,Verben,allopathic,9,34,400 mg,27
20415,Verben,allopathic,70,34,200 mg/5 ml,27
20416,Vercef,allopathic,72,309,20 mg/ml,35
20417,Vercef,allopathic,75,309,40 mg/5 ml,35
20418,Vercef DS,allopathic,75,309,80 mg/5 ml,35
20419,Vercov,allopathic,92,879,6 mg,224
20420,Vergon,allopathic,30,1326,12.5 mg/ml,165
20421,Vergon,allopathic,92,1326,5 mg,165
20422,Vericef,allopathic,2,321,500 mg,233
20423,Vericef,allopathic,75,321,125 mg/5 ml,233
20424,Vericox,allopathic,92,614,120 mg,233
20425,Vericox,allopathic,92,614,60 mg,233
20426,Vericox,allopathic,92,614,90 mg,233
20427,Veridin,allopathic,92,1368,150 mg,233
20428,Veridipin,allopathic,92,81,10 mg,233
20429,Veridipin,allopathic,92,81,5 mg,233
20430,Veridipin Plus,allopathic,92,82,5 mg+25 mg,233
20431,Veridipin Plus,allopathic,92,82,5 mg+50 mg,233
20432,Veridom,allopathic,92,524,10 mg,233
20433,Verifen SR,allopathic,7,494,100 mg,233
20434,Verifen SR,allopathic,100,494,100 mg,233
20435,Verigan,allopathic,92,622,200 mg,233
20436,Verigat,allopathic,92,1656,10 mg,4
20437,Verigat,allopathic,92,1656,2.5 mg,4
20438,Verigat,allopathic,92,1656,5 mg,4
20439,Verigold,allopathic,92,1100,,233
20440,Verimet,allopathic,92,1039,500 mg,233
20441,Verimet,allopathic,92,1039,850 mg,233
20442,Veripel SR,allopathic,7,1012,200 mg,31
20443,Verisol,allopathic,23,339,0.5%+70%,233
20444,Verita-B,allopathic,92,,100 mg+200 mg+200 mcg,233
20445,Veritrizin,allopathic,92,324,10 mg,233
20446,Verixim,allopathic,2,304,200 mg,233
20447,Verixim,allopathic,2,304,400 mg,233
20448,Verixim,allopathic,75,304,100 mg/5 ml,233
20449,Verizin,allopathic,92,939,5 mg,210
20450,Verizith,allopathic,75,142,200 mg/5 ml,233
20451,Verizith,allopathic,92,142,500 mg,233
20452,Vermectin,allopathic,92,879,12 mg,171
20453,Vermectin,allopathic,92,879,6 mg,171
20454,Vermicom,allopathic,91,934,40 mg/5 ml,165
20455,Vermid,allopathic,9,34,400 mg,215
20456,Vermikil,allopathic,9,34,400 mg,155
20457,Vermikil,allopathic,70,34,200 mg/5 ml,155
20458,Vermin-DS,allopathic,9,34,400 mg,153
20459,Vermizol,allopathic,9,1011,100 mg,239
20460,Veron,allopathic,92,1012,135 mg,73
20461,Veronem,allopathic,39,1036,1 gm/vial,233
20462,Veronem,allopathic,39,1036,500 mg/vial,233
20463,Verorab,allopathic,27,1360,2.5 IU/ml,222
20464,Verospiron,allopathic,92,1503,25 mg,16
20465,Verospiron Plus,allopathic,92,696,20 mg+50 mg,16
20466,Versal,allopathic,4,586,20 mg,54
20467,Versal,allopathic,95,586,20 mg,54
20468,Versil,allopathic,92,1261,4 mg,4
20469,Vertex,allopathic,24,315,1 gm/vial,171
20470,Vertex,allopathic,24,315,250 mg/vial,171
20471,Vertex,allopathic,24,315,500 mg/vial,171
20472,Vertex,allopathic,38,315,1 gm/vial,171
20473,Vertex,allopathic,38,315,250 mg/vial,171
20474,Vertex,allopathic,38,315,2 gm/vial,171
20475,Vertex,allopathic,38,315,500 mg/vial,171
20476,Vertig,allopathic,92,656,10 mg,9
20477,Vertig,allopathic,92,656,5 mg,9
20478,Vertigan,allopathic,92,1326,5 mg,179
20479,Vertina Plus,allopathic,92,1014,25 mg+50 mg,217
20480,Vertina-D,allopathic,94,1352,10 mg+10 mg,217
20481,Vertina-DX,allopathic,96,1352,20 mg+20 mg,217
20482,Vertinor,allopathic,92,179,16 mg,185
20483,Vertinor,allopathic,92,179,8 mg,185
20484,Vesanoid,allopathic,2,1611,10 mg,49
20485,Veserc,allopathic,92,179,16 mg,229
20486,Veserc,allopathic,92,179,8 mg,229
20487,Vesinac,allopathic,92,1495,10 mg,35
20488,Vesinac,allopathic,92,1495,5 mg,35
20489,Veslac,allopathic,92,896,10 mg,194
20490,Vesocal,allopathic,92,81,10 mg,192
20491,Vesocal,allopathic,92,81,5 mg,192
20492,Vesocal Plus,allopathic,92,82,5 mg+50 mg,192
20493,Vesodil,allopathic,92,296,12.5 mg,192
20494,Vesodil,allopathic,92,296,25 mg,192
20495,Vesodil,allopathic,92,296,6.25 mg,192
20496,Vesol-N,allopathic,11,383,(0.5 mg+5 mg+1 Lac IU)/gm,158
20497,Vesotan,allopathic,92,275,16 mg,192
20498,Vesotan,allopathic,92,275,8 mg,192
20499,Vestar MR,allopathic,98,1622,35 mg,101
20500,Vexotil,allopathic,75,316,125 mg/5 ml,167
20501,Vexotil,allopathic,92,316,250 mg,167
20502,Vexotil,allopathic,92,316,500 mg,167
20503,Vgard,allopathic,92,,25 mg+2.5 mg+1 mg,165
20504,Viagrazen,allopathic,92,1455,100 mg,239
20505,Viagrazen,allopathic,92,1455,50 mg,239
20506,Viagrex,allopathic,92,1455,50 mg,186
20507,Viamax,allopathic,92,1455,100 mg,229
20508,Viamax,allopathic,92,1455,25 mg,229
20509,Viamax,allopathic,92,1455,50 mg,229
20510,Viax,allopathic,92,1455,100 mg,165
20511,Viax,allopathic,92,1455,50 mg,165
20512,Vibose,allopathic,92,1683,200 mcg,35
20513,Vibose,allopathic,92,1683,300 mcg,35
20514,Vibrenta,allopathic,80,837,100 IU/ml,106
20515,Vibrenta,allopathic,80,837,100 IU/ml,106
20516,VIC,allopathic,2,855,,61
20517,Vicard,allopathic,92,,25 mg+2.5 mg+1 mg,185
20518,Vicon,allopathic,91,1669,,120
20519,Vicon,allopathic,92,1669,,120
20520,Vicon-M,allopathic,92,1098,,120
20521,Vicon-Z,allopathic,91,1671,,120
20522,Victorin,allopathic,2,309,200 mg,158
20523,Victorin,allopathic,72,309,20 mg/ml,158
20524,Victorin,allopathic,75,309,40 mg/5 ml,158
20525,Victoza,allopathic,30,967,6 mg/ml,159
20526,Vida,allopathic,92,1661,50 mg,173
20527,Vida Plus,allopathic,92,1662,50 mg+500 mg,173
20528,Vida Plus,allopathic,92,1662,50 mg+850 mg,173
20529,Vidalin,allopathic,37,1111,,185
20530,Vidalin D,allopathic,37,1096,,185
20531,Vidalin Gold,allopathic,92,1100,,185
20532,Vidalin N,allopathic,37,1109,,185
20533,Vidalin Silver,allopathic,92,1103,,185
20534,Vidox,allopathic,2,533,100 mg,113
20535,Viera,allopathic,75,1684,200 mg/5 ml,31
20536,Viera,allopathic,92,1684,200 mg,31
20537,Viera,allopathic,92,1684,50 mg,31
20538,Viev,allopathic,92,1532,10 mg,9
20539,Viev,allopathic,92,1532,20 mg,9
20540,Viewgut,allopathic,75,155,150 gm,185
20541,Vifas,allopathic,70,642,30 mg/5 ml,101
20542,Vifas,allopathic,92,642,120 mg,101
20543,Vifas,allopathic,92,642,180 mg,101
20544,Vifas,allopathic,92,642,60 mg,101
20545,Vigamet,allopathic,92,1662,50 mg+500 mg,73
20546,Vigamet,allopathic,92,1662,50 mg+850 mg,73
20547,Vigatin,allopathic,92,1661,50 mg,73
20548,Vigil,allopathic,70,1057,200 mg/5 ml,205
20549,Vigil,allopathic,92,1057,400 mg,205
20550,Viglimet,allopathic,92,1662,50 mg+500 mg,217
20551,Viglimet,allopathic,92,1662,50 mg+850 mg,217
20552,Viglita,allopathic,92,1661,50 mg,217
20553,Vigo-Fort,herbal,2,887,250 mg,4
20554,Vigor,allopathic,92,,100 mg+200 mg+200 mcg,98
20555,Vigor Ace,allopathic,92,178,6 mg+200 mg+50 mg,98
20556,Vigor-B,allopathic,91,1669,,98
20557,Vigor-B,allopathic,92,1669,,98
20558,Vigorex,allopathic,92,1455,100 mg,217
20559,Vigorex,allopathic,92,1455,25 mg,217
20560,Vigorex,allopathic,92,1455,50 mg,217
20561,Vigor-M,allopathic,92,1098,,98
20562,Vigosol,allopathic,37,71,5%,217
20563,Vigotrum Gold,allopathic,92,1100,,120
20564,Vilanti,allopathic,28,1659,25 mcg+100 mcg,217
20565,Vilanti,allopathic,28,1659,25 mcg+200 mcg,217
20566,Vilaptin,allopathic,92,1661,50 mg,231
20567,Vilazon,allopathic,92,1660,10 mg,196
20568,Vilazon,allopathic,92,1660,20 mg,196
20569,Vildagil,allopathic,92,1661,50 mg,210
20570,Vildagil-M,allopathic,92,1662,50 mg+500 mg,210
20571,Vildagil-M,allopathic,92,1662,50 mg+850 mg,210
20572,Vildaglip,allopathic,92,1661,50 mg,53
20573,Vildaglip M,allopathic,92,1662,50 mg+500 mg,53
20574,Vildaglip M,allopathic,92,1662,50 mg+850 mg,53
20575,Vildamet,allopathic,92,1662,50 mg+500 mg,165
20576,Vildamet,allopathic,92,1662,50 mg+850 mg,165
20577,Vildapin,allopathic,92,1661,50 mg,4
20578,Vildapin Plus,allopathic,92,1662,50 mg+500 mg,4
20579,Vildapin Plus,allopathic,92,1662,50 mg+850 mg,4
20580,Vildus,allopathic,92,1661,50 mg,165
20581,Vilet B,allopathic,91,1669,,33
20582,Vilet B,allopathic,92,1669,,33
20583,Vilip,allopathic,92,1661,50 mg,224
20584,Vimin Plus,allopathic,92,1098,,82
20585,Vinap,allopathic,92,1133,500 mg,235
20586,Vinblastin,allopathic,30,1663,10 mg/10 ml,52
20587,Vincet,allopathic,92,1666,5 mg,73
20588,Vincrist,allopathic,30,1664,1 mg/vail,225
20589,Vincrist,allopathic,30,1664,2 mg/vail,225
20590,Vinorel,allopathic,30,1665,10 mg/ml,31
20591,Vinorelbine Axios,allopathic,30,1665,10 mg/ml,40
20592,Vinorelbine SANDOZ,allopathic,30,1665,10 mg/ml,206
20593,Vinpoton,allopathic,92,1666,5 mg,4
20594,Vinsetine,allopathic,92,1666,5 mg,106
20595,Vinstin,allopathic,30,1664,2 mg/vial,66
20596,Vinton,allopathic,92,1666,5 mg,25
20597,Vinzam,allopathic,75,142,200 mg/5 ml,5
20598,Vinzam,allopathic,92,142,500 mg,5
20599,Viodin,allopathic,48,1303,1% w/v,217
20600,Viodin,allopathic,58,1303,5% w/w,217
20601,Viodin,allopathic,85,1303,10% w/v,217
20602,Viola,allopathic,45,174,1.25 gm/5 ml,104
20603,Viola,allopathic,103,717,1%,117
20604,Viola,allopathic,103,717,2%,117
20605,Viptin,allopathic,92,1661,50 mg,84
20606,Viptin Plus,allopathic,92,1662,50 mg+500 mg,84
20607,Viptin Plus,allopathic,92,1662,50 mg+850 mg,84
20608,VIR,allopathic,92,563,0.5 mg,4
20609,Viracin,allopathic,2,1382,200 mg,35
20610,Viraflu,allopathic,92,622,200 mg,35
20611,Vircet,allopathic,91,324,5 mg/5 ml,235
20612,Vircet,allopathic,92,324,10 mg,235
20613,Virdin,allopathic,92,1368,150 mg,235
20614,Virdon,allopathic,70,524,5 mg/5 ml,235
20615,Virdon,allopathic,92,524,10 mg,235
20616,Virenta,allopathic,92,563,0.5 mg,73
20617,Virflox,allopathic,75,364,250 mg/5 ml,235
20618,Virflox,allopathic,92,364,500 mg,235
20619,Virflox,allopathic,92,364,750 mg,235
20620,Virgo's Orsaline,allopathic,67,1205,13.95 gm,235
20621,Virine,allopathic,61,19,3%,153
20622,Virlon,allopathic,92,81,5 mg,235
20623,Virlon Plus,allopathic,92,82,5 mg+50 mg,235
20624,Virobion,allopathic,92,,100 mg+200 mg+200 mcg,235
20625,Virodacla,allopathic,92,436,60 mg,106
20626,Vironex,allopathic,92,563,0.5 mg,76
20627,Vironil,allopathic,92,1554,245 mg,229
20628,Viroxi,allopathic,92,20,200 mg,73
20629,Virunil,allopathic,37,18,250 mg/vial,89
20630,Virunil,allopathic,37,18,500 mg/vial,89
20631,Virupos,allopathic,61,19,3%,238
20632,Virux,allopathic,11,21,5% w/w,217
20633,Virux,allopathic,37,18,500 mg/vial,217
20634,Virux,allopathic,70,20,200 mg/5 ml,217
20635,Virux,allopathic,92,20,200 mg,217
20636,Virux,allopathic,92,20,400 mg,217
20637,Virux-HC,allopathic,11,22,5%+1%,217
20638,Virzith,allopathic,75,142,200 mg/5 ml,235
20639,Virzith,allopathic,92,142,500 mg,235
20640,Vis-A,allopathic,2,1667,50000 IU,173
20641,Visalex,allopathic,92,1580,50 mg,127
20642,Visarin,allopathic,26,1580,5 mg/2 ml,180
20643,Visarin,allopathic,91,1580,10 mg/5 ml,180
20644,Visarin,allopathic,92,1580,50 mg,180
20645,Viscer,allopathic,26,1580,5 mg/2 ml,225
20646,Viscer,allopathic,92,1580,50 mg,225
20647,Visceral,allopathic,26,1580,5 mg/2 ml,105
20648,Visceral,allopathic,92,1580,50 mg,105
20649,Visceralgine,allopathic,26,1580,5 mg/2 ml,161
20650,Visceralgine,allopathic,92,1580,50 mg,161
20651,Viscocid,allopathic,9,1464,500 mg+100 mg,35
20652,Viscocid,allopathic,70,1464,(500 mg+100 mg)/5 ml,35
20653,Viscogel,allopathic,112,798,2%,84
20654,Viscon,allopathic,11,1046,15%+10%,2
20655,Viscon,allopathic,11,1046,30%+8%,2
20656,Viscotin,allopathic,16,13,100 mg/sachet,229
20657,Viscotin,allopathic,16,13,200 mg/sachet,229
20658,Viscotin,allopathic,18,13,600 mg,229
20659,Viscotin,allopathic,55,13,600 mg/3 ml,229
20660,Visegin,allopathic,92,1580,50 mg,229
20661,Viset,allopathic,26,1580,5 mg/2 ml,101
20662,Viset,allopathic,91,1580,10 mg/5 ml,101
20663,Viset,allopathic,92,1580,50 mg,101
20664,Visetil,allopathic,92,1580,50 mg,186
20665,Visi Blue,allopathic,62,1628,0.06%,106
20666,Visibil,herbal,2,199,160 mg,196
20667,Visin,allopathic,62,735,0.2%+0.36%+1%,185
20668,Visitear,allopathic,62,735,0.2%+0.36%+1%,106
20669,Visnil,allopathic,91,1580,10 mg/5 ml,155
20670,Visnil,allopathic,92,1580,50 mg,155
20671,Visnor,allopathic,26,1580,5 mg/2 ml,20
20672,Visnor,allopathic,92,1580,50 mg,20
20673,Visomox,allopathic,62,1089,0.50%,73
20674,Visomox,allopathic,92,1090,400 mg,73
20675,Visomox D,allopathic,62,1091,0.5%+0.1%,73
20676,Visonium,allopathic,26,1580,5 mg/2 ml,66
20677,Visonium,allopathic,92,1580,50 mg,66
20678,Visovit,allopathic,20,,,73
20679,Vispazin,allopathic,26,1580,5 mg/2 ml,89
20680,Vispazin,allopathic,91,1580,10 mg/5 ml,89
20681,Vispazin,allopathic,92,1580,50 mg,89
20682,Visral,allopathic,26,1580,5 mg/2 ml,165
20683,Visral,allopathic,89,1580,20 mg,165
20684,Visral,allopathic,91,1580,10 mg/5 ml,165
20685,Visral,allopathic,92,1580,50 mg,165
20686,Vista,allopathic,62,1188,0.30%,25
20687,Vistarin,allopathic,80,561,2000 Anti-Xa IU/0.2 ml,2
20688,Vistarin,allopathic,80,561,4000 Anti-Xa IU/0.4 ml,2
20689,Vistarin,allopathic,80,561,6000 Anti-Xa IU/0.6 ml,2
20690,Vistarin,allopathic,80,561,8000 Anti-Xa IU/0.8 ml,2
20691,Visudyne,allopathic,30,1657,2 mg/ml,156
20692,Vita AZ Gold,allopathic,92,1100,,75
20693,Vita AZ Silver,allopathic,92,1103,,75
20694,Vita Seas,allopathic,91,1097,,135
20695,Vita-1,allopathic,92,1572,100 mg,173
20696,Vitabion,allopathic,24,,(100 mg+100 mg+1 mg)/3 ml,106
20697,Vitabion,allopathic,92,,100 mg+200 mg+200 mcg,106
20698,Vita-C,allopathic,9,1676,250 mg,46
20699,Vitacare,allopathic,91,1669,,134
20700,Vitace,allopathic,92,178,6 mg+200 mg+50 mg,25
20701,Vitachild,allopathic,91,1098,,185
20702,Vitacon,allopathic,91,1669,,135
20703,Vita-D,allopathic,2,410,40000 IU,75
20704,Vita-D,allopathic,92,410,2000 IU,75
20705,Vita-D3,allopathic,2,410,20000 IU,196
20706,Vita-D3,allopathic,2,410,40000 IU,196
20707,Vita-D3,allopathic,24,410,200000 IU/ml,196
20708,Vita-E,herbal,9,1681,200 mg,67
20709,Vitaflower-Z,allopathic,91,1671,,167
20710,Vitafol,allopathic,62,1490,,185
20711,Vitaforce,allopathic,92,178,6 mg+200 mg+50 mg,37
20712,Vitaforce-S,allopathic,92,1524,,37
20713,Vita-Gold,allopathic,92,1100,,67
20714,Vitagrow,allopathic,91,1097,,106
20715,Vita-Heart,allopathic,92,,25 mg+2.5 mg+1 mg,158
20716,Vital E+C,allopathic,92,1678,250 mg+200 mg,229
20717,Vital Protein,herbal,2,1504,500 mg,229
20718,Vitalasta,allopathic,2,121,2 mg,229
20719,Vitalasta,allopathic,2,121,4 mg,229
20720,Vital-C,allopathic,9,1676,250 mg,229
20721,Vital-D,allopathic,2,410,1000 IU,229
20722,Vital-D,allopathic,2,410,20000 IU,229
20723,Vital-D,allopathic,2,410,2000 IU,229
20724,Vital-D,allopathic,2,410,40000 IU,229
20725,Vital-D,allopathic,2,410,800 IU,229
20726,Vital-D,allopathic,69,410,10000 IU/ml,229
20727,Vital-D,allopathic,72,410,200 IU/ml,229
20728,Vitalens,allopathic,62,1490,,84
20729,Vitalex,allopathic,91,1669,,221
20730,Vitalex Gold,allopathic,92,1100,,221
20731,Vitalex-M,allopathic,92,1098,,221
20732,Vitalgin,allopathic,91,1104,,105
20733,Vita-M,allopathic,72,1112,,165
20734,Vitamin B12,allopathic,24,425,1 mg/ml,197
20735,Vitaminz,allopathic,92,1100,,113
20736,Vitamom,allopathic,2,856,,143
20737,Vitan,allopathic,92,1103,,17
20738,Vitan Gold,allopathic,92,1100,,17
20739,Vita-One,allopathic,92,1572,100 mg,239
20740,Vitaplex,allopathic,91,1669,,179
20741,Vitaplex,allopathic,92,1669,,179
20742,Vitaplex-Z,allopathic,91,1671,,179
20743,Vitaplus,allopathic,92,1098,,179
20744,Vitaplus,allopathic,92,1110,,179
20745,Vitared,allopathic,20,,,150
20746,Vitasil B,allopathic,91,1669,,212
20747,Vitasil B,allopathic,92,1669,,212
20748,Vitasil M,allopathic,92,1098,,212
20749,Vita-Silver,allopathic,92,1103,,67
20750,Vitatab,allopathic,92,1669,,42
20751,Vita-Z,allopathic,91,1671,,48
20752,Vitazin,allopathic,91,1671,,25
20753,Vitcod,allopathic,91,1097,,9
20754,Vitex,allopathic,2,1669,,16
20755,Vitex,allopathic,26,1669,,16
20756,Vitex,allopathic,91,1669,,16
20757,Vitex Gold,allopathic,92,1100,,16
20758,Vitex-M,allopathic,92,1098,,16
20759,Vitilen,allopathic,2,1044,10 mg,240
20760,Vitilen,allopathic,45,1044,1%,240
20761,Vitilimus,allopathic,58,1531,0.03%,229
20762,Vitilimus,allopathic,58,1531,0.10%,229
20763,VITIX,allopathic,92,,,3
20764,Vitocal D,allopathic,18,257,600 mg+400 IU,73
20765,Viton,allopathic,91,1669,,211
20766,Viton,allopathic,92,1669,,211
20767,Viton-EC,allopathic,92,1678,250 mg+200 mg,211
20768,Vitonic,allopathic,91,861,,35
20769,Viton-M,allopathic,92,1098,,211
20770,Viton-Z,allopathic,91,1671,,211
20771,Viton-Z,allopathic,92,1671,,211
20772,Vitora,allopathic,91,1104,,157
20773,Vitora Gold,allopathic,92,1100,,157
20774,Vitora Mom,allopathic,92,1107,,157
20775,Vitoxi-3,allopathic,92,178,6 mg+200 mg+50 mg,63
20776,Vitrocin,allopathic,2,533,100 mg,153
20777,Vitrum Gold,allopathic,92,1100,,73
20778,Vitrum Silver,allopathic,92,1103,,73
20779,Vitsa,allopathic,2,1669,,133
20780,Vivanta,allopathic,92,1415,24 mg+26 mg,35
20781,Vivanta,allopathic,92,1415,49 mg+51 mg,35
20782,Vivanta,allopathic,92,1415,97 mg+103 mg,35
20783,Vivicit,allopathic,92,370,500 mg,106
20784,Vivis,allopathic,20,,,35
20785,Vivori,allopathic,92,1684,200 mg,35
20786,Vivori,allopathic,92,1684,50 mg,35
20787,Vizicon,allopathic,2,856,,165
20788,Vizicon Gold,allopathic,2,859,,165
20789,Vizinc,allopathic,91,1671,,185
20790,VM Gold,allopathic,92,1100,,167
20791,VN,allopathic,92,,100 mg+200 mg+200 mcg,194
20792,V-Nerve,allopathic,24,,(100 mg+100 mg+1 mg)/3 ml,143
20793,V-Nerve,allopathic,92,,100 mg+200 mg+200 mcg,143
20794,V-Nil,allopathic,92,1014,25 mg+50 mg,9
20795,Vocet,allopathic,92,939,5 mg,20
20796,Volcan,allopathic,92,494,50 mg,37
20797,Volcan SR,allopathic,100,494,100 mg,37
20798,Volfenac,allopathic,92,9,100 mg,204
20799,Volibo,allopathic,92,1683,200 mcg,219
20800,Volibo,allopathic,92,1683,300 mcg,219
20801,Volifen,allopathic,104,494,1% v/v,165
20802,Voligel,allopathic,22,494,1% w/w,35
20803,VOLINAC,allopathic,22,497,1% w/w,217
20804,Volmax SR,allopathic,100,494,100 mg,73
20805,Volog,allopathic,11,753,0.10%,41
20806,Volpro 50,allopathic,92,494,50 mg,148
20807,Volta Gold,allopathic,92,1100,,18
20808,Voltafen,allopathic,22,494,1% w/w,210
20809,Voltagel,allopathic,22,494,1% w/w,73
20810,Voltalin,allopathic,89,494,12.5 mg,156
20811,Voltalin,allopathic,89,494,25 mg,156
20812,Voltalin,allopathic,89,494,50 mg,156
20813,Voltalin,allopathic,92,494,25 mg,156
20814,Voltalin D,allopathic,14,494,50 mg,156
20815,Voltalin Forte,allopathic,92,494,50 mg,156
20816,Voltalin SR,allopathic,100,494,100 mg,156
20817,Voltalin SR,allopathic,100,494,75 mg,156
20818,Voltaren,allopathic,24,494,75 mg/3 ml,156
20819,Voltarol,allopathic,24,494,75 mg/3 ml,225
20820,Voltid,allopathic,22,494,1% w/w,180
20821,Voltid,allopathic,92,494,50 mg,180
20822,Voltid SR,allopathic,7,494,100 mg,180
20823,Volton TR,allopathic,8,494,100 mg,226
20824,Volulyte,allopathic,37,796,6%+0.9%,81
20825,Vomend,allopathic,2,106,40 mg,138
20826,Vomidyl,allopathic,92,1201,8 mg,114
20827,Vomino,allopathic,70,524,5 mg/5 ml,143
20828,Vomino,allopathic,92,524,10 mg,143
20829,Vomiren,allopathic,2,1233,0.5 mg,196
20830,Vomiren,allopathic,38,1233,0.075 mg/1.5 ml,196
20831,Vomiren,allopathic,38,1233,0.25 mg/5 ml,196
20832,Vomiren,allopathic,92,1233,0.5 mg,196
20833,Vomiset,allopathic,92,1201,8 mg,114
20834,VomitOF,allopathic,69,1201,4 mg/5 ml,48
20835,Vomitop,allopathic,70,524,5 mg/5 ml,150
20836,Vomitop,allopathic,72,524,5 mg/ml,150
20837,Vomitop,allopathic,92,524,10 mg,150
20838,Vomix DR,allopathic,94,1352,10 mg+10 mg,35
20839,Vonazol,allopathic,92,1684,200 mg,73
20840,Vonazol,allopathic,92,1684,50 mg,73
20841,Vori,allopathic,92,1684,200 mg,217
20842,Vori,allopathic,92,1684,50 mg,217
20843,Voricon,allopathic,75,1684,200 mg/5 ml,84
20844,Voricon,allopathic,92,1684,200 mg,84
20845,Voricon,allopathic,92,1684,50 mg,84
20846,Voriderm,allopathic,75,1684,200 mg/5 ml,106
20847,Voriderm,allopathic,92,1684,200 mg,106
20848,Voriderm,allopathic,92,1684,50 mg,106
20849,Vorifast,allopathic,38,1684,200 mg/vial,101
20850,Vorifast,allopathic,75,1684,200 mg/5 ml,101
20851,Vorifast,allopathic,92,1684,200 mg,101
20852,Vorifast,allopathic,92,1684,50 mg,101
20853,Vorifend,allopathic,75,1684,200 mg/5 ml,229
20854,Vorifend,allopathic,92,1684,200 mg,229
20855,Vorinox,allopathic,75,1684,200 mg/5 ml,165
20856,Vorinox,allopathic,92,1684,200 mg,165
20857,Vorinox,allopathic,92,1684,50 mg,165
20858,Voritec,allopathic,92,1684,200 mg,240
20859,Voritec,allopathic,92,1684,50 mg,240
20860,Vorizol,allopathic,75,1684,200 mg/5 ml,66
20861,Vorizol,allopathic,92,1684,200 mg,66
20862,Vorizol,allopathic,92,1684,50 mg,66
20863,Votrient,allopathic,92,1246,200 mg,88
20864,Votrient,allopathic,92,1246,200 mg,156
20865,V-Plex,allopathic,2,1669,,4
20866,V-Plex,allopathic,26,1669,,4
20867,V-Plex,allopathic,72,1112,,4
20868,V-Plex,allopathic,91,1669,,4
20869,V-Plex,allopathic,92,1669,,4
20870,V-Plex Plus,allopathic,92,1098,,4
20871,Vroot,allopathic,92,178,6 mg+200 mg+50 mg,119
20872,VT-3,allopathic,92,,100 mg+200 mg+200 mcg,61
20873,Vurdon SR,allopathic,7,494,100 mg,155
20874,Wandara,allopathic,26,577,1 gm/vial,106
20875,Warin,allopathic,92,1685,2 mg,106
20876,Warin,allopathic,92,1685,5 mg,106
20877,Washout,allopathic,23,339,0.5%+70%,120
20878,Washout Ezy,allopathic,23,868,75%+0.125%+1.45%,120
20879,Washout Gel,allopathic,23,597,66%+3.5%,120
20880,Water for Inj.,allopathic,41,1686,5 ml/ampoule,67
20881,Water for injection,allopathic,41,1686,10 ml/ampoule,25
20882,Water for injection,allopathic,41,1686,10 ml/ampoule,113
20883,Water for injection,allopathic,41,1686,10 ml/ampoule,164
20884,Water for injection,allopathic,41,1686,5 ml/ampoule,25
20885,Water for injection,allopathic,41,1686,5 ml/ampoule,113
20886,Waxsol,allopathic,15,522,0.50%,229
20887,Wedica,allopathic,92,1610,100 mg,31
20888,Wedica,allopathic,92,1610,50 mg,31
20889,Welgut,allopathic,2,1321,20 billion,106
20890,Wellkid,allopathic,91,1097,,76
20891,Wellmet,allopathic,92,1039,500 mg,163
20892,Wellmet,allopathic,92,1039,850 mg,163
20893,Welon,allopathic,85,338,0.5%+3%,73
20894,Whitfield,allopathic,58,170,6%+3%,26
20895,Whitfield,allopathic,58,170,6%+3%,140
20896,Whitfield,allopathic,58,170,6%+3%,207
20897,Whitfield,allopathic,58,170,6%+3%,230
20898,Widebac,allopathic,37,1581,50 mg/vial,106
20899,Wigan,allopathic,62,219,0.2%+0.5%,101
20900,Winbac,allopathic,92,364,500 mg,191
20901,Wincef,allopathic,2,321,500 mg,226
20902,Wincef,allopathic,75,321,125 mg/5 ml,226
20903,Windel,allopathic,28,1419,200 mcg,106
20904,Windel,allopathic,30,1419,0.5 mg/ml,106
20905,Windel,allopathic,30,1419,5 mg/5 ml,106
20906,Windel,allopathic,55,1419,2.5 mg/3 ml,106
20907,Windel,allopathic,78,1419,5 mg/ml,106
20908,Windel,allopathic,91,1419,2 mg/5 ml,106
20909,Windel,allopathic,92,1419,2 mg,106
20910,Windel,allopathic,92,1419,4 mg,106
20911,Windel DS,allopathic,55,1419,5 mg/2.5 ml,106
20912,Windel Plus,allopathic,55,1422,(2.5 mg+500 mcg)/3 ml,106
20913,Windo,allopathic,92,531,200 mg,163
20914,Windo,allopathic,92,531,400 mg,163
20915,Winfax,allopathic,75,316,125 mg/5 ml,226
20916,Winfax,allopathic,92,316,250 mg,226
20917,Winfax,allopathic,92,316,500 mg,226
20918,WinkOF,allopathic,91,66,15 mg/5 ml,48
20919,Winkol,allopathic,91,345,2 mg/5 ml,89
20920,Winner,allopathic,24,315,1 gm/vial,37
20921,Winner,allopathic,24,315,500 mg/vial,37
20922,Winner,allopathic,38,315,1 gm/vial,37
20923,Winner,allopathic,38,315,2 gm/vial,37
20924,Winner,allopathic,38,315,500 mg/vial,37
20925,Winnipime,allopathic,26,303,1 gm/vial,222
20926,Winnipime,allopathic,26,303,500 mg/vial,222
20927,Winnipime,allopathic,38,303,2 gm/vial,222
20928,Winop,allopathic,26,896,30 mg/ml,4
20929,Winop,allopathic,26,896,60 mg/2 ml,4
20930,Winop,allopathic,92,896,10 mg,4
20931,Winpain,allopathic,2,1604,50 mg,106
20932,Winpain,allopathic,26,1604,100 mg/2 ml,106
20933,Winsol,allopathic,23,339,0.5%+70%,113
20934,Winspa,allopathic,91,499,10 mg/5 ml,20
20935,Winspa,allopathic,92,499,10 mg,20
20936,Wintack,allopathic,92,1368,150 mg,226
20937,Womenton,herbal,91,447,,4
20938,Wonica,allopathic,11,546,13.90%,106
20939,Wormex,allopathic,9,34,400 mg,223
20940,Wormex,allopathic,70,34,200 mg/5 ml,223
20941,Wormex,allopathic,70,1348,50 mg/ml,98
20942,X Dol,allopathic,92,614,120 mg,53
20943,X Dol,allopathic,92,614,60 mg,53
20944,X Dol,allopathic,92,614,90 mg,53
20945,Xa Fast,allopathic,92,9,100 mg,63
20946,Xablin,allopathic,2,1314,50 mg,206
20947,Xablin,allopathic,2,1314,75 mg,206
20948,Xalacom,allopathic,62,924,0.005%+0.5%,175
20949,Xalanol,allopathic,62,924,0.005%+0.5%,35
20950,Xalaprost,allopathic,62,923,0.01%,35
20951,Xalatan,allopathic,62,923,0.01%,175
20952,Xalcort,allopathic,70,456,6 mg/5 ml,31
20953,Xalcort,allopathic,92,456,24 mg,31
20954,Xalcort,allopathic,92,456,30 mg,31
20955,Xalcort,allopathic,92,456,6 mg,31
20956,Xaloplat,allopathic,37,1212,5 mg/ml,31
20957,Xamic,allopathic,2,1605,500 mg,196
20958,Xamic,allopathic,26,1605,500 mg/5 ml,196
20959,Xanax,allopathic,92,53,0.25 mg,150
20960,Xanax,allopathic,92,53,0.5 mg,150
20961,Xanbac,allopathic,92,147,10 mg,145
20962,Xanide,allopathic,75,1165,100 mg/5 ml,89
20963,Xanide,allopathic,92,1165,500 mg,89
20964,Xanita,allopathic,75,1165,100 mg/5 ml,196
20965,Xanita,allopathic,92,1165,500 mg,196
20966,Xanra,allopathic,4,477,30 mg,164
20967,Xanra,allopathic,4,477,60 mg,164
20968,Xantid,allopathic,26,1368,50 mg/2 ml,2
20969,Xantid,allopathic,92,1368,150 mg,2
20970,Xanuric,allopathic,92,623,120 mg,229
20971,Xanuric,allopathic,92,623,40 mg,229
20972,Xanuric,allopathic,92,623,80 mg,229
20973,Xardin,allopathic,92,1368,150 mg,210
20974,Xarelta,allopathic,92,1398,10 mg,165
20975,Xarelta,allopathic,92,1398,15 mg,165
20976,Xarelta,allopathic,92,1398,20 mg,165
20977,Xarelta,allopathic,92,1398,2.5 mg,165
20978,Xbac,allopathic,37,364,200 mg/100 ml,31
20979,Xbac,allopathic,75,364,250 mg/5 ml,31
20980,Xbac,allopathic,92,364,500 mg,31
20981,Xbac,allopathic,92,364,750 mg,31
20982,Xcel,allopathic,70,1238,120 mg/5 ml,2
20983,Xcel,allopathic,72,1238,80 mg/ml,2
20984,Xcel,allopathic,89,1238,125 mg,2
20985,Xcel,allopathic,89,1238,250 mg,2
20986,Xcel,allopathic,89,1238,500 mg,2
20987,Xcel,allopathic,91,1238,120 mg/5 ml,2
20988,Xcel,allopathic,92,1238,500 mg,2
20989,Xcel ER,allopathic,96,1238,665 mg,2
20990,Xcel Max,allopathic,92,,325 mg+37.5 mg,2
20991,Xcel Plus,allopathic,92,1240,500 mg+65 mg,2
20992,Xcid,allopathic,92,253,1000 mg,217
20993,X-Cite,allopathic,92,1455,100 mg,9
20994,X-Cite,allopathic,92,1455,50 mg,9
20995,Xclor,allopathic,75,298,125 mg/5 ml,171
20996,X-Cold,allopathic,72,66,6 mg/ml,4
20997,X-Cold,allopathic,91,66,15 mg/5 ml,4
20998,Xderm,allopathic,11,382,0.05%,37
20999,Xderm,allopathic,58,382,0.05%,37
21000,Xderm N,allopathic,11,383,(0.5 mg+5 mg+1 Lac IU)/gm,37
21001,Xderm N,allopathic,58,383,(0.5 mg+5 mg+1 Lac IU)/gm,37
21002,Xderm S,allopathic,58,385,0.05%+3%,37
21003,X-Din,allopathic,70,642,30 mg/5 ml,34
21004,X-Din,allopathic,92,642,120 mg,34
21005,X-Din,allopathic,92,642,180 mg,34
21006,Xefer,allopathic,39,630,100 mg/2 ml,240
21007,Xefer,allopathic,39,630,1 gm/20 ml,240
21008,Xefer,allopathic,39,630,500 mg/10 ml,240
21009,Xelcard,allopathic,92,81,10 mg,101
21010,Xelcard,allopathic,92,81,5 mg,101
21011,Xelcom,allopathic,26,1580,5 mg/2 ml,191
21012,Xelcom,allopathic,92,1580,50 mg,191
21013,Xelcoral-D,allopathic,92,255,500 mg+200 IU,163
21014,Xelcoral-DX,allopathic,92,255,600 mg+400 IU,163
21015,Xeldrin,allopathic,4,1199,10 mg,2
21016,Xeldrin,allopathic,4,1199,20 mg,2
21017,Xeldrin,allopathic,4,1199,40 mg,2
21018,Xeldrin,allopathic,38,1199,40 mg/vial,2
21019,Xelevo,allopathic,92,945,500 mg,180
21020,Xelitor,allopathic,92,128,10 mg,158
21021,Xelitor,allopathic,92,128,20 mg,158
21022,Xelix SR,allopathic,100,825,1.5 mg,25
21023,Xelmet,allopathic,92,1039,500 mg,31
21024,Xelmet,allopathic,92,1039,850 mg,31
21025,Xelnib,allopathic,92,1593,5 mg,165
21026,Xelnib XR,allopathic,96,1593,11 mg,165
21027,Xelobine,allopathic,92,277,500 mg,101
21028,Xelocin,allopathic,92,277,500 mg,35
21029,Xeloda,allopathic,92,277,500 mg,200
21030,Xelopes,allopathic,4,1199,20 mg,31
21031,Xelopes,allopathic,4,1199,40 mg,31
21032,Xelopes,allopathic,38,1199,40 mg/vial,31
21033,Xelosil,allopathic,70,1465,(500 mg+213 mg+325 mg)/10 ml,76
21034,Xelotan,allopathic,92,982,50 mg,180
21035,Xelotan Plus,allopathic,92,983,50 mg+12.5 mg,180
21036,Xelpac,allopathic,37,1228,6 mg/ml,31
21037,Xelpid,allopathic,92,128,10 mg,101
21038,Xelpid,allopathic,92,128,20 mg,101
21039,Xelpid,allopathic,92,128,40 mg,101
21040,Xelpro,allopathic,4,586,20 mg,180
21041,Xelpro,allopathic,4,586,40 mg,180
21042,Xelpro,allopathic,38,586,40 mg/vial,180
21043,Xelpro,allopathic,95,586,20 mg,180
21044,Xelpro,allopathic,95,586,40 mg,180
21045,Xelpro MUPS,allopathic,49,587,20 mg,180
21046,Xemi,allopathic,92,712,320 mg,171
21047,Xemimax,allopathic,26,303,1 gm/vial,180
21048,Xemimax,allopathic,26,303,500 mg/vial,180
21049,Xemocid,allopathic,37,71,5%,31
21050,Xemocid Gold,allopathic,37,72,7%+10%,31
21051,Xenapro,allopathic,92,1133,500 mg,196
21052,Xenapro Plus,allopathic,94,1134,375 mg+20 mg,196
21053,Xenapro Plus,allopathic,94,1134,500 mg+20 mg,196
21054,Xenim,allopathic,26,303,1 gm/vial,165
21055,Xenim,allopathic,26,303,500 mg/vial,165
21056,Xenobese,allopathic,2,1207,120 mg,191
21057,Xenocort,allopathic,11,382,0.05%,171
21058,Xenocort,allopathic,58,382,0.05%,171
21059,Xenoderm,allopathic,11,383,(0.5 mg+5 mg+1 Lac IU)/gm,229
21060,Xenoderm,allopathic,58,383,(0.5 mg+5 mg+1 Lac IU)/gm,229
21061,Xenofer,allopathic,39,862,100 mg/5 ml,31
21062,Xenofer,allopathic,39,862,50 mg/2.5 ml,31
21063,Xenogrow,allopathic,83,1071,2%,106
21064,Xenogrow,allopathic,83,1071,5%,106
21065,Xenolac,allopathic,92,896,10 mg,133
21066,Xenole,allopathic,94,1134,375 mg+20 mg,217
21067,Xenole,allopathic,94,1134,500 mg+20 mg,217
21068,Xenolev,allopathic,92,945,500 mg,235
21069,Xenosal,allopathic,58,385,0.05%+3%,229
21070,Xenosol,allopathic,37,1467,0.90%,31
21071,Xenovate,allopathic,11,382,0.05%,229
21072,Xenovate,allopathic,58,382,0.05%,229
21073,Xenovate,allopathic,83,381,0.05%,229
21074,Xenthol,allopathic,11,1046,30%+8%,73
21075,Xentoin,allopathic,92,1271,100 mg,31
21076,Xepadon,allopathic,70,524,5 mg/5 ml,17
21077,Xepadon,allopathic,72,524,5 mg/ml,17
21078,Xepadon,allopathic,92,524,10 mg,17
21079,Xepodox,allopathic,72,309,20 mg/ml,192
21080,Xepodox,allopathic,75,309,40 mg/5 ml,192
21081,Xeridon,allopathic,70,524,5 mg/5 ml,114
21082,Xeridon,allopathic,92,524,10 mg,114
21083,Xerifen,allopathic,92,9,100 mg,174
21084,Xeriflam,allopathic,92,9,100 mg,120
21085,Xerocid,allopathic,9,1464,500 mg+100 mg,157
21086,Xerocid,allopathic,70,1464,(500 mg+100 mg)/5 ml,157
21087,Xerokof,allopathic,91,66,15 mg/5 ml,180
21088,Xerosec,allopathic,4,1199,20 mg,222
21089,Xerosec,allopathic,4,1199,40 mg,222
21090,XeroSoft,allopathic,58,1688,50%+50%,229
21091,Xerova,allopathic,92,128,10 mg,31
21092,Xerova,allopathic,92,128,20 mg,31
21093,Xerox,allopathic,92,364,500 mg,164
21094,Xetril,allopathic,92,389,0.5 mg,35
21095,Xetril,allopathic,92,389,2 mg,35
21096,Xevirol,allopathic,92,618,5 mg,31
21097,Xevlin,allopathic,75,142,200 mg/5 ml,76
21098,Xevlin,allopathic,92,142,500 mg,76
21099,Xfin,allopathic,11,1557,1%,217
21100,Xfin,allopathic,92,1557,250 mg,217
21101,Xflam,allopathic,92,475,400 mg,217
21102,Xiamin,allopathic,92,729,750 mg+50 mg,122
21103,Xibast,allopathic,92,541,10 mg,26
21104,Xibrofen,allopathic,62,226,0.09%,106
21105,Xiclav,allopathic,75,317,(125 mg+31.25 mg)/5 ml,240
21106,Xiclav,allopathic,92,317,250 mg+62.5 mg,240
21107,Xiclav,allopathic,92,317,500 mg+125 mg,240
21108,Xicotil,allopathic,92,1555,20 mg,25
21109,Xido,allopathic,92,721,80 mg,62
21110,Xidolac,allopathic,26,896,10 mg/ml,35
21111,Xidolac,allopathic,26,896,30 mg/ml,35
21112,Xidolac,allopathic,92,896,10 mg,35
21113,Xidolac Meltab,allopathic,14,896,10 mg,35
21114,Xifamin,allopathic,92,1388,200 mg,155
21115,Xifim,allopathic,2,304,200 mg,42
21116,Xifim,allopathic,75,304,100 mg/5 ml,42
21117,Xifos,allopathic,37,813,1 gm/vial,31
21118,Xifos,allopathic,37,813,2 gm/vial,31
21119,Xil,allopathic,2,1314,25 mg,171
21120,Xil,allopathic,2,1314,50 mg,171
21121,Xil,allopathic,2,1314,75 mg,171
21122,Ximeclav,allopathic,75,317,(125 mg+31.25 mg)/5 ml,89
21123,Ximeclav,allopathic,92,317,125 mg+31.25 mg,89
21124,Ximeclav,allopathic,92,317,250 mg+62.5 mg,89
21125,Ximeclav,allopathic,92,317,500 mg+125 mg,89
21126,Ximepime,allopathic,26,303,1 gm/vial,89
21127,Ximepime,allopathic,26,303,500 mg/vial,89
21128,Ximepime,allopathic,38,303,2 gm/vial,89
21129,Ximeprox,allopathic,72,309,20 mg/ml,106
21130,Ximeprox,allopathic,75,309,40 mg/5 ml,106
21131,Ximeprox,allopathic,92,309,100 mg,106
21132,Ximeprox,allopathic,92,309,200 mg,106
21133,Ximeprox DS,allopathic,75,309,80 mg/5 ml,106
21134,Ximetil,allopathic,26,316,750 mg/vial,89
21135,Ximetil,allopathic,38,316,1.5 gm/vial,89
21136,Ximetil,allopathic,75,316,125 mg/5 ml,89
21137,Ximetil,allopathic,92,316,250 mg,89
21138,Ximetil,allopathic,92,316,500 mg,89
21139,Ximocef,allopathic,2,309,200 mg,120
21140,Ximocef,allopathic,72,309,20 mg/ml,120
21141,Ximocef,allopathic,75,309,40 mg/5 ml,120
21142,Ximoclav,allopathic,92,317,250 mg+62.5 mg,120
21143,Ximoclav,allopathic,92,317,500 mg+125 mg,120
21144,Ximorox,allopathic,75,316,125 mg/5 ml,120
21145,Ximorox,allopathic,92,316,250 mg,120
21146,Ximorox,allopathic,92,316,500 mg,120
21147,Xinarox,allopathic,26,316,750 mg/vial,155
21148,Xinarox,allopathic,38,316,1.5 gm/vial,155
21149,Xinarox,allopathic,92,316,250 mg,155
21150,Xinarox,allopathic,92,316,500 mg,155
21151,Xinarox CV,allopathic,92,317,250 mg+62.5 mg,155
21152,Xinarox CV,allopathic,92,317,500 mg+125 mg,155
21153,Xinc,allopathic,91,1703,10 mg/5 ml,73
21154,Xinc,allopathic,92,1703,20 mg,73
21155,Xinc B,allopathic,91,1671,,73
21156,Xinc B,allopathic,92,1671,,73
21157,Xinc DS,allopathic,91,1703,20 mg/5 ml,73
21158,Xinc DT,allopathic,14,1703,20 mg,9
21159,Xinc OT,allopathic,92,1696,60 mg,73
21160,Xindal,allopathic,2,374,150 mg,171
21161,Xindal,allopathic,2,374,300 mg,171
21162,Xinolax DR,allopathic,4,538,20 mg,165
21163,Xinolax DR,allopathic,4,538,30 mg,165
21164,Xinolax DR,allopathic,4,538,60 mg,165
21165,Xinoplex,allopathic,91,1671,,212
21166,Xinoplex I,allopathic,91,861,,212
21167,Xioclin,allopathic,2,374,300 mg,67
21168,Xioclon,allopathic,92,389,0.5 mg,215
21169,Xioclon,allopathic,92,389,1 mg,215
21170,Xioclon,allopathic,92,389,2 mg,215
21171,Xiomox,allopathic,92,1090,400 mg,196
21172,Xionil,allopathic,92,224,3 mg,206
21173,Xiopam,allopathic,92,224,3 mg,75
21174,Xiotic,allopathic,92,53,0.5 mg,89
21175,Xirocip,allopathic,37,364,200 mg/100 ml,158
21176,Xirocip,allopathic,75,364,250 mg/5 ml,158
21177,Xirocip,allopathic,92,364,500 mg,158
21178,Xirocip XR,allopathic,96,364,1000 mg,158
21179,Xirofen,allopathic,62,226,0.09%,20
21180,Xiroket,allopathic,26,896,30 mg/ml,14
21181,Xiroket,allopathic,92,896,10 mg,14
21182,Xirom,allopathic,62,226,0.07%,25
21183,Xirom,allopathic,62,226,0.09%,25
21184,Xisol,allopathic,23,339,0.5%+70%,25
21185,Xisrol,allopathic,92,208,5 mg,20
21186,Xitabin,allopathic,92,277,150 mg,31
21187,Xitabin,allopathic,92,277,500 mg,31
21188,Xitil,allopathic,75,316,125 mg/5 ml,240
21189,Xitil,allopathic,92,316,250 mg,240
21190,Xitil,allopathic,92,316,500 mg,240
21191,Xitob,allopathic,62,1590,0.30%,37
21192,Xiva,allopathic,91,531,100 mg/5 ml,20
21193,Xiva,allopathic,92,531,400 mg,20
21194,X-Jelly,allopathic,101,795,(1 gm + 1.3 gm)/50 gm,73
21195,Xmec,allopathic,92,1014,25 mg+50 mg,31
21196,Xofast,allopathic,92,642,120 mg,5
21197,Xofast,allopathic,92,642,60 mg,5
21198,Xofedin,allopathic,92,642,120 mg,18
21199,Xofedin,allopathic,92,642,180 mg,18
21200,Xofena,allopathic,70,642,30 mg/5 ml,26
21201,Xofena,allopathic,92,642,120 mg,26
21202,Xofena,allopathic,92,642,180 mg,26
21203,Xoferon,allopathic,39,862,100 mg/5 ml,158
21204,Xofyl,allopathic,92,531,200 mg,105
21205,Xofyl,allopathic,92,531,400 mg,105
21206,Xolair,allopathic,80,1197,150 mg/vial,156
21207,Xolam XR,allopathic,96,53,0.5 mg,25
21208,Xolam XR,allopathic,96,53,1 mg,25
21209,Xolamid,allopathic,63,220,1%,165
21210,Xolamid B,allopathic,63,221,1%+0.2%,165
21211,Xolamid T,allopathic,63,222,1%+0.5%,165
21212,Xoleron,allopathic,37,1705,4 mg/5 ml,31
21213,Xolitra,allopathic,92,669,0.5 mg+10 mg,31
21214,Xonad,allopathic,70,642,30 mg/5 ml,197
21215,Xonad,allopathic,92,642,120 mg,197
21216,Xonad,allopathic,92,642,180 mg,197
21217,Xone-3,allopathic,24,315,500 mg/vial,62
21218,Xone-3,allopathic,38,315,1 gm/vial,62
21219,Xone-3,allopathic,38,315,2 gm/vial,62
21220,Xone-3,allopathic,38,315,500 mg/vial,62
21221,Xonimide,allopathic,2,1709,50 mg,31
21222,Xonimide,allopathic,14,1709,50 mg,31
21223,Xorel,allopathic,4,1358,20 mg,105
21224,Xorel,allopathic,95,1358,10 mg,105
21225,Xorel,allopathic,95,1358,20 mg,105
21226,Xorest,allopathic,92,389,0.5 mg,76
21227,Xorest,allopathic,92,389,1 mg,76
21228,Xoricard,allopathic,92,1193,20 mg,20
21229,Xorimax,allopathic,75,316,125 mg/5 ml,206
21230,Xorimax,allopathic,92,316,250 mg,206
21231,Xorimax,allopathic,92,316,500 mg,206
21232,Xorubin,allopathic,37,532,2 mg/ml,31
21233,Xovir,allopathic,37,18,250 mg/vial,31
21234,Xovir,allopathic,37,18,500 mg/vial,31
21235,Xovir,allopathic,70,20,200 mg/5 ml,31
21236,Xovir,allopathic,92,20,200 mg,31
21237,Xovir,allopathic,92,20,400 mg,31
21238,Xoviral,allopathic,60,703,0.15%,25
21239,Xpa,allopathic,70,1238,120 mg/5 ml,25
21240,Xpa,allopathic,72,1238,80 mg/ml,25
21241,Xpa,allopathic,89,1238,125 mg,25
21242,Xpa,allopathic,89,1238,250 mg,25
21243,Xpa,allopathic,89,1238,500 mg,25
21244,Xpa,allopathic,92,1238,500 mg,25
21245,Xpa XR,allopathic,96,1238,665 mg,25
21246,Xpa-C,allopathic,92,1240,500 mg+65 mg,25
21247,Xpain,allopathic,92,9,100 mg,82
21248,X-Pectoran,allopathic,91,227,4 mg/5 ml,192
21249,X-Pectoran,allopathic,92,227,8 mg,192
21250,Xperia Gold,allopathic,92,1100,,180
21251,Xpos,allopathic,94,1299,100 mg,217
21252,Xpotil,allopathic,75,309,40 mg/5 ml,54
21253,Xride,allopathic,92,443,30 mg,215
21254,Xride,allopathic,92,443,60 mg,215
21255,Xtabac,allopathic,92,310,100 mg+62.5 mg,165
21256,Xtabac,allopathic,92,310,200 mg+125 mg,165
21257,Xten,allopathic,92,1555,20 mg,217
21258,Xtil,allopathic,92,316,250 mg,145
21259,Xtracal OT,allopathic,92,268,400 mg,180
21260,Xtracal OT,allopathic,92,268,740 mg,180
21261,Xtracal-D,allopathic,92,257,500 mg+200 IU,180
21262,Xtracal-M,allopathic,92,258,,180
21263,Xtradex,allopathic,26,470,5 mg/ml,180
21264,Xtrafen,allopathic,92,9,100 mg,62
21265,Xtrafen SR,allopathic,100,9,200 mg,62
21266,Xtramox,allopathic,2,91,250 mg,33
21267,Xtramox,allopathic,2,91,500 mg,33
21268,Xtramox,allopathic,75,91,125 mg/5 ml,33
21269,Xtrapel,allopathic,2,1604,50 mg,31
21270,Xtrapel,allopathic,26,1604,100 mg/2 ml,31
21271,Xtrapel SR,allopathic,7,1604,100 mg,31
21272,Xtrapime,allopathic,26,303,1 gm/vial,26
21273,Xtrapime,allopathic,26,303,500 mg/vial,26
21274,Xtrapime,allopathic,38,303,2 gm/vial,26
21275,Xtrum Gold,allopathic,91,1100,,89
21276,Xtrum Gold,allopathic,92,1100,,89
21277,Xvit,allopathic,2,287,,31
21278,Xyclon,allopathic,92,389,0.5 mg,240
21279,Xyclon,allopathic,92,389,1 mg,240
21280,Xyclon,allopathic,92,389,2 mg,240
21281,Xyfen,allopathic,92,9,100 mg,221
21282,Xyflo,allopathic,9,1086,4 mg,191
21283,Xyflo,allopathic,9,1086,5 mg,191
21284,Xyflo,allopathic,92,1086,10 mg,191
21285,Xylistin,allopathic,26,411,4.5 MIU,4
21286,Xylo Plus,allopathic,54,1475,(2.6 mg+0.0325 mg)/spray,106
21287,Xylocef,allopathic,2,304,200 mg,129
21288,Xylocef,allopathic,75,304,100 mg/5 ml,129
21289,Xylocon,allopathic,52,1220,0.03%,217
21290,Xylocon,allopathic,52,1220,0.05%,217
21291,Xylocon,allopathic,54,1220,0.05%,217
21292,Xylogel,allopathic,22,958,2%,229
21293,Xyloken,allopathic,104,959,10 mg/spray,165
21294,Xylomet,allopathic,52,1690,0.10%,165
21295,Xylomet Plus,allopathic,54,1475,(2.6 mg+0.0325 mg)/spray,165
21296,Xylose,allopathic,69,911,3.35 gm/5 ml,62
21297,Xylovin,allopathic,52,1690,0.05%,164
21298,Xylovin,allopathic,52,1690,0.10%,164
21299,Xynocard SR,allopathic,100,1172,2.6 mg,226
21300,Xynofen SR,allopathic,7,894,100 mg,35
21301,Xynor,allopathic,92,1208,500 mg,35
21302,Xynovir,allopathic,92,1554,300 mg,106
21303,Xyotil,allopathic,92,1193,20 mg,106
21304,Xyotil,allopathic,92,1193,40 mg,106
21305,Xyotil Plus,allopathic,92,1194,20 mg+12.5 mg,106
21306,Xyril,allopathic,91,800,10 mg/5 ml,165
21307,Xyril,allopathic,92,800,10 mg,165
21308,Xyril,allopathic,92,800,25 mg,165
21309,Xytrex,allopathic,92,1191,10 mg,2
21310,Xytrex,allopathic,92,1191,5 mg,2
21311,Xzema,allopathic,11,694,2%+0.1%,171
21312,Yogra,allopathic,92,1455,100 mg,226
21313,Yogra,allopathic,92,1455,50 mg,226
21314,Yohim,herbal,92,1692,5.4 mg,190
21315,Yorex,herbal,92,1692,5.4 mg,105
21316,Z Fol,allopathic,8,641,150 mg+0.5 mg+61.8 mg,42
21317,Zactrol,allopathic,92,621,40 mg,174
21318,Zadifen,allopathic,91,899,1 mg/5 ml,229
21319,Zadifen,allopathic,92,899,1 mg,229
21320,Zadit,allopathic,62,898,0.03%,185
21321,Zadit,allopathic,91,899,1 mg/5 ml,185
21322,Zafir,allopathic,92,1693,20 mg,4
21323,Zaltrap,allopathic,37,32,100 mg/4 ml,86
21324,Zantac,allopathic,92,1368,150 mg,88
21325,Zanthin,allopathic,2,121,2 mg,217
21326,Zanthin,allopathic,2,121,4 mg,217
21327,Zapenia,allopathic,92,402,100 mg,106
21328,Zapenia,allopathic,92,402,25 mg,106
21329,Zapitor,allopathic,92,128,10 mg,20
21330,Zapitor,allopathic,92,128,20 mg,20
21331,Zara Extra,allopathic,92,1240,500 mg+65 mg,199
21332,Zatral,allopathic,96,41,10 mg,73
21333,Zavicefta,allopathic,37,312,(2 gm+0.5 gm)/vial,175
21334,Zbvit,allopathic,91,1671,,174
21335,Zdiplex ZI,allopathic,91,1674,(25 mcg+100 mg+1 mg)/5 ml,67
21336,Zeal,allopathic,91,1703,10 mg/5 ml,113
21337,Zecef,allopathic,2,321,500 mg,82
21338,Zecef,allopathic,72,321,125 mg/1.25 ml,82
21339,Zecef,allopathic,75,321,125 mg/5 ml,82
21340,Zedex,allopathic,92,1703,20 mg,35
21341,Zedex DS,allopathic,91,1703,10 mg/5 ml,35
21342,Zedex Max,allopathic,91,1703,20 mg/5 ml,35
21343,Zedoxim,allopathic,2,309,100 mg,89
21344,Zedoxim,allopathic,2,309,200 mg,89
21345,Zedoxim,allopathic,72,309,20 mg/ml,89
21346,Zedoxim,allopathic,75,309,40 mg/5 ml,89
21347,Zee-1,allopathic,91,1703,4.05 mg/5 ml,104
21348,Zee-2,allopathic,91,1703,10 mg/5 ml,104
21349,Zeefol AZ,allopathic,92,859,,73
21350,Zeefol M,allopathic,92,860,47 mg+0.5 mg+22.5 mg,73
21351,Zeefol TR,allopathic,8,641,150 mg+0.5 mg+61.8 mg,73
21352,Zeefol-CI,allopathic,8,286,50 mg+0.50 mg+61.80 mg,73
21353,Zeenee,allopathic,91,1703,10 mg/5 ml,48
21354,Zeenk,allopathic,91,1703,10 mg/5 ml,54
21355,Zeeplex,allopathic,91,1671,,54
21356,Zeffix,allopathic,92,912,100 mg,88
21357,Zelanex,allopathic,54,138,137 mcg/spray,165
21358,Zelanex,allopathic,62,137,0.05%,165
21359,Zeltas,allopathic,54,139,(137 mcg+50 mcg)/spray,165
21360,Zemalog,allopathic,11,753,0.10%,82
21361,Zemicef,allopathic,2,304,200 mg,185
21362,Zemicef,allopathic,2,304,400 mg,185
21363,Zemicef,allopathic,75,304,100 mg/5 ml,185
21364,Zemicef DS,allopathic,75,304,200 mg/5 ml,185
21365,Zemicef Max,allopathic,72,304,100 mg/ml,185
21366,Zemin,allopathic,91,1703,10 mg/5 ml,75
21367,Zemin,allopathic,92,1703,20 mg,75
21368,Zemin DS,allopathic,91,1703,20 mg/5 ml,75
21369,Zemycin,allopathic,75,142,200 mg/5 ml,82
21370,Zemycin,allopathic,92,142,500 mg,82
21371,Zenaf,allopathic,2,321,500 mg,54
21372,Zenaf,allopathic,72,321,125 mg/1.25 ml,54
21373,Zenaf,allopathic,75,321,125 mg/5 ml,54
21374,Zenbion,allopathic,92,,100 mg+200 mg+200 mcg,239
21375,Zencal-D,allopathic,92,257,500 mg+200 IU,36
21376,Zenicef,allopathic,2,304,200 mg,239
21377,Zenicef,allopathic,75,304,100 mg/5 ml,239
21378,Zenicin,allopathic,75,142,200 mg/5 ml,239
21379,Zenicin,allopathic,92,142,500 mg,239
21380,Zenidine,allopathic,92,1368,150 mg,239
21381,Zenifol,allopathic,92,637,200 mg+200 mcg,239
21382,Zenifol Plus,allopathic,92,637,200 mg+400 mcg,239
21383,Zenifor,allopathic,92,316,500 mg,239
21384,Zenifor DS,allopathic,75,316,250 mg/5 ml,239
21385,Zenil,allopathic,92,1368,150 mg,192
21386,Zenilac,allopathic,69,911,3.35 gm/5 ml,239
21387,Zenilon,allopathic,92,1311,5 mg,239
21388,Zenistin,allopathic,70,1183,100000 unit/ml,239
21389,Zenith Milk Of Magnesia,allopathic,70,998,400 mg/5 ml,239
21390,Zenocin,allopathic,11,1227,1% w/w,150
21391,Zenopan,allopathic,95,1237,20 mg,239
21392,Zenoquine,allopathic,91,342,80 mg/5 ml,239
21393,Zenoquine,allopathic,92,342,250 mg,239
21394,Zenosyn,allopathic,92,1133,500 mg,210
21395,Zenoxy,allopathic,2,1224,250 mg,239
21396,Zentolin,allopathic,91,1419,2 mg/5 ml,239
21397,Zentolin,allopathic,92,950,4 mg,239
21398,Zenxit,allopathic,92,669,0.5 mg+10 mg,239
21399,Zenzide,allopathic,92,721,80 mg,239
21400,Zeofit,allopathic,8,286,50 mg+0.50 mg+61.80 mg,122
21401,Zeosaline,allopathic,67,1205,13.95 gm,210
21402,Zep,allopathic,91,1703,20 mg/5 ml,9
21403,Zep Junior,allopathic,91,1703,10 mg/5 ml,9
21404,Zepac,allopathic,92,896,10 mg,206
21405,Zepam,allopathic,92,224,3 mg,2
21406,Zepiron,allopathic,92,860,47 mg+0.5 mg+22.5 mg,105
21407,Zepiron Plus,allopathic,2,859,,105
21408,Zeptol,allopathic,92,281,200 mg,219
21409,Zeptol CR,allopathic,93,281,200 mg,219
21410,Zeptol CR,allopathic,93,281,400 mg,219
21411,Zerin,allopathic,70,1238,120 mg/5 ml,113
21412,Zerin,allopathic,72,1238,80 mg/ml,113
21413,Zerin,allopathic,92,1238,500 mg,113
21414,Zerin-XP,allopathic,92,1240,500 mg+65 mg,113
21415,Zerlinda,allopathic,37,1705,4 mg/5 ml,40
21416,Zero,allopathic,67,1512,12 mg/sachet,4
21417,Zero,allopathic,92,1512,8 mg,4
21418,Zerobac,allopathic,75,580,125 mg/5 ml,48
21419,Zerocal,allopathic,67,1512,12 mg/sachet,217
21420,Zerocal,allopathic,92,1512,6.5 mg,217
21421,ZeroCof,herbal,91,764,,48
21422,Zerodol,allopathic,92,9,100 mg,150
21423,Zerofen,allopathic,95,894,100 mg,14
21424,Zerofen,allopathic,95,894,50 mg,14
21425,Zeroflux,allopathic,70,1465,(500 mg+267 mg+160 mg)/10 ml,84
21426,Zerolent,allopathic,92,147,10 mg,14
21427,Zeromig,allopathic,92,1289,0.5 mg,73
21428,Zeromig,allopathic,92,1289,1.5 mg,73
21429,Zeropain,allopathic,26,896,30 mg/ml,101
21430,Zeropain,allopathic,26,896,60 mg/2 ml,101
21431,Zeropain,allopathic,92,896,10 mg,101
21432,Zerotens,allopathic,92,224,3 mg,185
21433,Zerotil,allopathic,26,316,750 mg/vial,31
21434,Zerotil,allopathic,38,316,1.5 gm/vial,31
21435,Zerotil,allopathic,75,316,125 mg/5 ml,31
21436,Zerotil,allopathic,92,316,250 mg,31
21437,Zerotil,allopathic,92,316,500 mg,31
21438,Zerotil Plus,allopathic,92,317,250 mg+62.5 mg,31
21439,Zerotil Plus,allopathic,92,317,500 mg+125 mg,31
21440,Zerova,herbal,92,1507,,106
21441,Zervin,allopathic,62,325,0.24%,106
21442,Zesprin,allopathic,92,391,75 mg+75 mg,239
21443,Zest,allopathic,92,178,6 mg+200 mg+50 mg,113
21444,Zesup,allopathic,91,1703,10 mg/5 ml,217
21445,ZFC,allopathic,8,286,50 mg+0.50 mg+61.80 mg,211
21446,Zibac,allopathic,37,142,500 mg/ml,185
21447,Zibac,allopathic,62,143,1%,185
21448,Zibac,allopathic,75,142,200 mg/5 ml,185
21449,Zibac,allopathic,92,142,250 mg,185
21450,Zibac,allopathic,92,142,500 mg,185
21451,Zico,allopathic,91,1703,10 mg/5 ml,84
21452,Zico Plus,allopathic,91,1671,,84
21453,Zicolin,allopathic,20,,,143
21454,Zicovit-B,allopathic,91,1671,,90
21455,Zide,allopathic,92,721,80 mg,179
21456,Zidicef,allopathic,26,313,1 gm/vial,185
21457,Zidicef,allopathic,26,313,250 mg/vial,185
21458,Zidicef,allopathic,26,313,500 mg/vial,185
21459,Zidim,allopathic,26,313,1 gm/vial,171
21460,Zidim,allopathic,26,313,250 mg/vial,171
21461,Zidim,allopathic,26,313,500 mg/vial,171
21462,Zidimax,allopathic,26,313,1 gm/vial,37
21463,Zidimax,allopathic,26,313,250 mg/vial,37
21464,Zidimax,allopathic,26,313,500 mg/vial,37
21465,Zido,allopathic,91,1703,10 mg/5 ml,158
21466,Zido-B,allopathic,91,1671,,158
21467,Zif,allopathic,8,641,150 mg+0.5 mg+61.8 mg,217
21468,Zif Forte,allopathic,2,287,,217
21469,Zifa TR,allopathic,8,641,150 mg+0.5 mg+61.8 mg,229
21470,Zif-CI,allopathic,8,286,50 mg+0.50 mg+61.80 mg,217
21471,Zifef TR,allopathic,8,641,150 mg+0.5 mg+61.8 mg,150
21472,Zifex SR,allopathic,7,641,150 mg+0.5 mg+61.8 mg,205
21473,Ziflu,allopathic,91,1703,10 mg/5 ml,106
21474,Ziflu,allopathic,92,1703,20 mg,106
21475,Zifocap,allopathic,8,286,50 mg+0.50 mg+61.80 mg,161
21476,Zifolet,allopathic,92,684,5 mg+20 mg,217
21477,Zifonyl,allopathic,8,286,50 mg+0.50 mg+61.80 mg,120
21478,Zifort,allopathic,91,1703,10 mg/5 ml,74
21479,Zifov,allopathic,2,856,,18
21480,Zikid,allopathic,91,1703,10 mg/5 ml,89
21481,Zilapro,allopathic,2,311,250 mg,35
21482,Zilapro,allopathic,2,311,500 mg,35
21483,Zilapro,allopathic,75,311,250 mg/5 ml,35
21484,Zilas,allopathic,92,198,20 mg,101
21485,Zilic-TR,allopathic,8,641,150 mg+0.5 mg+61.8 mg,61
21486,Ziliron B,allopathic,2,859,,217
21487,Zilon,allopathic,4,1199,20 mg,191
21488,Zilon,allopathic,4,1199,40 mg,191
21489,Zilsart,allopathic,92,140,40 mg,4
21490,Zilvit,allopathic,2,287,,73
21491,Zimax,allopathic,2,142,250 mg,217
21492,Zimax,allopathic,37,142,500 mg/vial,217
21493,Zimax,allopathic,75,142,200 mg/5 ml,217
21494,Zimax,allopathic,92,142,500 mg,217
21495,Zimobin TR,allopathic,8,641,150 mg+0.5 mg+61.8 mg,21
21496,Zimon,allopathic,91,1703,10 mg/5 ml,239
21497,Zimon,allopathic,92,1703,20 mg,239
21498,Zimon Plus,allopathic,91,1674,(25 mcg+100 mg+1 mg)/5 ml,239
21499,Zinal,allopathic,91,324,5 mg/5 ml,229
21500,Zinc Kid,allopathic,14,1703,20 mg,14
21501,Zinc Plus,allopathic,91,1671,,215
21502,Zinc Sulphate,allopathic,91,1703,10 mg/5 ml,19
21503,Zinca,allopathic,91,1703,10 mg/5 ml,21
21504,Zinca Plex,allopathic,91,1671,,21
21505,Zinc-Ag,allopathic,91,1703,10 mg/5 ml,211
21506,Zincare,allopathic,14,1703,20 mg,113
21507,Zincase,allopathic,91,1703,10 mg/5 ml,194
21508,Zincep,allopathic,91,1703,10 mg/5 ml,63
21509,ZincFast,allopathic,92,1696,60 mg,155
21510,Zincin,allopathic,92,361,15 mg,25
21511,Zincoral,allopathic,91,1703,10 mg/5 ml,240
21512,Zincoral DT,allopathic,14,1703,20 mg,240
21513,Zinc-R,allopathic,92,1703,20 mg,191
21514,Zinc-S,allopathic,91,1703,10 mg/5 ml,16
21515,ZincTab,allopathic,92,1703,20 mg,105
21516,Zinex,allopathic,75,142,200 mg/5 ml,9
21517,Zinex,allopathic,92,142,250 mg,9
21518,Zinex,allopathic,92,142,500 mg,9
21519,Zinfo,allopathic,2,684,500 mg+22.5 mg,133
21520,Zinga,allopathic,91,1703,10 mg/5 ml,37
21521,Zinga,allopathic,92,1703,20 mg,37
21522,Zinnat,allopathic,75,316,125 mg/5 ml,88
21523,Zinnat,allopathic,92,316,125 mg,88
21524,Zinnat,allopathic,92,316,250 mg,88
21525,Zinnat,allopathic,92,316,500 mg,88
21526,Zinofa,allopathic,91,1703,10 mg/5 ml,141
21527,Zinofa-B,allopathic,91,1671,,141
21528,Zinon,allopathic,91,1703,10 mg/5 ml,135
21529,Zinon,allopathic,92,1703,20 mg,135
21530,Zinoret,allopathic,92,1696,60 mg,165
21531,Zinpro,allopathic,91,1703,10 mg/5 ml,120
21532,Zins,allopathic,91,1703,10 mg/5 ml,107
21533,Zinsul,allopathic,91,1703,4.05 mg/5 ml,
21534,Zinta-20,allopathic,91,1703,20 mg/5 ml,145
21535,Zinton,allopathic,91,1703,10 mg/5 ml,140
21536,Zipol,allopathic,91,1703,10 mg/5 ml,20
21537,Zipol Plus,allopathic,91,1671,,20
21538,Zipradon,allopathic,2,1704,20 mg,66
21539,Zipradon,allopathic,2,1704,40 mg,66
21540,Ziqui,allopathic,91,1703,10 mg/5 ml,143
21541,Zirgan,allopathic,60,703,0.15%,105
21542,Ziron-F,allopathic,8,641,150 mg+0.5 mg+61.8 mg,54
21543,Zis-DS,allopathic,91,1703,10 mg/5 ml,4
21544,Ziska Oral Saline,allopathic,67,1205,13.95 gm,240
21545,Ziskavit,allopathic,92,1669,,240
21546,Ziskavit-M,allopathic,92,1110,,240
21547,Zismo,allopathic,91,1703,10 mg/5 ml,119
21548,Zismo-B,allopathic,91,1671,,119
21549,Zispin,allopathic,92,1073,15 mg,165
21550,Zistacin,allopathic,91,345,2 mg/5 ml,239
21551,Zistacin,allopathic,92,345,4 mg,239
21552,Zisul,allopathic,91,1703,10 mg/5 ml,134
21553,Zisulmet,allopathic,91,1703,10 mg/5 ml,136
21554,Zita,allopathic,62,143,1%,119
21555,Zita,allopathic,75,142,200 mg/5 ml,119
21556,Zita,allopathic,92,142,500 mg,119
21557,Ziten,allopathic,91,899,1 mg/5 ml,179
21558,Ziten,allopathic,92,899,1 mg,179
21559,Zithracin,allopathic,75,142,200 mg/5 ml,221
21560,Zithracin,allopathic,92,142,500 mg,221
21561,Zithrin,allopathic,2,142,250 mg,196
21562,Zithrin,allopathic,37,142,500 mg/vial,196
21563,Zithrin,allopathic,75,142,200 mg/5 ml,196
21564,Zithrin,allopathic,92,142,250 mg,196
21565,Zithrin,allopathic,92,142,500 mg,196
21566,Zithro,allopathic,2,142,250 mg,179
21567,Zithro,allopathic,2,142,500 mg,179
21568,Zithro,allopathic,75,142,200 mg/5 ml,179
21569,Zithrolex,allopathic,92,142,500 mg,148
21570,Zithrox,allopathic,75,142,200 mg/5 ml,73
21571,Zithrox,allopathic,92,142,250 mg,73
21572,Zithrox,allopathic,92,142,500 mg,73
21573,Ziton,allopathic,91,1703,10 mg/5 ml,66
21574,Zitrex,allopathic,75,142,200 mg/5 ml,135
21575,Zitrex,allopathic,92,142,500 mg,135
21576,Zitum,allopathic,26,313,1 gm/vial,2
21577,Zitum,allopathic,26,313,250 mg/vial,2
21578,Zitum,allopathic,26,313,500 mg/vial,2
21579,Zivit,allopathic,91,1671,,9
21580,Zivit-I,allopathic,91,861,,9
21581,Zixin,allopathic,75,142,200 mg/5 ml,164
21582,Zixin,allopathic,92,142,500 mg,164
21583,Zixol,allopathic,91,1703,10 mg/5 ml,229
21584,Zixol,allopathic,92,1703,20 mg,229
21585,Z-Lidocaine,allopathic,22,958,2%,240
21586,Z-Lidocaine,allopathic,30,957,2%,240
21587,Z-Lidocaine Plus,allopathic,30,955,2%+0.00125%,240
21588,ZMS,allopathic,91,1703,10 mg/5 ml,207
21589,Zn,allopathic,91,1703,10 mg/5 ml,17
21590,Zn-B,allopathic,91,1671,,17
21591,ZnF,allopathic,92,684,5 mg+20 mg,25
21592,Zoana,allopathic,75,1165,100 mg/5 ml,171
21593,Zoana,allopathic,92,1165,500 mg,171
21594,Zoben,allopathic,9,34,400 mg,17
21595,Zoben,allopathic,70,34,200 mg/5 ml,17
21596,Zocare,allopathic,62,99,0.05%+0.04%,101
21597,Zocil,allopathic,92,356,100 mg,35
21598,Zocil,allopathic,92,356,50 mg,35
21599,Zoclast,allopathic,37,1705,4 mg/5 ml,101
21600,Zocort,allopathic,11,786,1%,2
21601,Zodef,allopathic,92,456,24 mg,196
21602,Zodef,allopathic,92,456,6 mg,196
21603,Zodin,allopathic,91,1368,75 mg/5 ml,215
21604,Zodin,allopathic,92,1368,150 mg,215
21605,Zofen,allopathic,92,1289,0.5 mg,25
21606,Zofen TS,allopathic,92,1289,1.5 mg,25
21607,Zofra,allopathic,26,1201,8 mg/4 ml,73
21608,Zofra,allopathic,69,1201,4 mg/5 ml,73
21609,Zofra ODT,allopathic,14,1201,4 mg,73
21610,Zofra ODT,allopathic,14,1201,8 mg,73
21611,Zoladin,allopathic,63,221,1%+0.2%,25
21612,Zolamid,allopathic,63,220,1%,106
21613,Zolamid Plus,allopathic,63,221,1%+0.2%,106
21614,Zolat,allopathic,4,1199,20 mg,14
21615,Zolat,allopathic,4,1199,40 mg,14
21616,Zolax,allopathic,92,53,0.25 mg,35
21617,Zolax,allopathic,92,53,0.5 mg,35
21618,Zolecon,allopathic,11,543,1%,5
21619,Zoledron,allopathic,37,1706,5 mg/100 ml,165
21620,Zolen,allopathic,2,652,150 mg,20
21621,Zolen,allopathic,2,652,50 mg,20
21622,Zolenic,allopathic,37,1706,5 mg/100 ml,106
21623,Zoleta,allopathic,92,932,2.5 mg,161
21624,Zolfin,allopathic,92,9,100 mg,35
21625,Zolibac,allopathic,26,300,1 gm/vial,217
21626,Zolibac,allopathic,26,300,500 mg/vial,217
21627,Zolium,allopathic,92,53,0.25 mg,106
21628,Zolium,allopathic,92,53,0.5 mg,106
21629,Zolium XR,allopathic,96,53,1 mg,106
21630,Zolium XR,allopathic,96,53,2 mg,106
21631,Zolivox,allopathic,92,964,400 mg,217
21632,Zolivox,allopathic,92,964,600 mg,217
21633,Zolmit,allopathic,92,1707,2.5 mg,35
21634,Zolomide,allopathic,2,1551,100 mg,225
21635,Zolomide,allopathic,2,1551,250 mg,225
21636,Zolonac,allopathic,92,9,100 mg,210
21637,Zolopt,allopathic,63,220,1%,73
21638,Zolopt BR,allopathic,63,221,1%+0.2%,73
21639,Zoltero,allopathic,37,1706,5 mg/100 ml,35
21640,Zolvo,allopathic,75,1684,200 mg/5 ml,224
21641,Zolvo,allopathic,92,1684,200 mg,224
21642,Zolvo,allopathic,92,1684,50 mg,224
21643,Zometa,allopathic,37,1705,4 mg/5 ml,156
21644,Zomitan,allopathic,92,1707,2.5 mg,106
21645,Zo-MUPS,allopathic,49,587,20 mg,76
21646,Zo-MUPS,allopathic,49,587,40 mg,76
21647,Zonyra,allopathic,11,1617,0.01%,240
21648,Zopan,allopathic,95,1237,20 mg,119
21649,Zopan,allopathic,95,1237,40 mg,119
21650,Zopanib,allopathic,92,1246,200 mg,31
21651,Zopanib,allopathic,92,1246,400 mg,31
21652,Zopilone,allopathic,92,594,2 mg,106
21653,Zopime,allopathic,26,303,1 gm/vial,101
21654,Zopime,allopathic,26,303,500 mg/vial,101
21655,Zorate,allopathic,92,1696,60 mg,106
21656,Zorep,allopathic,92,1368,150 mg,17
21657,Zosert,allopathic,92,1448,100 mg,219
21658,Zosert,allopathic,92,1448,25 mg,219
21659,Zosert,allopathic,92,1448,50 mg,219
21660,Zostiva,allopathic,92,1642,1 gm,229
21661,Zostiva,allopathic,92,1642,500 mg,229
21662,Zoton,allopathic,4,917,15 mg,84
21663,Zoton,allopathic,4,917,30 mg,84
21664,Zoventa,allopathic,2,314,200 mg,101
21665,Zoventa,allopathic,2,314,400 mg,101
21666,Zoventa,allopathic,75,314,90 mg/5 ml,101
21667,Zoventa DS,allopathic,75,314,180 mg/5 ml,101
21668,Zovia Gold,allopathic,91,1104,,165
21669,Zovia Gold,allopathic,92,1100,,165
21670,Zovia Kids,allopathic,91,1097,,165
21671,Zovia Silver,allopathic,92,1103,,165
21672,Zovia Teen B,allopathic,92,1105,,165
21673,Zovia Teen G,allopathic,92,1106,,165
21674,Zox,allopathic,75,1165,100 mg/5 ml,217
21675,Zox,allopathic,92,1165,500 mg,217
21676,Zoxan,allopathic,75,1165,100 mg/5 ml,165
21677,Zoxan,allopathic,92,1165,500 mg,165
21678,Zoxanid,allopathic,75,1165,100 mg/5 ml,212
21679,Zoxanid,allopathic,92,1165,500 mg,212
21680,Z-Plex,allopathic,91,1671,,4
21681,ZS,allopathic,91,1703,10 mg/5 ml,61
21682,Z-sil,allopathic,91,1703,10 mg/5 ml,212
21683,ZT,allopathic,92,1703,20 mg,31
21684,Zukast,allopathic,92,1693,20 mg,35
21685,Zulfidin,allopathic,92,1516,500 mg,229
21686,Zunami,allopathic,92,142,500 mg,161
21687,Zunex,allopathic,11,1264,5% w/w,197
21688,Zuracin,allopathic,75,580,125 mg/5 ml,197
21689,Zuvas,allopathic,92,128,10 mg,34
21690,Zuvas,allopathic,92,128,20 mg,34
21691,Zybex SR,allopathic,100,237,150 mg,35
21692,Zycin,allopathic,75,142,200 mg/5 ml,89
21693,Zycin,allopathic,92,142,500 mg,89
21694,Zydol,allopathic,2,1604,50 mg,158
21695,Zydol,allopathic,26,1604,100 mg/2 ml,158
21696,Zydol SR,allopathic,7,1604,100 mg,158
21697,Zydus,allopathic,92,1090,400 mg,101
21698,Zylomax,allopathic,92,142,500 mg,11
21699,Zym,allopathic,91,1703,4.05 mg/5 ml,98
21700,Zym DS,allopathic,91,1703,10 mg/5 ml,98
21701,Zymar,allopathic,62,706,0.30%,
21702,Zymarin,allopathic,62,706,0.50%,73
21703,Zymet,allopathic,92,1235,325 mg,35
21704,Zymet Pro,allopathic,2,1235,325 mg,35
21705,Zypred,allopathic,63,985,0.5%+0.3%,25
21706,Zytec,allopathic,92,324,10 mg,63
21707,Zytiga,allopathic,92,5,250 mg,112
21708,Zytix,allopathic,92,5,250 mg,31
